Date,Open,High,Low,Close,Volume,Bars,PrevClose,return_pct,gap_pct,intraday_pct,range_pct,close_position,volume_ratio20,pre5_pct,pre20_pct,post1_pct,post5_pct,post20_pct,first15_pct,first60_pct,first30_volume_share,high_time,low_time,max_15m_up_pct,max_15m_up_time,max_15m_down_pct,max_15m_down_time,nifty_return_pct,abnormal_vs_nifty_pct,path_type
2023-11-22,389.6500,469.3500,386.0000,469.3500,15950020,375,389.8000,20.4079,-0.0385,20.4543,21.5933,1.0000,11.7888,2.0285,-0.4851,-1.9815,-3.7605,-3.3024,-0.7443,-0.5133,0.0129,12:28,10:47,14.0306,12:30,-0.6679,09:33,,,intraday_accumulation
2022-07-21,203.3000,223.3500,203.3000,222.5000,10376488,375,203.5000,9.3366,-0.0983,9.4442,9.8623,0.9576,8.8290,0.7675,15.8554,2.8090,-0.8989,2.9438,1.2297,3.1235,0.0670,15:09,09:15,2.7487,14:44,-0.7409,11:25,,,intraday_accumulation
2026-01-28,535.2000,583.6500,535.2000,581.9500,12146380,375,535.5000,8.6741,-0.0560,8.7351,9.0527,0.9649,3.9783,-8.9053,-18.2630,1.4176,13.3946,24.2031,2.9522,4.2601,0.2153,15:04,09:15,1.4777,09:30,-0.7749,09:46,0.4516,8.2226,intraday_accumulation
2026-02-03,658.3500,669.1500,650.8000,659.9000,14403374,375,607.8000,8.5719,8.3169,0.2354,2.8196,0.4959,3.6031,13.5014,-6.6646,1.1138,3.0459,3.8642,0.3418,-0.8126,0.3968,09:15,10:05,1.1096,10:48,-1.3896,10:08,2.5315,6.0404,positive_gap_repricing
2025-01-29,574.9500,630.0000,574.9500,618.0000,11393589,375,573.9000,7.6843,0.1830,7.4876,9.5747,0.7820,3.6142,-12.9069,-21.0591,0.2427,-2.2330,-3.2362,5.4353,7.2441,0.2594,15:10,09:15,3.5503,09:34,-1.8502,15:29,0.8700,6.8142,intraday_accumulation
2024-03-21,510.0000,549.9500,510.0000,544.4000,18507604,375,506.0500,7.5783,0.7806,6.7451,7.8333,0.8611,7.0202,9.8437,18.3743,-1.8920,-5.4188,-0.1194,5.4902,3.1373,0.2957,15:19,09:15,3.9907,09:30,-2.3435,09:42,,,intraday_accumulation
2022-05-11,160.0500,173.4000,157.8000,172.0000,3276830,375,160.7500,6.9984,-0.4355,7.4664,9.8859,0.9103,2.1771,-14.2895,-24.3173,-3.0233,2.1221,3.4884,1.7807,-0.5936,0.0745,14:42,10:45,3.6991,13:34,-2.5596,15:03,,,intraday_accumulation
2024-06-03,700.0000,700.0000,661.8000,687.9000,5282434,375,643.7000,6.8666,8.7463,-1.7286,5.7721,0.6832,1.3567,-0.9845,17.3030,-7.7555,-4.8408,4.6664,-5.0571,-3.6571,0.1892,09:15,09:33,1.7494,12:17,-1.9332,09:38,,,positive_gap_fade
2023-01-09,272.0000,291.4000,271.1000,288.8000,6438627,375,270.5000,6.7652,0.5545,6.1765,7.4880,0.8719,6.5573,0.5576,-2.3466,0.1212,5.1247,9.3144,2.1324,2.9044,0.0392,15:19,09:15,1.8352,14:52,-1.8172,10:55,,,intraday_accumulation
2022-04-07,204.9000,214.8000,201.9000,212.4000,8877044,375,199.0000,6.7337,2.9648,3.6603,6.3893,0.8140,5.9347,5.4584,24.2585,-0.1883,-6.7090,-24.3173,-0.6833,-0.0488,0.1973,13:07,10:30,3.0318,13:09,-3.1367,13:45,,,intraday_accumulation
2026-08-04,846.6000,882.8000,846.4500,880.0500,8480001,375,826.1000,6.5307,2.4815,3.9511,4.2944,0.9243,2.1312,-5.8468,-10.5081,1.0738,0.1079,,2.0139,3.0829,0.1989,14:25,09:15,1.0964,09:45,-0.4987,10:58,-0.6434,7.1741,intraday_accumulation
2024-07-05,724.8000,782.3500,721.8500,770.1000,7998712,375,723.2000,6.4851,0.2212,6.2500,8.3812,0.7975,3.6387,3.7292,15.2694,0.1169,-5.6032,-10.0312,0.1173,1.7936,0.0275,12:00,09:16,2.1363,11:44,-1.5000,13:32,0.0498,6.4353,intraday_accumulation
2022-09-20,242.5000,255.9500,242.0000,254.5000,4367877,375,239.2000,6.3963,1.3796,4.9485,5.7645,0.8961,2.7934,4.4541,1.8089,2.6326,-5.0688,1.5717,1.0309,4.4742,0.2494,11:24,09:15,2.3718,09:51,-1.4325,10:16,,,intraday_accumulation
2026-05-27,882.5500,938.0000,882.0000,937.0000,9250786,375,880.7500,6.3866,0.2044,6.1696,6.3492,0.9821,3.2858,7.4741,7.4085,-1.6916,0.4269,0.5229,2.6004,3.8921,0.1759,15:01,09:15,2.1675,09:31,-0.6826,13:15,-0.0547,6.4413,intraday_accumulation
2021-09-28,107.0000,113.1500,106.5500,113.1500,2133964,374,106.5000,6.2441,0.4695,5.7477,6.1943,1.0000,1.3577,16.6484,26.4846,3.4909,6.2749,39.9028,1.6822,3.5981,0.0602,15:17,09:17,4.0460,15:17,-1.5213,10:39,,,positive_expansion
2022-04-26,188.4000,203.4000,188.4000,199.7500,3640868,375,188.5000,5.9682,-0.0531,6.0244,7.9618,0.7567,2.4356,-4.8700,2.7808,-1.6270,-8.7860,-16.8461,1.1677,4.0340,0.0205,13:53,09:15,2.9020,10:08,-2.1160,14:39,,,intraday_accumulation
2025-05-12,629.9000,650.0000,624.5000,644.9500,2929291,375,609.0000,5.9031,3.4319,2.3893,4.0833,0.8020,1.1514,-1.8454,12.8614,1.0001,7.9696,7.6207,0.9763,1.1986,0.2444,14:50,09:16,1.8874,09:34,-0.5713,15:17,3.6674,2.2357,positive_expansion
2023-03-29,289.0000,308.0500,287.4000,305.0000,2921284,375,288.1000,5.8660,0.3124,5.5363,7.1851,0.8523,1.6179,-2.1732,-6.8843,-1.8033,-5.9016,1.9672,0.2768,0.4152,0.0710,15:06,09:15,3.2139,15:07,-1.5385,15:15,,,positive_expansion
2022-03-09,163.0000,169.5000,161.2500,169.5000,1251611,375,160.1500,5.8383,1.7796,3.9877,5.1163,1.0000,0.9903,-7.8539,-10.6306,-1.6224,-0.7375,25.3097,0.1227,0.4908,0.1163,14:12,11:24,2.3802,11:39,-0.8791,09:35,,,positive_expansion
2021-09-21,89.1000,96.5000,89.1000,96.5000,2874187,375,91.3000,5.6955,-2.4096,8.3053,8.3053,1.0000,2.9574,1.8973,12.7160,4.9741,17.2539,41.8135,2.8620,2.2447,0.0324,14:25,09:15,2.4259,12:41,-1.4085,10:07,,,intraday_accumulation
2022-05-05,180.5000,185.0000,170.5500,174.0000,1610797,375,182.2000,-4.5005,-0.9330,-3.6011,8.4726,0.2388,1.0057,-8.7860,-3.2138,-2.2989,-4.1379,5.1724,1.2188,1.6898,0.1028,10:27,15:20,0.9909,12:34,-1.6520,14:09,,,negative_expansion
2021-10-28,158.6500,158.6500,150.3500,151.0000,1427866,375,158.3000,-4.6115,0.2211,-4.8219,5.5205,0.0783,0.7521,15.6741,39.9028,-1.9868,7.9470,-1.9868,-1.0085,-2.9940,0.2365,09:15,14:40,1.8954,11:06,-2.4841,09:45,,,negative_expansion
2021-09-27,112.8000,112.8000,105.9500,106.5000,4019397,375,111.6500,-4.6126,1.0300,-5.5851,6.4653,0.0803,3.0350,21.3587,33.7126,6.2441,18.0751,41.5962,-6.0727,-4.4770,0.1860,09:15,09:22,2.8787,09:45,-4.7640,09:30,,,intraday_distribution
2022-03-07,166.5000,166.5000,161.3500,161.3500,1252973,359,169.3000,-4.6958,-1.6539,-3.0931,3.1918,0.0000,0.9526,1.9572,-7.1820,-0.7437,5.3610,21.3511,-2.2823,-2.5526,0.2417,09:15,10:21,1.0226,11:16,-1.3944,09:46,,,negative_expansion
2022-07-25,230.8000,231.2500,216.2500,217.6000,2625953,375,228.7500,-4.8743,0.8962,-5.7192,6.9364,0.0900,2.2343,12.6570,22.8848,2.2978,3.4237,5.7904,-1.2132,-1.8198,0.2197,09:15,14:01,0.6875,10:09,-2.3783,14:01,,,intraday_distribution
2021-12-17,180.1000,180.1000,171.1500,171.1500,1770235,375,180.0000,-4.9167,0.0556,-4.9695,5.2293,0.0000,2.0760,14.3220,15.3846,-1.8405,4.0900,9.5530,-1.9989,-2.9428,0.0823,09:15,15:24,1.3506,10:54,-1.8233,09:38,,,intraday_distribution
2025-01-15,643.1500,644.1000,608.3500,609.0500,5274026,375,640.7500,-4.9473,0.3746,-5.3020,5.8766,0.0196,2.7578,-10.6346,-17.0496,2.7830,4.5891,-4.2033,-2.6199,-4.0582,0.1538,09:15,14:31,0.6726,10:52,-1.6819,09:30,0.0916,-5.0389,intraday_distribution
2021-08-10,81.9500,81.9500,77.9000,77.9000,2297533,375,82.1000,-5.1157,-0.1827,-4.9420,5.1990,0.0000,1.8375,4.3202,5.3239,-3.7227,5.3273,18.2285,-0.7932,-2.3795,0.0373,09:15,14:06,1.7588,11:40,-2.5641,14:09,,,negative_expansion
2022-02-21,177.0000,177.0000,168.3000,169.0000,1122761,375,178.2500,-5.1893,-0.7013,-4.5198,5.1693,0.0805,0.7752,4.2398,-0.3912,-0.2367,2.8402,5.8580,-3.3898,-3.6441,0.1571,09:15,12:42,1.7094,15:20,-3.0028,09:30,,,negative_expansion
2022-05-02,196.4000,200.2000,164.5000,187.5500,7578984,375,198.0000,-5.2778,-0.8081,-4.5061,21.7021,0.6457,4.9605,2.4315,4.9285,-2.8526,-14.2895,-2.9592,-0.3564,0.0509,0.0146,12:25,13:10,7.0541,13:25,-12.2304,13:10,,,negative_expansion
2025-01-13,635.0000,643.6000,608.2000,614.7000,7709453,375,651.0000,-5.5760,-2.4578,-3.1969,5.8205,0.1836,4.2805,-11.2837,-16.6453,4.2378,10.6556,0.0651,0.6457,0.2283,0.0725,09:24,15:11,1.9969,15:27,-1.0888,09:48,-1.4876,-4.0885,intraday_distribution
2022-02-24,166.1500,171.0000,166.0500,166.0500,1860788,375,175.9500,-5.6266,-5.5698,-0.0602,2.9810,0.0000,1.2848,5.3593,-3.0579,1.1743,1.9572,7.1966,1.5649,0.6320,0.1888,09:15,12:02,0.9607,10:03,-1.5680,09:42,,,negative_gap_repricing
2024-07-18,730.0000,730.4000,685.9000,688.8500,6148781,375,730.0000,-5.6370,0.0000,-5.6370,6.4878,0.0663,2.9389,-3.5349,6.5382,-1.8437,5.3350,3.8688,-1.9658,-4.6164,0.1491,09:15,14:56,0.6500,09:55,-2.7036,09:40,0.7246,-6.3615,intraday_distribution
2025-04-04,612.5500,619.1500,570.7500,580.9500,4572753,375,615.8000,-5.6593,-0.5278,-5.1588,8.4801,0.2107,1.5876,-2.8707,1.9790,-7.1177,1.2307,3.5373,-1.2489,-3.3712,0.1230,09:15,15:06,1.4428,15:26,-1.8876,09:31,-1.4179,-4.2414,negative_expansion
2025-03-10,635.0000,645.0000,590.0000,593.3500,3888219,375,630.9500,-5.9593,0.6419,-6.5591,9.3220,0.0609,1.3258,10.4411,2.5852,3.2274,7.2049,-6.9689,-0.1575,-2.4094,0.1568,09:16,15:29,0.9020,10:18,-2.0622,10:01,-0.4253,-5.5340,negative_expansion
2025-05-06,638.0000,649.0000,583.5000,596.0000,6468047,375,635.5000,-6.2156,0.3934,-6.5831,11.2254,0.1908,2.7356,0.7371,3.6874,1.9211,9.2953,13.7836,1.0658,1.1129,0.0975,09:36,14:55,3.0557,15:10,-6.8015,14:52,-0.5053,-5.7103,intraday_distribution
2026-07-03,911.4000,926.0000,887.1000,894.4000,24506584,375,957.4000,-6.5803,-4.8047,-1.8653,4.3851,0.1877,7.1379,4.4057,5.5742,3.2089,2.4150,-3.6337,-0.7461,0.3785,0.3466,09:56,12:41,2.6638,09:36,-1.7266,10:47,0.4303,-7.0107,negative_expansion
2023-11-24,467.2500,471.1500,427.3000,428.4000,6422700,375,460.0500,-6.8797,1.5650,-8.3146,10.2621,0.0251,4.7471,15.7358,23.2387,-0.7120,9.3604,8.2283,-1.6479,-2.1616,0.1627,09:15,15:05,0.8800,13:31,-1.7410,14:11,,,intraday_distribution
2025-04-07,520.0000,555.4000,517.7000,539.6000,4728463,375,580.9500,-7.1177,-10.4914,3.7692,7.2822,0.5809,1.5570,-7.4920,-5.0968,2.2517,10.8877,12.8614,6.3173,4.2308,0.1822,09:32,09:15,3.5714,09:32,-1.6120,10:07,-2.9419,-4.1758,negative_gap_recovery
2024-06-04,686.2500,686.2500,549.0000,634.5500,9807296,375,687.9000,-7.7555,-0.2399,-7.5337,25.0000,0.6233,2.2171,5.6682,24.4843,-1.1268,3.9634,13.3874,-6.6885,-4.8087,0.1147,09:15,12:10,5.3415,12:47,-9.1210,12:10,,,negative_expansion
