Date,Close,Return
2021-06-01,34575.30859375,
2021-06-02,34600.37890625,0.0007250929498436864
2021-06-03,34577.0390625,-0.0006745545710131751
2021-06-04,34756.390625,0.00518701332915783
2021-06-07,34630.23828125,-0.003629615776595041
2021-06-08,34599.8203125,-0.0008783644080921915
2021-06-09,34447.140625,-0.004412730647761265
2021-06-10,34466.23828125,0.0005544046879797371
2021-06-11,34479.6015625,0.00038772090939986903
2021-06-14,34393.75,-0.002489923276647543
2021-06-15,34299.328125,-0.002745320734145018
2021-06-16,34033.671875,-0.007745231890019744
2021-06-17,33823.44921875,-0.006176902011105767
2021-06-18,33290.078125,-0.015769269724695167
2021-06-21,33876.96875,0.017629595905311435
2021-06-22,33945.578125,0.002025251299970554
2021-06-23,33874.23828125,-0.002101594602021528
2021-06-24,34196.8203125,0.009522930923838713
2021-06-25,34433.83984375,0.006931040052380544
2021-06-28,34283.26953125,-0.004372742429634369
2021-06-29,34292.2890625,0.00026308842106725905
2021-06-30,34502.51171875,0.006130318564236292
2021-07-01,34633.53125,0.003797391109320314
2021-07-02,34786.3515625,0.0044124958381193125
2021-07-06,34577.37109375,-0.006007542020453838
2021-07-07,34681.7890625,0.003019835385023706
2021-07-08,34421.9296875,-0.007492675032758744
2021-07-09,34870.16015625,0.013021654300594543
2021-07-12,34996.1796875,0.003613964796413738
2021-07-13,34888.7890625,-0.003068638518802569
2021-07-14,34933.23046875,0.0012738019129980849
2021-07-15,34987.01953125,0.0015397677734991788
2021-07-16,34687.8515625,-0.00855082749997571
2021-07-19,33962.0390625,-0.020924112255619076
2021-07-20,34511.98828125,0.016193056539919093
2021-07-21,34798.0,0.008287315017007746
2021-07-22,34823.3515625,0.0007285350451176065
2021-07-23,35061.55078125,0.006840215202218225
2021-07-26,35144.30859375,0.002360358017713615
2021-07-27,35058.51953125,-0.002441051366002922
2021-07-28,34930.9296875,-0.0036393391807737485
2021-07-29,35084.53125,0.0043972938560226105
2021-07-30,34935.46875,-0.004248667281253726
2021-08-02,34838.16015625,-0.0027853810820843705
2021-08-03,35116.3984375,0.007986595158931964
2021-08-04,34792.671875,-0.009218672099195135
2021-08-05,35064.25,0.007805612801905504
2021-08-06,35208.51171875,0.00411421087717545
2021-08-09,35101.8515625,-0.003029385538986018
2021-08-10,35264.671875,0.004638510655487593
2021-08-11,35484.96875,0.006246956608042975
2021-08-12,35499.8515625,0.0004194117403584219
2021-08-13,35515.37890625,0.00043739179367174863
2021-08-16,35625.3984375,0.0030977997317842565
2021-08-17,35343.28125,-0.007918990379712887
2021-08-18,34960.69140625,-0.01082496673253841
2021-08-19,34894.12109375,-0.001904147481708529
2021-08-20,35120.078125,0.006475504301796997
2021-08-23,35335.7109375,0.006139872802461088
2021-08-24,35366.26171875,0.0008645865737366698
2021-08-25,35405.5,0.0011094834269462783
2021-08-26,35213.12109375,-0.005433588178390347
2021-08-27,35455.80078125,0.006891740350248865
2021-08-30,35399.83984375,-0.001578329533304279
2021-08-31,35360.73046875,-0.0011047896027954751
2021-09-01,35312.53125,-0.001363071919359693
2021-09-02,35443.8203125,0.0037179170637902104
2021-09-03,35369.08984375,-0.0021084202574981337
2021-09-07,35100.0,-0.007608051124265769
2021-09-08,35031.0703125,-0.001963808760683805
2021-09-09,34879.37890625,-0.00433019616291519
2021-09-10,34607.71875,-0.007788560598518068
2021-09-13,34869.62890625,0.007567969392666241
2021-09-14,34577.5703125,-0.008375729909120166
2021-09-15,34814.390625,0.006848957586079729
2021-09-16,34751.3203125,-0.0018116161554960764
2021-09-17,34584.87890625,-0.004789498780284673
2021-09-20,33970.46875,-0.017765282854264042
2021-09-21,33919.83984375,-0.0014903799715745292
2021-09-22,34258.3203125,0.009978834520127267
2021-09-23,34764.8203125,0.01478472953080523
2021-09-24,34798.0,0.0009544041131739345
2021-09-27,34869.37109375,0.002051011372780076
2021-09-28,34299.98828125,-0.01632902443147466
2021-09-29,34390.71875,0.0026452040742999117
2021-09-30,33843.921875,-0.015899547752255105
2021-10-01,34326.4609375,0.0142577761608782
2021-10-04,34002.921875,-0.009425354483501347
2021-10-05,34314.671875,0.009168329743721504
2021-10-06,34416.98828125,0.0029817101740827745
2021-10-07,34754.94140625,0.009819369499687314
2021-10-08,34746.25,-0.00025007684945876907
2021-10-11,34496.05859375,-0.007200529733424443
2021-10-12,34378.33984375,-0.003412527540793575
2021-10-13,34377.80859375,-1.5453044050817155e-05
2021-10-14,34912.55859375,0.015555092714583996
2021-10-15,35294.76171875,0.010947439557421168
2021-10-18,35258.609375,-0.0010242977141504683
2021-10-19,35457.30859375,0.00563548087324417
2021-10-20,35609.33984375,0.0042877267347583015
2021-10-21,35603.078125,-0.00017584484232158193
2021-10-22,35677.01953125,0.0020768262224517553
2021-10-25,35741.1484375,0.0017974849663051629
2021-10-26,35756.87890625,0.00044012208442345546
2021-10-27,35490.69140625,-0.007444371772433178
2021-10-28,35730.48046875,0.006756393099114799
2021-10-29,35819.55859375,0.0024930570155055065
2021-11-01,35913.83984375,0.002632116466573464
2021-11-02,36052.62890625,0.003864500791445069
2021-11-03,36157.578125,0.0029110004439039106
2021-11-04,36124.23046875,-0.0009222867785755318
2021-11-05,36327.94921875,0.005639393486215116
2021-11-08,36432.21875,0.0028702289419679783
2021-11-09,36319.98046875,-0.0030807424060605992
2021-11-10,36079.94140625,-0.006609008578805087
2021-11-11,35921.23046875,-0.004398869047844589
2021-11-12,36100.30859375,0.004985300410457638
2021-11-15,36087.44921875,-0.0003562123289502228
2021-11-16,36142.21875,0.0015176891810226856
2021-11-17,35931.05078125,-0.005842695220530714
2021-11-18,35870.94921875,-0.001672691479742694
2021-11-19,35601.98046875,-0.007498233413332889
2021-11-22,35619.25,0.0004850722072935465
2021-11-23,35813.80078125,0.005461956140289326
2021-11-24,35804.37890625,-0.00026307944966663666
2021-11-26,34899.33984375,-0.025277328923083653
2021-11-29,35135.94140625,0.0067795426377490475
2021-11-30,34483.71875,-0.01856283424169136
2021-12-01,34022.0390625,-0.013388338155959523
2021-12-02,34639.7890625,0.018157347913955624
2021-12-03,34580.078125,-0.0017237673529785225
2021-12-06,35227.03125,0.01870883931092915
2021-12-07,35719.4296875,0.013977857912735647
2021-12-08,35754.75,0.000988826328107928
2021-12-09,35754.69140625,-1.6387682755247823e-06
2021-12-10,35970.98828125,0.006049468377237632
2021-12-13,35650.94921875,-0.008897143998315538
2021-12-14,35544.1796875,-0.002994858021728275
2021-12-15,35927.4296875,0.01078235602479749
2021-12-16,35897.640625,-0.0008291453844349039
2021-12-17,35365.44140625,-0.014825465113697867
2021-12-20,34932.16015625,-0.012251543675726007
2021-12-21,35492.69921875,0.016046504424368058
2021-12-22,35753.890625,0.007359017826179315
2021-12-23,35950.55859375,0.005500603299728235
2021-12-27,36302.37890625,0.009786226591793845
2021-12-28,36398.2109375,0.002639827860799082
2021-12-29,36488.62890625,0.0024841322257640464
2021-12-30,36398.078125,-0.0024816164367987836
2021-12-31,36338.30078125,-0.0016423214309477796
2022-01-03,36585.05859375,0.0067905710282227805
2022-01-04,36799.6484375,0.005865504990243631
2022-01-05,36407.109375,-0.010666924255178234
2022-01-06,36236.46875,-0.004687013825853903
2022-01-07,36231.66015625,-0.00013270039592361282
2022-01-10,36068.87109375,-0.004493005890372381
2022-01-11,36252.01953125,0.005077742439566935
2022-01-12,36290.3203125,0.001056514416168941
2022-01-13,36113.62109375,-0.004869045443204212
2022-01-14,35911.80859375,-0.005588265421407113
2022-01-18,35368.46875,-0.015129837928701817
2022-01-19,35028.6484375,-0.009608001830726742
2022-01-20,34715.390625,-0.008942903208467579
2022-01-21,34265.37109375,-0.012963112992481318
2022-01-24,34364.5,0.0028929762931440006
2022-01-25,34297.73046875,-0.0019429798556650502
2022-01-26,34168.08984375,-0.0037798601606634508
2022-01-27,34160.78125,-0.0002139011511448352
2022-01-28,34725.46875,0.0165302864670287
2022-01-31,35131.859375,0.011702955773635226
2022-02-01,35405.23828125,0.007781509749652971
2022-02-02,35629.328125,0.0063292850049443405
2022-02-03,35111.16015625,-0.014543298906229407
2022-02-04,35089.73828125,-0.0006101158407945118
2022-02-07,35091.12890625,3.9630532118861694e-05
2022-02-08,35462.78125,0.010591062622776093
2022-02-09,35768.05859375,0.00860838696203503
2022-02-10,35241.58984375,-0.014718963530550466
2022-02-11,34738.05859375,-0.014287983380786629
2022-02-14,34566.171875,-0.004948080742224525
2022-02-15,34988.83984375,0.01222779225534354
2022-02-16,34934.26953125,-0.0015596490979322697
2022-02-17,34312.03125,-0.017811687194242976
2022-02-18,34079.1796875,-0.006786294894739031
2022-02-22,33596.609375,-0.014160267850490627
2022-02-23,33131.76171875,-0.013836147899969453
2022-02-24,33223.828125,0.002778795979264226
2022-02-25,34058.75,0.02513021292605777
2022-02-28,33892.6015625,-0.004878289352956311
2022-03-01,33294.94921875,-0.01763371108139611
2022-03-02,33891.3515625,0.017912697203158245
2022-03-03,33794.66015625,-0.002852981713393432
2022-03-04,33614.80078125,-0.005322124092043468
2022-03-07,32817.37890625,-0.023722344219418767
2022-03-08,32632.640625,-0.005629282026993865
2022-03-09,33286.25,0.020029313058388176
2022-03-10,33174.0703125,-0.003370150963235563
2022-03-11,32944.19140625,-0.006929475463352541
2022-03-14,32945.23828125,3.177722552338835e-05
2022-03-15,33544.33984375,0.01818476944636238
2022-03-16,34063.1015625,0.015464955374480338
2022-03-17,34480.76171875,0.012261366026333986
2022-03-18,34754.9296875,0.00795133155660288
2022-03-21,34552.98828125,-0.005810439211523688
2022-03-22,34807.4609375,0.007364707624668343
2022-03-23,34358.5,-0.012898411013263833
2022-03-24,34707.94140625,0.010170449997817244
2022-03-25,34861.23828125,0.004416766560876972
2022-03-28,34955.890625,0.0027151170875334696
2022-03-29,35294.19140625,0.009677933395524807
2022-03-30,35228.80859375,-0.0018525091493786228
2022-03-31,34678.3515625,-0.01562519577649457
2022-04-01,34818.26953125,0.004034735287167024
2022-04-04,34921.87890625,0.0029757186785808187
2022-04-05,34641.1796875,-0.008037918563991164
2022-04-06,34496.51171875,-0.004176184819773998
2022-04-07,34583.5703125,0.002523692669559985
2022-04-08,34721.12109375,0.003977344733556487
2022-04-11,34308.078125,-0.01189601475236779
2022-04-12,34220.359375,-0.002556795798365652
2022-04-13,34564.58984375,0.010059230091004956
2022-04-14,34451.23046875,-0.003279638945882013
2022-04-18,34411.69140625,-0.0011476821571254625
2022-04-19,34911.19921875,0.01451564256470328
2022-04-20,35160.7890625,0.007149277290249945
2022-04-21,34792.76171875,-0.010466981929666441
2022-04-22,33811.3984375,-0.02820596103243911
2022-04-25,34049.4609375,0.007040894816582544
2022-04-26,33240.1796875,-0.02376781387186977
2022-04-27,33301.9296875,0.0018576915221435453
2022-04-28,33916.390625,0.018451211184036476
2022-04-29,32977.2109375,-0.02769102696935344
2022-05-02,33061.5,0.0025559791172076185
2022-05-03,33128.7890625,0.002035269497754122
2022-05-04,34061.05859375,0.028140766916991744
2022-05-05,32997.96875,-0.031211297817533845
2022-05-06,32899.37109375,-0.0029879916850942267
2022-05-09,32245.69921875,-0.019868825854977512
2022-05-10,32160.740234375,-0.002634738474692422
2022-05-11,31834.109375,-0.010156198426859664
2022-05-12,31730.30078125,-0.0032609234493465866
2022-05-13,32196.66015625,0.014697603348140298
2022-05-16,32223.419921875,0.0008311348287410869
2022-05-17,32654.58984375,0.013380638148289714
2022-05-18,31490.0703125,-0.03566174117703347
2022-05-19,31253.130859375,-0.0075242592593052215
2022-05-20,31261.900390625,0.0002805968876993248
2022-05-23,31880.240234375,0.019779342779028042
2022-05-24,31928.619140625,0.0015175201282779938
2022-05-25,32120.279296875,0.006002769972790256
2022-05-26,32637.189453125,0.016092953348020522
2022-05-27,33212.9609375,0.017641576803111292
2022-05-31,32990.12109375,-0.006709424196455704
2022-06-01,32813.23046875,-0.005361927120464904
2022-06-02,33248.28125,0.013258395319056593
2022-06-03,32899.69921875,-0.010484212059833964
2022-06-06,32915.78125,0.0004888200084465222
2022-06-07,33180.140625,0.008031386920217765
2022-06-08,32910.8984375,-0.008114558360163726
2022-06-09,32272.7890625,-0.019388998942457047
2022-06-10,31392.7890625,-0.02726755342699938
2022-06-13,30516.740234375,-0.02790605276838809
2022-06-14,30364.830078125,-0.004977928674009702
2022-06-15,30668.529296875,0.01000167687316611
2022-06-16,29927.0703125,-0.024176541926663297
2022-06-17,29888.779296875,-0.0012794775841792339
2022-06-21,30530.25,0.021461923779271475
2022-06-22,30483.130859375,-0.0015433591478942743
2022-06-23,30677.359375,0.006371672139617646
2022-06-24,31500.6796875,0.026838043732373862
2022-06-27,31438.259765625,-0.0019815420649406112
2022-06-28,30946.990234375,-0.015626486164070696
2022-06-29,31029.310546875,0.0026600426043550396
2022-06-30,30775.4296875,-0.008181969076994755
2022-07-01,31097.259765625,0.010457370746498995
2022-07-05,30967.8203125,-0.004162407044883243
2022-07-06,31037.6796875,0.002255869941605315
2022-07-07,31384.55078125,0.011175806221419782
2022-07-08,31338.150390625,-0.001478446862228866
2022-07-11,31173.83984375,-0.005243147563812611
2022-07-12,30981.330078125,-0.0061753626306512155
2022-07-13,30772.7890625,-0.0067311834288303896
2022-07-14,30630.169921875,-0.004634586105774718
2022-07-15,31288.259765625,0.021485020991673043
2022-07-18,31072.609375,-0.0068923740802588895
2022-07-19,31827.05078125,0.02427995013695239
2022-07-20,31874.83984375,0.0015015234313873194
2022-07-21,32036.900390625,0.005084277996985076
2022-07-22,31899.2890625,-0.004295400817404538
2022-07-25,31990.0390625,0.0028448909887048845
2022-07-26,31761.5390625,-0.007142848420834125
2022-07-27,32197.58984375,0.013728893313133872
2022-07-28,32529.630859375,0.01031260467744155
2022-07-29,32845.12890625,0.009698789643168393
2022-08-01,32798.3984375,-0.001422751875426731
2022-08-02,32396.169921875,-0.012263663312447326
2022-08-03,32812.5,0.012851212940572898
2022-08-04,32726.8203125,-0.002611190476190517
2022-08-05,32803.46875,0.002342067966521144
2022-08-08,32832.5390625,0.000886196295932784
2022-08-09,32774.41015625,-0.0017704663699431578
2022-08-10,33309.51171875,0.016326809847955648
2022-08-11,33336.671875,0.0008153874028333785
2022-08-12,33761.05078125,0.012730092189204179
2022-08-15,33912.44140625,0.004484179890635431
2022-08-16,34152.01171875,0.00706437822125805
2022-08-17,33980.3203125,-0.0050272706528657896
2022-08-18,33999.0390625,0.0005508703222292244
2022-08-19,33706.73828125,-0.008597324786523197
2022-08-22,33063.609375,-0.019080128753002246
2022-08-23,32909.58984375,-0.00465827942446162
2022-08-24,32969.23046875,0.0018122567094627229
2022-08-25,33291.78125,0.009783388227873058
2022-08-26,32283.400390625,-0.030289183141109288
2022-08-29,32098.990234375,-0.005712228390400642
2022-08-30,31790.869140625,-0.009599089924642867
2022-08-31,31510.4296875,-0.00882138364586682
2022-09-01,31656.419921875,0.0046330765979021304
2022-09-02,31318.439453125,-0.01067652215835213
2022-09-06,31145.30078125,-0.005528330111535085
2022-09-07,31581.279296875,0.01399821175872118
2022-09-08,31774.51953125,0.006118822247777711
2022-09-09,32151.7109375,0.011870876784746853
2022-09-12,32381.33984375,0.00714204313096678
2022-09-13,31104.970703125,-0.03941681063179836
2022-09-14,31135.08984375,0.0009683063492476052
2022-09-15,30961.8203125,-0.005565088526146678
2022-09-16,30822.419921875,-0.0045023318790051725
2022-09-19,31019.6796875,0.0063998792478003885
2022-09-20,30706.23046875,-0.010104850272722565
2022-09-21,30183.779296875,-0.017014500441749236
2022-09-22,30076.6796875,-0.003548250479888937
2022-09-23,29590.41015625,-0.01616766000444181
2022-09-26,29260.810546875,-0.01113873067776261
2022-09-27,29134.990234375,-0.004299959917324903
2022-09-28,29683.740234375,0.018834741168114677
2022-09-29,29225.609375,-0.015433730916579846
2022-09-30,28725.509765625,-0.017111691426451192
2022-10-03,29490.890625,0.026644639751211896
2022-10-04,30316.3203125,0.02798931025841145
2022-10-05,30273.869140625,-0.0014002745530267147
2022-10-06,29926.939453125,-0.011459707574491995
2022-10-07,29296.7890625,-0.021056292495663098
2022-10-10,29202.880859375,-0.0032054094025342206
2022-10-11,29239.189453125,0.0012433223257952708
2022-10-12,29210.849609375,-0.0009692417703791589
2022-10-13,30038.720703125,0.028341219266840634
2022-10-14,29634.830078125,-0.01344566664445146
2022-10-17,30185.8203125,0.018592657117400435
2022-10-18,30523.80078125,0.011196663375420801
2022-10-19,30423.810546875,-0.0032758120488199927
2022-10-20,30333.58984375,-0.002965463612324082
2022-10-21,31082.560546875,0.024691133063478032
2022-10-24,31499.619140625,0.013417768240844952
2022-10-25,31836.740234375,0.010702386344576986
2022-10-26,31839.109375,7.44153015528326e-05
2022-10-27,32033.279296875,0.006098472152222367
2022-10-28,32861.80078125,0.02586439798112794
2022-10-31,32732.94921875,-0.003921013439212362
2022-11-01,32653.19921875,-0.002436382968947881
2022-11-02,32147.759765625,-0.015479017836474873
2022-11-03,32001.25,-0.004557386477102576
2022-11-04,32403.220703125,0.012561093804929424
2022-11-07,32827.0,0.013078307886664087
2022-11-08,33160.828125,0.010169315654796396
2022-11-09,32513.939453125,-0.019507615112522192
2022-11-10,33715.37109375,0.03695127876943638
2022-11-11,33747.859375,0.0009636044390453069
2022-11-14,33536.69921875,-0.0062569940778651745
2022-11-15,33592.921875,0.0016764516950007469
2022-11-16,33553.828125,-0.0011637496180137985
2022-11-17,33546.3203125,-0.000223754275429644
2022-11-18,33745.69140625,0.005943158352175848
2022-11-21,33700.28125,-0.001345657900539865
2022-11-22,34098.1015625,0.011804658529370515
2022-11-23,34194.05859375,0.002814145857185535
2022-11-25,34347.03125,0.004473661874053292
2022-11-28,33849.4609375,-0.014486559518881226
2022-11-29,33852.53125,9.07049156755324e-05
2022-11-30,34589.76953125,0.0217779366572477
2022-12-01,34395.01171875,-0.005630503329143277
2022-12-02,34429.87890625,0.0010137280308293306
2022-12-05,33947.1015625,-0.014022045940520589
2022-12-06,33596.33984375,-0.010332596970148211
2022-12-07,33597.921875,4.708939299225001e-05
2022-12-08,33781.48046875,0.005463391290476904
2022-12-09,33476.4609375,-0.009029193718497974
2022-12-12,34005.0390625,0.015789546152648715
2022-12-13,34108.640625,0.00304665324187936
2022-12-14,33966.3515625,-0.004171642724328017
2022-12-15,33202.21875,-0.022496758625781488
2022-12-16,32920.4609375,-0.008486113973934395
2022-12-19,32757.5390625,-0.004948954855441112
2022-12-20,32849.73828125,0.0028145953996754347
2022-12-21,33376.48046875,0.01603489753830556
2022-12-22,33027.48828125,-0.010456230932640032
2022-12-23,33203.9296875,0.005342259294666585
2022-12-27,33241.55859375,0.0011332666525964985
2022-12-28,32875.7109375,-0.011005731130753427
2022-12-29,33220.80078125,0.010496802469338151
2022-12-30,33147.25,-0.0022139978423251216
2023-01-03,33136.37109375,-0.00032819936042960407
2023-01-04,33269.76953125,0.004025740692080726
2023-01-05,32930.078125,-0.010210212184696088
2023-01-06,33630.609375,0.02127329450421711
2023-01-09,33517.6484375,-0.003358872753104869
2023-01-10,33704.1015625,0.005562834318394216
2023-01-11,33973.01171875,0.007978558803928948
2023-01-12,34189.96875,0.0063861583143145495
2023-01-13,34302.609375,0.0032945518559446274
2023-01-17,33910.8515625,-0.011420641742360127
2023-01-18,33296.9609375,-0.018103073108280965
2023-01-19,33044.55859375,-0.007580341768240406
2023-01-20,33375.48828125,0.010014649963052902
2023-01-23,33629.55859375,0.007612482261202924
2023-01-24,33733.9609375,0.0031044815369478673
2023-01-25,33743.83984375,0.00029284750368629986
2023-01-26,33949.41015625,0.006092084168603407
2023-01-27,33978.078125,0.0008444320127525273
2023-01-30,33717.08984375,-0.007681078379120354
2023-01-31,34086.0390625,0.010942498906630682
2023-02-01,34092.9609375,0.00020307067615887853
2023-02-02,34053.94140625,-0.0011445040318301958
2023-02-03,33926.01171875,-0.003756677853345991
2023-02-06,33891.01953125,-0.0010314264992327127
2023-02-07,34156.69140625,0.007839005101485164
2023-02-08,33949.01171875,-0.006080205047670373
2023-02-09,33699.87890625,-0.007338440793621226
2023-02-10,33869.26953125,0.005026446103003179
2023-02-13,34245.9296875,0.011121000289140204
2023-02-14,34089.26953125,-0.004574562807304394
2023-02-15,34128.05078125,0.0011376380466130431
2023-02-16,33696.8515625,-0.01263474499360806
2023-02-17,33826.69140625,0.003853174339127019
2023-02-21,33129.58984375,-0.020608032696073808
2023-02-22,33045.08984375,-0.0025505899831096412
2023-02-23,33153.91015625,0.0032930856903263805
2023-02-24,32816.921875,-0.010164360090915925
2023-02-27,32889.08984375,0.002199108405867234
2023-02-28,32656.69921875,-0.007065887992159237
2023-03-01,32661.83984375,0.00015741410255709631
2023-03-02,33003.5703125,0.010462682763273445
2023-03-03,33390.96875,0.011738076633280858
2023-03-06,33431.44140625,0.0012120839186493537
2023-03-07,32856.4609375,-0.017198793846875726
2023-03-08,32798.3984375,-0.0017671562409125041
2023-03-09,32254.859375,-0.0165721220667453
2023-03-10,31909.640625,-0.010702844677957901
2023-03-13,31819.140625,-0.0028361334765110158
2023-03-14,32155.400390625,0.010567845611795246
2023-03-15,31874.5703125,-0.008733527641188288
2023-03-16,32246.55078125,0.011670132808162759
2023-03-17,31861.98046875,-0.011925936361653067
2023-03-20,32244.580078125,0.012008029750387061
2023-03-21,32560.599609375,0.009800702334603839
2023-03-22,32030.109375,-0.016292397582944318
2023-03-23,32105.25,0.002345937196787995
2023-03-24,32237.529296875,0.004120176509293749
2023-03-27,32432.080078125,0.006034915996768309
2023-03-28,32394.25,-0.0011664400813599096
2023-03-29,32717.599609375,0.009981697658535182
2023-03-30,32859.03125,0.004322800031591356
2023-03-31,33274.1484375,0.012633275288661983
2023-04-03,33601.1484375,0.009827449096532659
2023-04-04,33402.37890625,-0.005915557666718474
2023-04-05,33482.71875,0.0024052132327307962
2023-04-06,33485.2890625,7.67653463027429e-05
2023-04-10,33586.51953125,0.0030231325929739317
2023-04-11,33684.7890625,0.0029258622989669636
2023-04-12,33646.5,-0.00113668702003622
2023-04-13,34029.69140625,0.011388744928892969
2023-04-14,33886.46875,-0.00420875565811607
2023-04-17,33987.1796875,0.0029720103986934365
2023-04-18,33976.62890625,-0.0003104341503770147
2023-04-19,33897.01171875,-0.0023432927298256967
2023-04-20,33786.62109375,-0.003256647692602921
2023-04-21,33808.9609375,0.0006612038442084245
2023-04-24,33875.3984375,0.0019650855322888017
2023-04-25,33530.828125,-0.010171697703740157
2023-04-26,33301.87109375,-0.006828254595933836
2023-04-27,33826.16015625,0.01574353167796616
2023-04-28,34098.16015625,0.008041113704410296
2023-05-01,34051.69921875,-0.0013625643520676078
2023-05-02,33684.53125,-0.01078266216294499
2023-05-03,33414.23828125,-0.008024246107031674
2023-05-04,33127.73828125,-0.008574189170152846
2023-05-05,33674.37890625,0.016500994434304417
2023-05-08,33618.69140625,-0.0016537053335129448
2023-05-09,33561.80859375,-0.0016919996026205641
2023-05-10,33531.328125,-0.000908189100264245
2023-05-11,33309.51171875,-0.006615198939424638
2023-05-12,33300.62109375,-0.0002669094964545815
2023-05-15,33348.6015625,0.0014408280438651389
2023-05-16,33012.140625,-0.010089206795356187
2023-05-17,33420.76953125,0.01237814023912609
2023-05-18,33535.91015625,0.0034451817422198605
2023-05-19,33426.62890625,-0.0032586337895956774
2023-05-22,33286.578125,-0.004189796752846142
2023-05-23,33055.51171875,-0.006941729047133749
2023-05-24,32799.921875,-0.00773213998091038
2023-05-25,32764.650390625,-0.0010753526947234748
2023-05-26,33093.33984375,0.010031831538146019
2023-05-30,33042.78125,-0.0015277573671533817
2023-05-31,32908.26953125,-0.004070835252404814
2023-06-01,33061.5703125,0.004658427302123069
2023-06-02,33762.76171875,0.02120865402406169
2023-06-05,33562.859375,-0.00592079360732467
2023-06-06,33573.28125,0.00031051809035553823
2023-06-07,33665.01953125,0.0027324788592117955
2023-06-08,33833.609375,0.005007864130110118
2023-06-09,33876.78125,0.0012760055990923558
2023-06-12,34066.328125,0.0055951854930138545
2023-06-13,34212.12109375,0.004279679577295248
2023-06-14,33979.328125,-0.006804400350159168
2023-06-15,34408.05859375,0.01261739099645598
2023-06-16,34299.12109375,-0.0031660461081576274
2023-06-20,34053.87109375,-0.007150328993260735
2023-06-21,33951.51953125,-0.0030055779038520303
2023-06-22,33946.7109375,-0.0001416311792930003
2023-06-23,33727.4296875,-0.006459572781696732
2023-06-26,33714.7109375,-0.0003771040401787662
2023-06-27,33926.73828125,0.0062888673179803956
2023-06-28,33852.66015625,-0.002183473235354949
2023-06-29,34122.421875,0.007968700761030068
2023-06-30,34407.6015625,0.00835754532737143
2023-07-03,34418.46875,0.0003158368211240159
2023-07-05,34288.640625,-0.0037720482553426082
2023-07-06,33922.26171875,-0.010685139438945002
2023-07-07,33734.87890625,-0.005523889121945791
2023-07-10,33944.3984375,0.006210768736780059
2023-07-11,34261.421875,0.00933949199552675
2023-07-12,34347.4296875,0.0025103398456081116
2023-07-13,34395.140625,0.0013890686416446751
2023-07-14,34509.03125,0.003311241731549064
2023-07-17,34585.3515625,0.0022116040275688142
2023-07-18,34951.9296875,0.010599230843079566
2023-07-19,35061.2109375,0.00312661563973915
2023-07-20,35225.1796875,0.00467664252362221
2023-07-21,35227.69140625,7.130463981397384e-05
2023-07-24,35411.23828125,0.005210300978378601
2023-07-25,35438.0703125,0.0007577264324079014
2023-07-26,35520.12109375,0.002315328699516117
2023-07-27,35282.71875,-0.006683601756970692
2023-07-28,35459.2890625,0.00500444179914572
2023-07-31,35559.53125,0.0028269655187760367
2023-08-01,35630.6796875,0.002000826079505691
2023-08-02,35282.51953125,-0.009771358820644171
2023-08-03,35215.890625,-0.0018884395767424511
2023-08-04,35065.62109375,-0.004267094444668773
2023-08-07,35473.12890625,0.011621291732164307
2023-08-08,35314.48828125,-0.004472135103144259
2023-08-09,35123.359375,-0.005412195264669295
2023-08-10,35176.1484375,0.0015029616596859974
2023-08-11,35281.3984375,0.002992084258087724
2023-08-14,35307.62890625,0.0007434645425539177
2023-08-15,34946.390625,-0.010231167949826703
2023-08-16,34765.73828125,-0.005169413507922216
2023-08-17,34474.828125,-0.008367725543366178
2023-08-18,34500.66015625,0.0007493012338259941
2023-08-21,34463.69140625,-0.001071537467183914
2023-08-22,34288.828125,-0.005073840732519153
2023-08-23,34472.98046875,0.005370622264449398
2023-08-24,34099.421875,-0.01083627202146431
2023-08-25,34346.8984375,0.007257500241710568
2023-08-28,34559.98046875,0.006203821624177763
2023-08-29,34852.671875,0.008469084828177431
2023-08-30,34890.23828125,0.0010778630225174446
2023-08-31,34721.91015625,-0.004824504884234582
2023-09-01,34837.7109375,0.0033350924741435417
2023-09-05,34641.96875,-0.00561868682621447
2023-09-06,34443.19140625,-0.0057380498546290015
2023-09-07,34500.73046875,0.0016705496834290567
2023-09-08,34576.58984375,0.0021987759090698056
2023-09-11,34663.71875,0.002519881418142411
2023-09-12,34645.98828125,-0.000511499325213105
2023-09-13,34575.53125,-0.002033627405229166
2023-09-14,34907.109375,0.009589964723969446
2023-09-15,34618.23828125,-0.008275422941691257
2023-09-18,34624.30078125,0.00017512445176293134
2023-09-19,34517.73046875,-0.003077905115638102
2023-09-20,34440.87890625,-0.0022264372963215484
2023-09-21,34070.421875,-0.010756317580001507
2023-09-22,33963.83984375,-0.00312828621967276
2023-09-25,34006.87890625,0.0012672024923565672
2023-09-26,33618.87890625,-0.011409456335867763
2023-09-27,33550.26953125,-0.0020407990162707446
2023-09-28,33666.33984375,0.00345959403968088
2023-09-29,33507.5,-0.004718060961993453
2023-10-02,33433.3515625,-0.002212890770722953
2023-10-03,33002.37890625,-0.012890501134603327
2023-10-04,33129.55078125,0.003853415396546378
2023-10-05,33119.5703125,-0.00030125578266659847
2023-10-06,33407.578125,0.00869600087750233
2023-10-09,33604.6484375,0.0058989703402811955
2023-10-10,33739.30078125,0.004006955882916996
2023-10-11,33804.87109375,0.0019434401716007521
2023-10-12,33631.140625,-0.005139214057885311
2023-10-13,33670.2890625,0.0011640532189056696
2023-10-16,33984.5390625,0.009333154206567107
2023-10-17,33997.6484375,0.00038574526421819577
2023-10-18,33665.078125,-0.009782156348589366
2023-10-19,33414.171875,-0.007453012557059102
2023-10-20,33127.28125,-0.008585896609176413
2023-10-23,32936.41015625,-0.005761749426690388
2023-10-24,33141.37890625,0.0062231660653857546
2023-10-25,33035.9296875,-0.00318179937679397
2023-10-26,32784.30078125,-0.007616825336240196
2023-10-27,32417.58984375,-0.011185565309043577
2023-10-30,32928.9609375,0.01577449453259061
2023-10-31,33052.87109375,0.003762953725906737
2023-11-01,33274.578125,0.0067076481985832714
2023-11-02,33839.078125,0.016964903292819633
2023-11-03,34061.3203125,0.006567619445158934
2023-11-06,34095.859375,0.0010140259444764155
2023-11-07,34152.6015625,0.0016641958448950778
2023-11-08,34112.26953125,-0.0011809358410425075
2023-11-09,33891.94140625,-0.0064589113544074594
2023-11-10,34283.1015625,0.0115413912576241
2023-11-13,34337.87109375,0.0015975664030907222
2023-11-14,34827.69921875,0.01426495322504584
2023-11-15,34991.2109375,0.004694875700028245
2023-11-16,34945.46875,-0.001307247913817644
2023-11-17,34947.28125,5.1866524182875295e-05
2023-11-20,35151.0390625,0.005830433876741203
2023-11-21,35088.2890625,-0.0017851534883058795
2023-11-22,35273.03125,0.005265066848113786
2023-11-24,35390.1484375,0.0033203040212201884
2023-11-27,35333.46875,-0.0016015668202155053
2023-11-28,35416.98046875,0.0023635301515647633
2023-11-29,35430.421875,0.0003795186961763619
2023-11-30,35950.890625,0.014689882943991872
2023-12-01,36245.5,0.00819477264341062
2023-12-04,36204.44140625,-0.001132791484460105
2023-12-05,36124.55859375,-0.002206436818169233
2023-12-06,36054.4296875,-0.0019413083226471617
2023-12-07,36117.37890625,0.0017459496460103807
2023-12-08,36247.87109375,0.0036130026998559828
2023-12-11,36404.9296875,0.004332905326875247
2023-12-12,36577.94140625,0.004752425570798691
2023-12-13,37090.23828125,0.01400562347974188
2023-12-14,37248.3515625,0.004262935170463278
2023-12-15,37305.16015625,0.0015251304116017383
2023-12-18,37306.01953125,2.3036357340355806e-05
2023-12-19,37557.921875,0.006752324341088967
2023-12-20,37082.0,-0.012671677538069304
2023-12-21,37404.3515625,0.008692938959603103
2023-12-22,37385.96875,-0.0004914618682611005
2023-12-26,37545.328125,0.004262545022322151
2023-12-27,37656.51953125,0.0029615244240190908
2023-12-28,37710.1015625,0.0014229151264373296
2023-12-29,37689.5390625,-0.0005452782980687187
2024-01-02,37715.0390625,0.0006765803093986555
2024-01-03,37430.19140625,-0.007552627899389486
2024-01-04,37440.33984375,0.0002711297249284872
2024-01-05,37466.109375,0.0006882825144629567
2024-01-08,37683.01171875,0.005789294574972237
2024-01-09,37525.16015625,-0.004188931704242171
2024-01-10,37695.73046875,0.004545491925677769
2024-01-11,37711.01953125,0.0004055913576916925
2024-01-12,37592.98046875,-0.003130094703543751
2024-01-16,37361.12109375,-0.0061676241710267865
2024-01-17,37266.671875,-0.002528008153529382
2024-01-18,37468.609375,0.005418715700649113
2024-01-19,37863.80078125,0.010547266440950054
2024-01-22,38001.80859375,0.003644848368427489
2024-01-23,37905.44921875,-0.002535652343026884
2024-01-24,37806.390625,-0.002613307474034654
2024-01-25,38049.12890625,0.006420562165209365
2024-01-26,38109.4296875,0.0015848137127811857
2024-01-29,38333.44921875,0.005878322847835182
2024-01-30,38467.30859375,0.003491973139075677
2024-01-31,38150.30078125,-0.00824096678683428
2024-02-01,38519.83984375,0.009686399711994476
2024-02-02,38654.421875,0.0034938367292260963
2024-02-05,38380.12109375,-0.007096232926132706
2024-02-06,38521.359375,0.0036799852951219236
2024-02-07,38677.359375,0.004049701322358823
2024-02-08,38726.328125,0.0012660830726631822
2024-02-09,38671.69140625,-0.0014108417037020926
2024-02-12,38797.37890625,0.003250116439946771
2024-02-13,38272.75,-0.01352227704654263
2024-02-14,38424.26953125,0.003958940270819333
2024-02-15,38773.12109375,0.009078938045036455
2024-02-16,38627.98828125,-0.003743129477482121
2024-02-20,38563.80078125,-0.0016616837390716066
2024-02-21,38612.23828125,0.001256035427492197
2024-02-22,39069.109375,0.011832287225158167
2024-02-23,39131.53125,0.0015977296641407346
2024-02-26,39069.23046875,-0.0015920864647993582
2024-02-27,38972.41015625,-0.00247817301079023
2024-02-28,38949.01953125,-0.0006001842048316552
2024-02-29,38996.390625,0.001216233279299761
2024-03-01,39087.37890625,0.00233324879025254
2024-03-04,38989.828125,-0.00249571048199404
2024-03-05,38585.19140625,-0.010378007244677967
2024-03-06,38661.05078125,0.0019660230320306393
2024-03-07,38791.3515625,0.0033703372933979736
2024-03-08,38722.69140625,-0.0017699861820843488
2024-03-11,38769.66015625,0.0012129515871517338
2024-03-12,39005.48828125,0.006082800933760124
2024-03-13,39043.3203125,0.0009699155918061475
2024-03-14,38905.66015625,-0.0035258311831108946
2024-03-15,38714.76953125,-0.00490650008850535
2024-03-18,38790.4296875,0.001954296956073298
2024-03-19,39110.76171875,0.00825801708902496
2024-03-20,39512.12890625,0.01026232090252499
2024-03-21,39781.37109375,0.006814165547465834
2024-03-22,39475.8984375,-0.007678786523725223
2024-03-25,39313.640625,-0.0041103006878208115
2024-03-26,39282.328125,-0.0007964792754423522
2024-03-27,39760.078125,0.012161957368711729
2024-03-28,39807.37109375,0.0011894586474734403
2024-04-01,39566.8515625,-0.0060420852882636655
2024-04-02,39170.23828125,-0.01002387770539459
2024-04-03,39127.140625,-0.001100265358115804
2024-04-04,38596.98046875,-0.013549677992857445
2024-04-05,38904.0390625,0.007955508177605042
2024-04-08,38892.80078125,-0.00028887183749604084
2024-04-09,38883.671875,-0.0002347196927612316
2024-04-10,38461.51171875,-0.010857003361388395
2024-04-11,38459.078125,-6.327348149481882e-05
2024-04-12,37983.23828125,-0.012372627399008906
2024-04-15,37735.109375,-0.006532589570502401
2024-04-16,37798.96875,0.001692306609353711
2024-04-17,37753.30859375,-0.0012079735971632921
2024-04-18,37775.37890625,0.0005845928031762426
2024-04-19,37986.3984375,0.0055861658402871495
2024-04-22,38239.98046875,0.006675600785560842
2024-04-23,38503.69140625,0.006896210046851481
2024-04-24,38460.921875,-0.0011107904122423795
2024-04-25,38085.80078125,-0.00975330479516745
2024-04-26,38239.66015625,0.004039809373674652
2024-04-29,38386.08984375,0.003829262260743871
2024-04-30,37815.921875,-0.014853504774017368
2024-05-01,37903.2890625,0.002310328114935034
2024-05-02,38225.66015625,0.008505095513437588
2024-05-03,38675.6796875,0.011772707898582091
2024-05-06,38852.26953125,0.0045659144241767535
2024-05-07,38884.26171875,0.0008234316266715336
2024-05-08,39056.390625,0.004426698582964184
2024-05-09,39387.76171875,0.008484426964377123
2024-05-10,39512.83984375,0.003175558080530827
2024-05-13,39431.51171875,-0.0020582708132750316
2024-05-14,39558.109375,0.0032105707017517915
2024-05-15,39908.0,0.008844978451399976
2024-05-16,39869.37890625,-0.0009677531760549085
2024-05-17,40003.58984375,0.003366266071402446
2024-05-20,39806.76953125,-0.0049200662557725705
2024-05-21,39872.98828125,0.0016635047450412888
2024-05-22,39671.0390625,-0.005064812733009183
2024-05-23,39065.26171875,-0.01527001455131094
2024-05-24,39069.58984375,0.00011079216699383387
2024-05-28,38852.859375,-0.0055472931662903235
2024-05-29,38441.5390625,-0.010586616252101777
2024-05-30,38111.48046875,-0.008585988017112856
2024-05-31,38686.3203125,0.015083115026752747
2024-06-03,38571.03125,-0.0029800989488977248
2024-06-04,38711.2890625,0.0036363511151908945
2024-06-05,38807.328125,0.0024809058242660775
2024-06-06,38886.171875,0.002031671692161785
2024-06-07,38798.98828125,-0.0022420204804487476
2024-06-10,38868.0390625,0.001779705716794977
2024-06-11,38747.421875,-0.0031032485921413944
2024-06-12,38712.2109375,-0.0009087298146852607
2024-06-13,38647.1015625,-0.0016818821096299397
2024-06-14,38589.16015625,-0.0014992432525967603
2024-06-17,38778.1015625,0.004896230067847229
2024-06-18,38834.859375,0.001463656296028848
2024-06-20,39134.76171875,0.007722503662342728
2024-06-21,39150.328125,0.0003977641760506412
2024-06-24,39411.2109375,0.006663617522362664
2024-06-25,39112.16015625,-0.007587962260896974
2024-06-26,39127.80078125,0.00039989161778630766
2024-06-27,39164.05859375,0.000926650917660865
2024-06-28,39118.859375,-0.0011540994568222107
2024-07-01,39169.51953125,0.0012950315285107372
2024-07-02,39331.8515625,0.004144345735987098
2024-07-03,39308.0,-0.0006064185018622714
2024-07-05,39375.87109375,0.0017266483603846083
2024-07-08,39344.7890625,-0.0007893674574461773
2024-07-09,39291.96875,-0.0013424983017724657
2024-07-10,39721.359375,0.010928203362169375
2024-07-11,39753.75,0.0008154460348199777
2024-07-12,40000.8984375,0.006216984246769197
2024-07-15,40211.71875,0.0052703894346122215
2024-07-16,40954.48046875,0.01847127508694224
2024-07-17,41198.078125,0.0059480099237463335
2024-07-18,40665.01953125,-0.0129389189498752
2024-07-19,40287.53125,-0.009282874706599165
2024-07-22,40415.44140625,0.003174931604924325
2024-07-23,40358.08984375,-0.00141905075150639
2024-07-24,39853.87109375,-0.012493622764410572
2024-07-25,39935.0703125,0.0020374236309188554
2024-07-26,40589.33984375,0.016383332397569506
2024-07-29,40539.9296875,-0.0012173185481756388
2024-07-30,40743.328125,0.005017237056597956
2024-07-31,40842.7890625,0.002441158886060002
2024-08-01,40347.96875,-0.012115242956175165
2024-08-02,39737.26171875,-0.01513600436824969
2024-08-05,38703.26953125,-0.026020720673163855
2024-08-06,38997.66015625,0.007606350279071528
2024-08-07,38763.44921875,-0.006005768975923087
2024-08-08,39446.48828125,0.017620698783678224
2024-08-09,39497.5390625,0.0012941780998605434
2024-08-12,39357.01171875,-0.0035578759357041134
2024-08-13,39765.640625,0.010382620234740125
2024-08-14,40008.390625,0.006104516265416082
2024-08-15,40563.05859375,0.013863791071951015
2024-08-16,40659.76171875,0.002384019557511774
2024-08-19,40896.53125,0.005823190329736105
2024-08-20,40834.96875,-0.0015053232662610716
2024-08-21,40890.48828125,0.00135960753612685
2024-08-22,40712.78125,-0.004345925879576384
2024-08-23,41175.078125,0.011355079677834556
2024-08-26,41240.51953125,0.0015893450414674604
2024-08-27,41250.5,0.0002420063777914816
2024-08-28,41091.421875,-0.0038563926497861
2024-08-29,41335.05078125,0.005928948065879069
2024-08-30,41563.078125,0.005516561355077165
2024-09-03,40936.9296875,-0.015065016012935195
2024-09-04,40974.96875,0.0009292114184034084
2024-09-05,40755.75,-0.005350065093094214
2024-09-06,40345.41015625,-0.010068268741220576
2024-09-09,40829.58984375,0.012000861699629883
2024-09-10,40736.9609375,-0.002268670995826283
2024-09-11,40861.7109375,0.003062329568261024
2024-09-12,41096.76953125,0.005752539195178041
2024-09-13,41393.78125,0.00722713055400015
2024-09-16,41622.078125,0.0055152457230516205
2024-09-17,41606.1796875,-0.0003819712569913536
2024-09-18,41503.1015625,-0.0024774715144291193
2024-09-19,42025.19140625,0.01257953801268985
2024-09-20,42063.359375,0.0009082164166971385
2024-09-23,42124.6484375,0.001457065327417073
2024-09-24,42208.21875,0.0019838815420381017
2024-09-25,41914.75,-0.006952881658859433
2024-09-26,42175.109375,0.0062116408901400355
2024-09-27,42313.0,0.0032694787765443767
2024-09-30,42330.1484375,0.00040527586084659895
2024-10-01,42156.96875,-0.004091166553684467
2024-10-02,42196.51953125,0.000938178963590719
2024-10-03,42011.58984375,-0.004382581538817321
2024-10-04,42352.75,0.008120619988885025
2024-10-07,41954.23828125,-0.0094093469432327
2024-10-08,42080.37109375,0.0030064379110983364
2024-10-09,42512.0,0.010257250471683799
2024-10-10,42454.12109375,-0.0013614722019664738
2024-10-11,42863.859375,0.009651319370036937
2024-10-14,43065.21875,0.004697649206955035
2024-10-15,42740.421875,-0.007541976667655992
2024-10-16,43077.69921875,0.007891296551456817
2024-10-17,43239.05078125,0.0037455937857928667
2024-10-18,43275.91015625,0.0008524556930371574
2024-10-21,42931.6015625,-0.00795612599496709
2024-10-22,42924.890625,-0.00015631696130014028
2024-10-23,42514.94921875,-0.009550202697808263
2024-10-24,42374.359375,-0.0033068331571238785
2024-10-25,42114.3984375,-0.006134864133270468
2024-10-28,42387.5703125,0.006486424717793371
2024-10-29,42233.05078125,-0.0036453972263759127
2024-10-30,42141.5390625,-0.002166827095300139
2024-10-31,41763.4609375,-0.00897162593988965
2024-11-01,42052.19140625,0.006913470825181234
2024-11-04,41794.6015625,-0.006125479675042955
2024-11-05,42221.87890625,0.010223266349627558
2024-11-06,43729.9296875,0.03571728261071705
2024-11-07,43729.33984375,-1.3488330628863565e-05
2024-11-08,43988.98828125,0.005937625366121635
2024-11-11,44293.12890625,0.006914017277583895
2024-11-12,43910.98046875,-0.008627713754628785
2024-11-13,43958.19140625,0.0010751510669091413
2024-11-14,43750.859375,-0.004716573285144743
2024-11-15,43444.98828125,-0.006991201958532978
2024-11-18,43389.6015625,-0.0012748701505325144
2024-11-19,43268.94140625,-0.002780854211721584
2024-11-20,43408.46875,0.003224653509314779
2024-11-21,43870.3515625,0.010640384832740768
2024-11-22,44296.51171875,0.009714081174910794
2024-11-25,44736.5703125,0.009934384823438114
2024-11-26,44860.30859375,0.002765931326108584
2024-11-27,44722.05859375,-0.0030817888760413803
2024-11-29,44910.6484375,0.004216931189664708
2024-12-02,44782.0,-0.0028645419733592803
2024-12-03,44705.53125,-0.001707577821446149
2024-12-04,45014.0390625,0.006900886844958265
2024-12-05,44765.7109375,-0.005516681688021996
2024-12-06,44642.51953125,-0.002751914437860603
2024-12-09,44401.9296875,-0.005389253256227744
2024-12-10,44247.828125,-0.0034706050747019823
2024-12-11,44148.55859375,-0.0022434893520550947
2024-12-12,43914.12109375,-0.00531019601698135
2024-12-13,43828.05859375,-0.001959791016112322
2024-12-16,43717.48046875,-0.002522998475131377
2024-12-17,43449.8984375,-0.006120710260081763
2024-12-18,42326.87109375,-0.02584648950020918
2024-12-19,42342.23828125,0.00036305985070250735
2024-12-20,42840.26171875,0.011761859025778865
2024-12-23,42906.94921875,0.0015566548224614785
2024-12-24,43297.03125,0.009091348565969382
2024-12-26,43325.80078125,0.0006644689120574032
2024-12-27,42992.2109375,-0.007699565564506905
2024-12-30,42573.73046875,-0.009733867126730633
2024-12-31,42544.21875,-0.0006931908109781837
2025-01-02,42392.26953125,-0.0035715597374790242
2025-01-03,42732.12890625,0.008017012978025928
2025-01-06,42706.55859375,-0.0005983861126156453
2025-01-07,42528.359375,-0.004172642905862167
2025-01-08,42635.19921875,0.002512202335573921
2025-01-10,41938.44921875,-0.016342130745658268
2025-01-13,42297.12109375,0.008552339957283106
2025-01-14,42518.28125,0.005228728351506673
2025-01-15,43221.55078125,0.01654040357640274
2025-01-16,43153.12890625,-0.0015830499776903206
2025-01-17,43487.828125,0.007756082287268873
2025-01-21,44025.80859375,0.012370828619071128
2025-01-22,44156.73046875,0.002973752877728719
2025-01-23,44565.0703125,0.009247510841840612
2025-01-24,44424.25,-0.0031598808553994218
2025-01-27,44713.578125,0.006512842085122372
2025-01-28,44850.3515625,0.003058879276394366
2025-01-29,44713.51953125,-0.0030508574957170964
2025-01-30,44882.12890625,0.003770881307658236
2025-01-31,44544.66015625,-0.007519000506970297
2025-02-03,44421.91015625,-0.002755661387233155
2025-02-04,44556.0390625,0.0030194313071683077
2025-02-05,44873.28125,0.007120071581205867
2025-02-06,44747.62890625,-0.0028001594768601867
2025-02-07,44303.3984375,-0.009927463859162211
2025-02-10,44470.41015625,0.0037697270331440436
2025-02-11,44593.6484375,0.0027712422893557687
2025-02-12,44368.55859375,-0.0050475763171849986
2025-02-13,44711.4296875,0.0077277942898577034
2025-02-14,44546.078125,-0.0036981944808226475
2025-02-18,44556.33984375,0.00023036189002323404
2025-02-19,44627.58984375,0.0015990990339389555
2025-02-20,44176.6484375,-0.0101045431274428
2025-02-21,43428.01953125,-0.016946258548996562
2025-02-24,43461.2109375,0.000764285514473384
2025-02-25,43621.16015625,0.0036802752454370147
2025-02-26,43433.12109375,-0.004310730430516996
2025-02-27,43239.5,-0.004457913428143279
2025-02-28,43840.91015625,0.013908813844979662
2025-03-03,43191.23828125,-0.014818850080542512
2025-03-04,42520.98828125,-0.015518193658526469
2025-03-05,43006.58984375,0.01142027930508216
2025-03-06,42579.078125,-0.009940609574095927
2025-03-07,42801.71875,0.005228873775669607
2025-03-10,41911.7109375,-0.02079374002942347
2025-03-11,41433.48046875,-0.011410425822585779
2025-03-12,41350.9296875,-0.0019923689807391787
2025-03-13,40813.5703125,-0.01299509779008523
2025-03-14,41488.19140625,0.016529332978824973
2025-03-17,41841.62890625,0.008518990296278783
2025-03-18,41581.30859375,-0.006221562575474127
2025-03-19,41964.62890625,0.009218572610233178
2025-03-20,41953.3203125,-0.0002694791791263418
2025-03-21,41985.3515625,0.0007634973766417197
2025-03-24,42583.3203125,0.014242318516967778
2025-03-25,42587.5,9.815316112815609e-05
2025-03-26,42454.7890625,-0.003116194599354305
2025-03-27,42299.69921875,-0.003653058869794057
2025-03-28,41583.8984375,-0.01692212461247744
2025-03-31,42001.76171875,0.010048679824428808
2025-04-01,41989.9609375,-0.00028095919711701445
2025-04-02,42225.3203125,0.005605134411778012
2025-04-03,40545.9296875,-0.03977212280620279
2025-04-04,38314.859375,-0.055025753008885125
2025-04-07,37965.6015625,-0.009115466380333004
2025-04-08,37645.58984375,-0.008428991128276664
2025-04-09,40608.44921875,0.07870402316174352
2025-04-10,39593.66015625,-0.024989603937681126
2025-04-11,40212.7109375,0.01563509861950152
2025-04-14,40524.7890625,0.007760683568064808
2025-04-15,40368.9609375,-0.0038452544382074905
2025-04-16,39669.390625,-0.01732941092001572
2025-04-17,39142.23046875,-0.013288839277449838
2025-04-21,38170.41015625,-0.02482792372488518
2025-04-22,39186.98046875,0.026632417842477496
2025-04-23,39606.5703125,0.010707378795990818
2025-04-24,40093.3984375,0.012291600134999747
2025-04-25,40113.5,0.0005013683869012908
2025-04-28,40227.58984375,0.0028441757450734517
2025-04-29,40527.62109375,0.007458345159761404
2025-04-30,40669.359375,0.0034973254640859874
2025-05-01,40752.9609375,0.002055640014614779
2025-05-02,41317.4296875,0.013850987437837636
2025-05-05,41218.828125,-0.0023864398934242415
2025-05-06,40829.0,-0.00945752566807112
2025-05-07,41113.96875,0.006979567219378424
2025-05-08,41368.44921875,0.0061896352137009725
2025-05-09,41249.37890625,-0.002878288037107102
2025-05-12,42410.1015625,0.02813915474674289
2025-05-13,42140.4296875,-0.006358670813428335
2025-05-14,42051.05859375,-0.002120792180164033
2025-05-15,42322.75,0.006460988506253207
2025-05-16,42654.73828125,0.00784420391515206
2025-05-19,42792.0703125,0.003219619596408707
2025-05-20,42677.23828125,-0.002683488562516656
2025-05-21,41860.44140625,-0.01913893466154426
2025-05-22,41859.08984375,-3.2287344676640295e-05
2025-05-23,41603.0703125,-0.006116223076174321
2025-05-27,42343.6484375,0.01780104495743151
2025-05-28,42098.69921875,-0.005784792472749434
2025-05-29,42215.73046875,0.002779925559977414
2025-05-30,42270.0703125,0.0012871942080978638
2025-06-02,42305.48046875,0.000837712262795387
2025-06-03,42519.640625,0.005062231982170706
2025-06-04,42427.73828125,-0.002161409231101641
2025-06-05,42319.73828125,-0.0025455045301749912
2025-06-06,42762.87109375,0.010471066941742713
2025-06-09,42761.76171875,-2.5942481681529017e-05
2025-06-10,42866.87109375,0.0024580225597654604
2025-06-11,42865.76953125,-2.5697291915482978e-05
2025-06-12,42967.62109375,0.0023760581838090378
2025-06-13,42197.7890625,-0.01791656162602817
2025-06-16,42515.08984375,0.007519369812954979
2025-06-17,42215.80078125,-0.007039596143391336
2025-06-18,42171.66015625,-0.0010455948763999912
2025-06-20,42206.8203125,0.0008337389640276083
2025-06-23,42581.78125,0.0088838944683296
2025-06-24,43089.01953125,0.011912096355762403
2025-06-25,42982.4296875,-0.0024737124425098234
2025-06-26,43386.83984375,0.009408731874634091
2025-06-27,43819.26953125,0.009966839923288173
2025-06-30,44094.76953125,0.006287188329406668
2025-07-01,44494.94140625,0.009075268546678616
2025-07-02,44484.421875,-0.0002364208361115283
2025-07-03,44828.53125,0.007735502913063241
2025-07-07,44406.359375,-0.009417481751646695
2025-07-08,44240.76171875,-0.0037291428205490362
2025-07-09,44458.30078125,0.004917163585088202
2025-07-10,44650.640625,0.004326297685023572
2025-07-11,44371.51171875,-0.006251397568833861
2025-07-14,44459.6484375,0.0019863357216372
2025-07-15,44023.2890625,-0.00981472841858888
2025-07-16,44254.78125,0.005258402823363539
2025-07-17,44484.48828125,0.005190558506037224
2025-07-18,44342.19140625,-0.00319879761458286
2025-07-21,44323.0703125,-0.0004312167067888062
2025-07-22,44502.44140625,0.0040469013650306085
2025-07-23,45010.2890625,0.011411680802273505
2025-07-24,44693.91015625,-0.007029035201499889
2025-07-25,44901.921875,0.0046541400835771185
2025-07-28,44837.55859375,-0.001433419296153482
2025-07-29,44632.98828125,-0.004562476613713673
2025-07-30,44461.28125,-0.0038470879468792685
2025-07-31,44130.98046875,-0.007428953281682582
2025-08-01,43588.578125,-0.01229073856933871
2025-08-04,44173.640625,0.013422380934799083
2025-08-05,44111.73828125,-0.0014013412268982783
2025-08-06,44193.12109375,0.0018449241782565462
2025-08-07,43968.640625,-0.005079534171705036
2025-08-08,44175.609375,0.004707190103173664
2025-08-11,43975.08984375,-0.0045391457885237685
2025-08-12,44458.609375,0.010995305136794808
2025-08-13,44922.26953125,0.010429029669801748
2025-08-14,44911.26171875,-0.00024504132615876806
2025-08-15,44946.12109375,0.0007761833817607755
2025-08-18,44911.8203125,-0.0007631533136853719
2025-08-19,44922.26953125,0.00023266077120220885
2025-08-20,44938.30859375,0.00035704034251526906
2025-08-21,44785.5,-0.0034004082158813898
2025-08-22,45631.73828125,0.018895363036027346
2025-08-25,45282.46875,-0.007654092182447392
2025-08-26,45418.0703125,0.0029945708845655616
2025-08-27,45565.23046875,0.0032401234847156957
2025-08-28,45636.8984375,0.0015728652749633643
2025-08-29,45544.87890625,-0.002016340601586286
2025-09-02,45295.80859375,-0.005468678773143498
2025-09-03,45271.23046875,-0.0005426136713980734
2025-09-04,45621.2890625,0.00773247358477791
2025-09-05,45400.859375,-0.004831728608063135
2025-09-08,45514.94921875,0.0025129445856442167
2025-09-09,45711.33984375,0.004314859806964222
2025-09-10,45490.921875,-0.004821953797535361
2025-09-11,46108.0,0.013564863044446707
2025-09-12,45834.21875,-0.005937825323154344
2025-09-15,45883.44921875,0.0010740985685504523
2025-09-16,45757.8984375,-0.0027362978020992745
2025-09-17,46018.3203125,0.005691298855337701
2025-09-18,46142.421875,0.002696786011685326
2025-09-19,46315.26953125,0.003745959774678509
2025-09-22,46381.5390625,0.0014308354873178164
2025-09-23,46292.78125,-0.0019136452626205003
2025-09-24,46121.28125,-0.003704681277926003
2025-09-25,45947.3203125,-0.0037718149362990783
2025-09-26,46247.2890625,0.006528536331603885
2025-09-29,46316.0703125,0.001487249337080998
2025-09-30,46397.890625,0.0017665642172997043
2025-10-01,46441.1015625,0.0009313125428318525
2025-10-02,46519.71875,0.0016928364068669044
2025-10-03,46758.28125,0.005128201683291644
2025-10-06,46694.96875,-0.0013540382218389935
2025-10-07,46602.98046875,-0.001969982713608709
2025-10-08,46601.78125,-2.5732662116029204e-05
2025-10-09,46358.421875,-0.005222104573524233
2025-10-10,45479.6015625,-0.018957080007374616
2025-10-13,46067.578125,0.01292835781975743
2025-10-14,46270.4609375,0.004404026014771079
2025-10-15,46253.30859375,-0.00037069749041762634
2025-10-16,45952.23828125,-0.0065091627313484945
2025-10-17,46190.609375,0.0051873663322132835
2025-10-20,46706.578125,0.011170425265687456
2025-10-21,46924.73828125,0.004670865753987341
2025-10-22,46590.41015625,-0.007124773355072445
2025-10-23,46734.609375,0.0030950407662519996
2025-10-24,47207.12109375,0.010110531040466109
2025-10-27,47544.58984375,0.007148683126213307
2025-10-28,47706.37109375,0.0034027267988150367
2025-10-29,47632.0,-0.001558934206164042
2025-10-30,47522.12109375,-0.0023068295736059508
2025-10-31,47562.87109375,0.0008574953950311048
2025-11-03,47336.6796875,-0.004755629781140858
2025-11-04,47085.23828125,-0.005311766856271438
2025-11-05,47311.0,0.004794745168357872
2025-11-06,46912.30078125,-0.008427199145019104
2025-11-07,46987.1015625,0.001594481191591779
2025-11-10,47368.62890625,0.008119831423151425
2025-11-11,47927.9609375,0.011808068845670094
2025-11-12,48254.8203125,0.006819805570828175
2025-11-13,47457.21875,-0.016528951042293905
2025-11-14,47147.48046875,-0.00652668423073155
2025-11-17,46590.23828125,-0.01181912971721466
2025-11-18,46091.73828125,-0.01069966624748131
2025-11-19,46138.76953125,0.0010203835167381659
2025-11-20,45752.26171875,-0.008377072393276896
2025-11-21,46245.41015625,0.010778667960318566
2025-11-24,46448.26953125,0.004386583972649349
2025-11-25,47112.44921875,0.014299341917423769
2025-11-26,47427.12109375,0.006679166127384617
2025-11-28,47716.421875,0.006099901798342966
2025-12-01,47289.328125,-0.008950665896928167
2025-12-02,47474.4609375,0.003914896232203535
2025-12-03,47882.8984375,0.008603309904618106
2025-12-04,47850.94140625,-0.0006673996832441409
2025-12-05,47954.98828125,0.002174395569705778
2025-12-08,47739.3203125,-0.004497299999014381
2025-12-09,47560.2890625,-0.0037501843098742826
2025-12-10,48057.75,0.010459586081284611
2025-12-11,48704.01171875,0.013447606655534239
2025-12-12,48458.05078125,-0.005050116588348974
2025-12-15,48416.55859375,-0.0008562496186094171
2025-12-16,48114.26171875,-0.0062436671209221695
2025-12-17,47885.96875,-0.004744808723959548
2025-12-18,47951.8515625,0.0013758270787829208
2025-12-19,48134.890625,0.003817142749147573
2025-12-22,48362.6796875,0.004732306639577022
2025-12-23,48442.41015625,0.0016485949344657858
2025-12-24,48731.16015625,0.005960686082064015
2025-12-26,48710.96875,-0.0004143428185428011
2025-12-29,48461.9296875,-0.005112586936592223
2025-12-30,48367.05859375,-0.0019576416862011614
2025-12-31,48063.2890625,-0.006280504543421883
2026-01-02,48382.390625,0.006639195292795108
2026-01-05,48977.1796875,0.012293502962887226
2026-01-06,49462.078125,0.009900497345782355
2026-01-07,48996.078125,-0.00942135910307551
2026-01-08,49266.109375,0.005511282950261709
2026-01-09,49504.0703125,0.00483011426148372
2026-01-12,49590.19921875,0.001739834839969756
2026-01-13,49191.98828125,-0.008030033026151573
2026-01-14,49149.62890625,-0.0008611031283756176
2026-01-15,49442.44140625,0.005957572956624357
2026-01-16,49359.328125,-0.0016810108660915146
2026-01-20,48488.58984375,-0.017640804977022806
2026-01-21,49077.23046875,0.012139776118399004
2026-01-22,49384.01171875,0.006250989452131872
2026-01-23,49098.7109375,-0.0057771892424380855
2026-01-26,49412.3984375,0.006388915187596433
2026-01-27,49003.41015625,-0.008277037629883854
2026-01-28,49015.6015625,0.0002487868948533034
2026-01-29,49071.55859375,0.0011416167396955945
2026-01-30,48892.46875,-0.003649565020598544
2026-02-02,49407.66015625,0.01053723445392607
2026-02-03,49240.98828125,-0.0033734015023765274
2026-02-04,49501.30078125,0.005286500313786746
2026-02-05,48908.71875,-0.011971039586791132
2026-02-06,50115.671875,0.024677668028259214
2026-02-09,50135.87109375,0.0004030519395286092
2026-02-10,50188.140625,0.0010425575562906797
2026-02-11,50121.3984375,-0.001329839812131861
2026-02-12,49451.98046875,-0.013355931590471215
2026-02-13,49500.9296875,0.0009898333350053523
2026-02-17,49533.19140625,0.0006517396532483843
2026-02-18,49662.66015625,0.0026137776776415933
2026-02-19,49395.16015625,-0.00538634054556042
2026-02-20,49625.96875,0.004672696535852783
2026-02-23,48804.05859375,-0.016562097969120226
2026-02-24,49174.5,0.007590381147059677
2026-02-25,49482.1484375,0.0062562595959287925
2026-02-26,49499.19921875,0.0003445844974079293
2026-02-27,48977.921875,-0.010531025793898974
2026-03-02,48904.78125,-0.0014933386758766432
2026-03-03,48501.26953125,-0.008250966642448732
2026-03-04,48739.41015625,0.004909987456030773
2026-03-05,47954.73828125,-0.01609933055169277
2026-03-06,47501.55078125,-0.009450317450219403
2026-03-09,47740.80078125,0.005036677667678013
2026-03-10,47706.51171875,-0.0007182339202291832
2026-03-11,47417.26953125,-0.006062949838068321
2026-03-12,46677.8515625,-0.01559385380178191
2026-03-13,46558.46875,-0.0025575901311599702
2026-03-16,46946.41015625,0.008332348908059783
2026-03-17,46993.26171875,0.000997979661151227
2026-03-18,46225.1484375,-0.016345179141790234
2026-03-19,46021.4296875,-0.0044070978003551975
2026-03-20,45577.46875,-0.00964683062900551
2026-03-23,46208.46875,0.013844559983379856
2026-03-24,46124.05859375,-0.0018267248089669508
2026-03-25,46429.48828125,0.006621916995426469
2026-03-26,45960.109375,-0.010109499880909811
2026-03-27,45166.640625,-0.017264292030419015
2026-03-30,45216.140625,0.00109594159129478
2026-03-31,46341.51171875,0.024888702976294752
2026-04-01,46565.73828125,0.004838568147298439
2026-04-02,46504.671875,-0.001311402084536284
2026-04-06,46669.87890625,0.0035524824622794604
2026-04-07,46584.4609375,-0.0018302590611298797
2026-04-08,47909.921875,0.02845285554078436
2026-04-09,48185.80078125,0.005758283367060857
2026-04-10,47916.5703125,-0.0055873403447673775
2026-04-13,48218.25,0.006295936573350813
2026-04-14,48535.98828125,0.006589585504451101
2026-04-15,48463.71875,-0.0014889885589889351
2026-04-16,48578.71875,0.00237290911564636
2026-04-17,49447.4296875,0.01788254115903376
2026-04-20,49442.55859375,-9.851055516507667e-05
2026-04-21,49149.37890625,-0.005929702989461827
2026-04-22,49490.03125,0.006930959278239834
2026-04-23,49310.3203125,-0.0036312552843660306
2026-04-24,49230.7109375,-0.0016144566592851683
2026-04-27,49167.7890625,-0.001278102099315226
2026-04-28,49141.9296875,-0.0005259413834355353
2026-04-29,48861.80859375,-0.005700246114292318
2026-04-30,49652.140625,0.016174841947031338
2026-05-01,49499.26953125,-0.0030788419557691293
2026-05-04,48941.8984375,-0.011260188261932202
2026-05-05,49298.25,0.007281114420910173
2026-05-06,49910.58984375,0.012421127398031473
2026-05-07,49596.96875,-0.0062836583324665796
2026-05-08,49609.16015625,0.00024580950322694584
2026-05-11,49704.46875,0.001921189422473768
2026-05-12,49760.55859375,0.0011284668191930969
2026-05-13,49693.19921875,-0.0013536699929341811
2026-05-14,50063.4609375,0.0074509535423570306
2026-05-15,49526.171875,-0.0107321597915645
2026-05-18,49686.12109375,0.0032295897844416555
2026-05-19,49363.87890625,-0.006485557342904236
2026-05-20,50009.3515625,0.013075809084530432
2026-05-21,50285.66015625,0.005525138501439653
2026-05-22,50579.69921875,0.0058473740145073005
2026-05-26,50461.6796875,-0.0023333379413662536
2026-05-27,50644.28125,0.0036186183977786612
2026-05-28,50668.96875,0.00048746866162696634
2026-05-29,51032.4609375,0.007173861960630523
2026-06-01,51078.87890625,0.0009095773140717078
2026-06-02,51307.7890625,0.00448150314086071
2026-06-03,50687.0703125,-0.012097943827668711
2026-06-04,51561.9296875,0.017260010681348303
2026-06-05,50866.78125,-0.013481815783719986
2026-06-08,50786.01171875,-0.0015878640099721286
2026-06-09,50872.109375,0.0016953025712436176
2026-06-10,49918.78125,-0.018739701119381835
2026-06-11,50848.75,0.018629636515815395
2026-06-12,51202.26171875,0.00695222043314736
2026-06-15,51671.03125,0.009155250481412525
2026-06-16,51999.671875,0.006360249003158902
2026-06-17,51492.55078125,-0.009752390264481825
2026-06-18,51564.69921875,0.0014011432023730563
2026-06-22,51712.7109375,0.002870407875785297
2026-06-23,51666.83984375,-0.0008870371117352116
2026-06-24,51848.8984375,0.003523702906943482
2026-06-25,51920.62109375,0.0013833014473094707
2026-06-26,51876.109375,-0.0008573032797436486
2026-06-29,52182.73828125,0.005910792269201437
2026-06-30,52319.19921875,0.0026150589638380684
2026-07-01,52305.23828125,-0.0002668415745743502
2026-07-02,52900.0703125,0.011372322367628529
2026-07-06,53055.91015625,0.002945928858494762
2026-07-07,52925.1484375,-0.002464602310372266
2026-07-08,52348.390625,-0.010897613507519943
2026-07-09,52487.41015625,0.0026556600802853936
2026-07-10,52637.01171875,0.002850237076941875
2026-07-13,52498.640625,-0.0026287794316544044
2026-07-14,52508.26953125,0.00018341248716846614
2026-07-15,52658.640625,0.002863760224673051
2026-07-16,52552.96875,-0.0020067338189097006
2026-07-17,52146.421875,-0.007735944984078591
2026-07-20,51839.26171875,-0.0058903400311203225
2026-07-21,52224.640625,0.007434112552390237
2026-07-22,52218.578125,-0.00011608504965177069
2026-07-23,51711.6484375,-0.00970784164759364
2026-07-24,51947.25,0.004556063664935328
2026-07-27,52210.078125,0.005059519512582433
2026-07-28,52747.3203125,0.01029000926245982
2026-07-29,51594.140625,-0.02186233690485162
2026-07-30,52208.05859375,0.011898986228147779
2026-07-31,52485.03125,0.005305170575393925
2026-08-03,53178.41015625,0.013210983965070922
2026-08-04,54085.87890625,0.01706460850058611
2026-08-05,54349.12109375,0.004867114907317838
2026-08-06,53885.1015625,-0.008537755936284364
2026-08-07,54036.9296875,0.0028176271473461245
2026-08-10,53975.98046875,-0.0011279178721380623
2026-08-11,53791.8515625,-0.003411311932658756
2026-08-12,53770.26953125,-0.00040121376422452837
2026-08-13,53839.98828125,0.0012966040640634002
2026-08-14,53732.41015625,-0.001998108254370967
2026-08-17,53459.78125,-0.00507382612202234
