latest_signal,stop_mode,target_r,rvol_filter,rvol_cutoff,Trades,WinRate,ProfitFactor,Expectancy,MaxDrawdown
11:30,midpoint,1.0,none,0.0,71,0.4225352112676056,0.519339116907458,-0.0020650501848731607,-0.14438080880516446
11:30,midpoint,1.0,median,0.9865015709721467,25,0.44,0.5922090183854494,-0.0018003013319399705,-0.06292688663105428
11:30,midpoint,1.0,upper_quartile,1.601467578179715,9,0.2222222222222222,0.23534115985059628,-0.005148911234335387,-0.05388113687301899
11:30,midpoint,1.5,none,0.0,71,0.323943661971831,0.4348849749005336,-0.0028848289007643736,-0.19049916606989148
11:30,midpoint,1.5,median,0.9865015709721467,25,0.36,0.4738823032864223,-0.0027840269042594735,-0.06675110672995088
11:30,midpoint,1.5,upper_quartile,1.601467578179715,9,0.1111111111111111,0.12293701673430826,-0.006953190449682419,-0.05081634089780518
11:30,midpoint,2.0,none,0.0,71,0.2676056338028169,0.45225002516018037,-0.002964904021856728,-0.20013552203218932
11:30,midpoint,2.0,median,0.9865015709721467,25,0.28,0.48549565072201206,-0.0029166593743115187,-0.0762832945575036
11:30,midpoint,2.0,upper_quartile,1.601467578179715,9,0.1111111111111111,0.1685878077942128,-0.006591279560185879,-0.04775154492259159
11:30,opposite_boundary,1.0,none,0.0,35,0.3142857142857143,0.48216355973687686,-0.0028662417272552,-0.09545133240096859
11:30,opposite_boundary,1.0,median,0.9865015709721467,9,0.3333333333333333,0.6071445105582984,-0.0018364349427565127,-0.02478004062647754
11:30,opposite_boundary,1.0,upper_quartile,1.601467578179715,2,0.0,0.0,-0.007107452229865974,-0.00995077076081563
11:30,opposite_boundary,1.5,none,0.0,35,0.22857142857142856,0.46277917941636,-0.0032497132757017947,-0.11729391413311496
11:30,opposite_boundary,1.5,median,0.9865015709721467,9,0.2222222222222222,0.5309027444747508,-0.0025192233373473685,-0.027506859724607313
11:30,opposite_boundary,1.5,upper_quartile,1.601467578179715,2,0.0,0.0,-0.007107452229865974,-0.00995077076081563
11:30,opposite_boundary,2.0,none,0.0,35,0.22857142857142856,0.5508740899944404,-0.0027168165794860177,-0.10542361840211079
11:30,opposite_boundary,2.0,median,0.9865015709721467,9,0.2222222222222222,0.721663444003384,-0.0014947688123189756,-0.0241268025837722
11:30,opposite_boundary,2.0,upper_quartile,1.601467578179715,2,0.0,0.0,-0.007107452229865974,-0.00995077076081563
13:30,midpoint,1.0,none,0.0,117,0.4700854700854701,0.6695361989139627,-0.0013129976563405806,-0.16341472069460306
13:30,midpoint,1.0,median,0.9865015709721467,45,0.4888888888888889,0.7904604937229791,-0.0008552852225181328,-0.04830679562094642
13:30,midpoint,1.0,upper_quartile,1.601467578179715,16,0.4375,0.71793124082092,-0.0014570650367649457,-0.04284342703080202
13:30,midpoint,1.5,none,0.0,117,0.38461538461538464,0.6345535526494203,-0.0016988758686474104,-0.20274854730575964
13:30,midpoint,1.5,median,0.9865015709721467,45,0.4222222222222222,0.7418318407171974,-0.0012239301370838272,-0.06115619976214981
13:30,midpoint,1.5,upper_quartile,1.601467578179715,16,0.375,0.6994227525747941,-0.0017545832335946962,-0.03405390758174631
13:30,midpoint,2.0,none,0.0,117,0.3333333333333333,0.6822002116607326,-0.0015557871569971326,-0.20209122051405704
13:30,midpoint,2.0,median,0.9865015709721467,45,0.37777777777777777,0.8483781906115301,-0.0007505881747681211,-0.05755195454794848
13:30,midpoint,2.0,upper_quartile,1.601467578179715,16,0.375,0.8844500035406667,-0.0006745090926415578,-0.026708804691605637
13:30,opposite_boundary,1.0,none,0.0,51,0.39215686274509803,0.6013625054999432,-0.0020252897234753243,-0.12209922923404459
13:30,opposite_boundary,1.0,median,0.9865015709721467,13,0.46153846153846156,0.8261932169386136,-0.0007112235767516335,-0.02367432219232657
13:30,opposite_boundary,1.0,upper_quartile,1.601467578179715,3,0.3333333333333333,0.36812485450216176,-0.0029940149412436643,-0.01417247304280056
13:30,opposite_boundary,1.5,none,0.0,51,0.3137254901960784,0.5750461909147291,-0.0023734134429365945,-0.14041578988873682
13:30,opposite_boundary,1.5,median,0.9865015709721467,13,0.38461538461538464,0.7968180197475816,-0.0009292999148808707,-0.035187056610907486
13:30,opposite_boundary,1.5,upper_quartile,1.601467578179715,3,0.3333333333333333,0.5873616300168175,-0.0019552050019101537,-0.01417247304280056
13:30,opposite_boundary,2.0,none,0.0,51,0.3137254901960784,0.6695689985784828,-0.0018454932370766512,-0.12921571541658283
13:30,opposite_boundary,2.0,median,0.9865015709721467,13,0.38461538461538464,0.8826998036214032,-0.0005364996559966439,-0.031833693236077876
13:30,opposite_boundary,2.0,upper_quartile,1.601467578179715,3,0.3333333333333333,0.29796908633748004,-0.0033264341218303493,-0.01417247304280056
14:30,midpoint,1.0,none,0.0,140,0.4928571428571429,0.6989790057397018,-0.0011390209090106928,-0.16866123414152712
14:30,midpoint,1.0,median,0.9865015709721467,53,0.4716981132075472,0.7561649604852799,-0.0010083490852029774,-0.051629827359916836
14:30,midpoint,1.0,upper_quartile,1.601467578179715,16,0.4375,0.71793124082092,-0.0014570650367649457,-0.04284342703080202
14:30,midpoint,1.5,none,0.0,140,0.4,0.6373391199501418,-0.0016179567749580299,-0.22497519299797952
14:30,midpoint,1.5,median,0.9865015709721467,53,0.41509433962264153,0.7236396906181821,-0.0012975052961949896,-0.0741531599364782
14:30,midpoint,1.5,upper_quartile,1.601467578179715,16,0.375,0.6994227525747941,-0.0017545832335946962,-0.03405390758174631
14:30,midpoint,2.0,none,0.0,140,0.35714285714285715,0.6986433446925513,-0.0014065947715088446,-0.21381905072884166
14:30,midpoint,2.0,median,0.9865015709721467,53,0.37735849056603776,0.8407400777425672,-0.000776060125530796,-0.06323913747410448
14:30,midpoint,2.0,upper_quartile,1.601467578179715,16,0.375,0.8844500035406667,-0.0006745090926415578,-0.026708804691605637
14:30,opposite_boundary,1.0,none,0.0,59,0.4406779661016949,0.6806819498518516,-0.0014394575548738653,-0.11427669731419277
14:30,opposite_boundary,1.0,median,0.9865015709721467,14,0.5,1.001943399587401,7.384427760374157e-06,-0.02367432219232657
14:30,opposite_boundary,1.0,upper_quartile,1.601467578179715,3,0.3333333333333333,0.36812485450216176,-0.0029940149412436643,-0.01417247304280056
14:30,opposite_boundary,1.5,none,0.0,59,0.3728813559322034,0.6909933529509916,-0.0015277515462315224,-0.1263962785993088
14:30,opposite_boundary,1.5,median,0.9865015709721467,14,0.42857142857142855,1.041088039643016,0.0001745024168695359,-0.035187056610907486
14:30,opposite_boundary,1.5,upper_quartile,1.601467578179715,3,0.3333333333333333,0.5873616300168175,-0.0019552050019101537,-0.01417247304280056
14:30,opposite_boundary,2.0,none,0.0,59,0.3559322033898305,0.7451798973875055,-0.001288942568999658,-0.13076960488331468
14:30,opposite_boundary,2.0,median,0.9865015709721467,14,0.42857142857142855,1.2139993131028135,0.0009088629603483429,-0.031833693236077876
14:30,opposite_boundary,2.0,upper_quartile,1.601467578179715,3,0.3333333333333333,0.29796908633748004,-0.0033264341218303493,-0.01417247304280056
