Rule,Period,Signals,Count20,Mean20Pct,Median20Pct,Positive20Pct,BaselineMedian20Pct,MedianLift20Pct,Count60,Mean60Pct,Median60Pct,Positive60Pct,BaselineMedian60Pct,MedianLift60Pct,Count120,Mean120Pct,Median120Pct,Positive120Pct,BaselineMedian120Pct,MedianLift120Pct,Count252,Mean252Pct,Median252Pct,Positive252Pct,BaselineMedian252Pct,MedianLift252Pct
DailyDrop_0.75,Development,93,92,2.076709091126917,2.3644588619171847,75.0,2.0525768739019457,0.31188198801523903,88,6.278798896437482,6.723029763202848,81.81818181818183,5.808090184691483,0.9149395785113645,86,12.304696941195466,10.975348359889592,88.37209302325581,9.251863742368705,1.7234846175208869,82,26.138462387020844,19.327832338272554,96.34146341463415,18.5484494098076,0.7793829284649547
DailyDrop_0.75,Validation,32,31,1.1178769726731583,1.6444883144412614,67.74193548387096,2.081415579089374,-0.4369272646481126,29,4.195854230973873,4.740555125638224,79.3103448275862,5.75764046287317,-1.0170853372349464,26,9.094757891634577,8.811400897148092,88.46153846153845,13.776552975364108,-4.965152078216017,21,22.936119983990583,23.754677898757205,95.23809523809523,27.514059167119008,-3.7593812683618033
DailyDrop_0.75,FinalOOS,22,22,0.23217320775912975,0.529397938332743,59.09090909090909,0.40569191388903914,0.12370602444370382,20,1.63624269637326,2.219105733332638,60.0,0.742068109567029,1.477037623765609,16,3.2724910703229324,3.8197166056607723,75.0,1.527987764079819,2.2917288415809534,13,6.4867881436833255,8.070230493550913,92.3076923076923,6.4265911314855595,1.643639362065353
DailyDrop_1.00,Development,66,65,2.20832317359553,2.703136384137661,76.92307692307693,2.0525768739019457,0.6505595102357153,62,6.8420556204307665,6.729343048965431,80.64516129032258,5.808090184691483,0.9212528642739475,61,12.231982080937993,10.35717509704208,86.88524590163934,9.251863742368705,1.1053113546733755,59,27.58877703343458,19.56650219222893,96.61016949152543,18.5484494098076,1.0180527824213321
DailyDrop_1.00,Validation,27,26,1.532185106975192,1.6363306181343296,65.38461538461539,2.081415579089374,-0.44508496095504446,25,3.9092681556546807,4.034526537947869,80.0,5.75764046287317,-1.7231139249253014,22,8.499896510548757,8.811400897148092,86.36363636363636,13.776552975364108,-4.965152078216017,18,21.304604411667317,22.440747022990326,94.44444444444444,27.514059167119008,-5.073312144128682
DailyDrop_1.00,FinalOOS,15,15,0.8005403918420039,0.18008976610632832,53.333333333333336,0.40569191388903914,-0.22560214778271082,13,1.728343024434174,2.2836412776807924,61.53846153846154,0.742068109567029,1.5415731681137634,10,3.0995866368995437,3.9324147338239523,60.0,1.527987764079819,2.4044269697441334,8,8.10032141216474,8.090400257396901,100.0,6.4265911314855595,1.6638091259113414
DailyDrop_1.25,Development,44,43,2.016726162203477,2.3870885429956523,72.09302325581395,2.0525768739019457,0.33451166909370667,41,8.620154812135587,8.265819537893893,85.36585365853658,5.808090184691483,2.45772935320241,40,14.505132268831902,10.917966738744378,87.5,9.251863742368705,1.6661029963756722,38,32.06782744253066,21.735513679607898,100.0,18.5484494098076,3.187064269800299
DailyDrop_1.25,Validation,18,17,1.4612364379369642,2.3487681856771303,58.82352941176471,2.081415579089374,0.2673526065877563,16,2.9795952906684837,2.6847296531745113,68.75,5.75764046287317,-3.072910809698659,14,5.340024827482854,5.29978253591179,78.57142857142857,13.776552975364108,-8.476770439452318,12,14.768982645458268,16.783143628281195,83.33333333333334,27.514059167119008,-10.730915538837813
DailyDrop_1.25,FinalOOS,7,7,2.0870529457980926,1.9147948056223552,71.42857142857143,0.40569191388903914,1.509102891733316,6,3.522769761972897,2.769482227209552,83.33333333333334,0.742068109567029,2.027414117642523,4,3.4359518670827733,2.301647907161991,50.0,1.527987764079819,0.7736601430821719,4,9.041194897478988,9.04648939303786,100.0,6.4265911314855595,2.6198982615523
DailyDrop_1.50,Development,29,28,1.7435469032208855,2.153869787042706,71.42857142857143,2.0525768739019457,0.10129291314076028,27,9.27591973026959,8.273869834220804,85.18518518518519,5.808090184691483,2.4657796495293205,27,17.596107974725054,15.317377320889491,92.5925925925926,9.251863742368705,6.065513578520786,25,34.833772028642976,25.57593487172578,100.0,18.5484494098076,7.027485461918182
DailyDrop_1.50,Validation,13,12,1.379536158223089,1.2430324778596957,58.333333333333336,2.081415579089374,-0.8383831012296783,11,2.17130047218257,1.844668327933241,63.63636363636363,5.75764046287317,-3.9129721349399293,10,5.2387283554778525,3.696787171095106,70.0,13.776552975364108,-10.079765804269002,9,15.335117569951292,16.10921445755482,88.88888888888889,27.514059167119008,-11.404844709564188
DailyDrop_1.50,FinalOOS,3,3,4.919950668247633,4.205679866227441,100.0,0.40569191388903914,3.7999879523384017,2,7.409775783866701,7.409775783866701,100.0,0.742068109567029,6.667707674299672,1,11.926052519462393,11.926052519462393,100.0,1.527987764079819,10.398064755382574,1,10.954626437894577,10.954626437894577,100.0,6.4265911314855595,4.528035306409017
ThreeDayDrop_1.50,Development,64,63,1.6206587153112968,2.0739073138589914,69.84126984126983,2.0525768739019457,0.021330439957045755,61,6.712446887896021,6.508873212974198,80.32786885245902,5.808090184691483,0.7007830282827143,60,12.191622158932534,10.442690438112034,85.0,9.251863742368705,1.1908266957433291,56,26.956306384047537,20.613384239839515,98.21428571428571,18.5484494098076,2.064934830031916
ThreeDayDrop_1.50,Validation,26,25,2.0244356424322723,2.3487681856771303,64.0,2.081415579089374,0.2673526065877563,24,4.485368044148022,4.686746948148635,75.0,5.75764046287317,-1.0708935147245358,21,8.245564601454877,8.964393363370338,80.95238095238095,13.776552975364108,-4.812159611993771,18,21.133355292602264,23.72264721584887,88.88888888888889,27.514059167119008,-3.7914119512701383
ThreeDayDrop_1.50,FinalOOS,14,14,0.1968835651012278,0.14614596306752325,50.0,0.40569191388903914,-0.2595459508215159,13,1.6199107106772532,2.2836412776807924,61.53846153846154,0.742068109567029,1.5415731681137634,9,3.5861020743307854,5.574214346296458,66.66666666666666,1.527987764079819,4.046226582216638,7,8.046692394321601,7.968380938098307,100.0,6.4265911314855595,1.5417898066127478
ThreeDayDrop_2.00,Development,42,41,1.5134490593730539,1.7586335658102525,70.73170731707317,2.0525768739019457,-0.2939433080916931,39,7.563153148219685,6.40731385899409,84.61538461538461,5.808090184691483,0.5992236743026069,39,13.812321582658319,10.977182143862096,87.17948717948718,9.251863742368705,1.725318401493391,37,28.428880426131936,20.286574543155055,97.2972972972973,18.5484494098076,1.7381251333474559
ThreeDayDrop_2.00,Validation,17,16,1.8426780329414465,2.6183891560800254,62.5,2.081415579089374,0.5369735769906514,15,3.8336967046975956,3.852773498444728,60.0,5.75764046287317,-1.9048669644284422,14,8.131234271109987,5.081168825940907,78.57142857142857,13.776552975364108,-8.695384149423202,11,18.309008467478424,19.386316985736872,100.0,27.514059167119008,-8.127742181382136
ThreeDayDrop_2.00,FinalOOS,9,9,0.8153463573553609,0.46457111675881624,55.55555555555556,0.40569191388903914,0.0588792028697771,9,2.268616816042448,1.5090570479029175,66.66666666666666,0.742068109567029,0.7669889383358885,6,4.66105103827544,5.262320739817317,66.66666666666666,1.527987764079819,3.7343329757374977,5,8.665941475358089,8.208544682019102,100.0,6.4265911314855595,1.7819535505335429
ThreeDayDrop_2.50,Development,24,23,1.2966644708122488,1.72219902888886,65.21739130434783,2.0525768739019457,-0.33037784501308565,21,8.825346200884702,8.60073892087545,90.47619047619048,5.808090184691483,2.792648736183967,21,15.459388247355804,11.754593249688995,85.71428571428571,9.251863742368705,2.5027295073202893,21,31.828442319389232,19.48592307854775,95.23809523809523,18.5484494098076,0.9374736687401501
ThreeDayDrop_2.50,Validation,10,9,1.5785238895699185,1.2313561540795215,55.55555555555556,2.081415579089374,-0.8500594250098525,9,2.4136378012596027,1.2588351578672663,55.55555555555556,5.75764046287317,-4.498805305005904,9,6.118709116914149,5.95123386567038,66.66666666666666,13.776552975364108,-7.825319109693728,8,14.865826585534114,12.581089784144295,87.5,27.514059167119008,-14.932969382974713
ThreeDayDrop_2.50,FinalOOS,5,5,2.1233072391230956,0.6475876802563674,80.0,0.40569191388903914,0.24189576636732824,5,2.1498257168234525,0.7664788924126142,60.0,0.742068109567029,0.024410782845585288,4,5.704432936452647,6.349255658701381,75.0,1.527987764079819,4.8212678946215615,4,8.80478433888689,8.370925264934105,100.0,6.4265911314855595,1.944334133448545
FiveDayDrop_2.00,Development,43,42,0.6960655416579382,1.412212982745542,61.904761904761905,2.0525768739019457,-0.6403638911564036,40,5.190522558352377,5.514237476156314,80.0,5.808090184691483,-0.2938527085351694,40,10.51106514045443,10.783255323132812,85.0,9.251863742368705,1.5313915807641063,39,24.159995142044828,18.94153107605718,97.43589743589743,18.5484494098076,0.3930816662495822
FiveDayDrop_2.00,Validation,18,17,1.3991222049582546,0.6685755858060416,58.82352941176471,2.081415579089374,-1.4128399932833324,16,4.178458325463774,3.853282468267094,62.5,5.75764046287317,-1.9043579946060762,14,7.265572287467618,6.028729110460795,71.42857142857143,13.776552975364108,-7.747823864903313,12,18.162923040379187,19.685420167218513,91.66666666666666,27.514059167119008,-7.828638999900495
FiveDayDrop_2.00,FinalOOS,10,10,0.7330353224550346,0.7891437744368623,70.0,0.40569191388903914,0.3834518605478232,10,2.518625955276146,2.925292435929061,70.0,0.742068109567029,2.183224326362032,7,4.1935144988644595,6.453136524496794,71.42857142857143,1.527987764079819,4.925148760416976,6,7.979909715488076,8.227759812508262,100.0,6.4265911314855595,1.8011686810227028
FiveDayDrop_2.50,Development,33,32,0.5064445789502877,1.8124687207772716,62.5,2.0525768739019457,-0.24010815312467404,30,5.755878667049228,6.756427008466492,86.66666666666667,5.808090184691483,0.9483368237750085,30,11.285075026435063,11.07937392173316,86.66666666666667,9.251863742368705,1.8275101793644541,29,27.312236545962755,19.359172763083855,100.0,18.5484494098076,0.8107233532762557
FiveDayDrop_2.50,Validation,12,11,0.9611419840156646,2.8880101264829205,54.54545454545454,2.081415579089374,0.8065945473935465,10,1.2431475071451314,0.6957138910155813,50.0,5.75764046287317,-5.0619265718575885,10,5.4703944957799555,3.027887581537403,70.0,13.776552975364108,-10.748665393826705,9,15.059811759819713,13.676254167208945,88.88888888888889,27.514059167119008,-13.837804999910063
FiveDayDrop_2.50,FinalOOS,7,7,2.7673419229471783,2.5012365636799982,85.71428571428571,0.40569191388903914,2.095544649790959,7,3.7428554023382805,2.934420146994321,71.42857142857143,0.742068109567029,2.192352037427292,5,6.8610784248206285,8.684002707581229,80.0,1.527987764079819,7.156014943501409,5,9.235822428593178,8.619372127835522,100.0,6.4265911314855595,2.1927809963499625
FiveDayDrop_3.00,Development,21,20,0.536065987261341,1.6525583509263142,65.0,2.0525768739019457,-0.40001852297563145,19,7.054707114423138,8.098649816441238,94.73684210526315,5.808090184691483,2.2905596317497547,19,12.4016790535077,11.291905261176982,84.21052631578947,9.251863742368705,2.0400415188082768,19,29.417444011005212,19.359172763083855,100.0,18.5484494098076,0.8107233532762557
FiveDayDrop_3.00,Validation,8,8,2.212312664015739,3.5896327996893684,75.0,2.081415579089374,1.5082172205999944,7,3.4756991510969435,1.9452536052113611,57.14285714285714,5.75764046287317,-3.812386857661809,7,6.768585921615121,6.299261414595647,71.42857142857143,13.776552975364108,-7.477291560768461,6,13.615919923735284,11.979917934752638,83.33333333333334,27.514059167119008,-15.53414123236637
FiveDayDrop_3.00,FinalOOS,2,2,4.4176117716332115,4.4176117716332115,100.0,0.40569191388903914,4.011919857744172,2,6.454834008350463,6.454834008350463,100.0,0.742068109567029,5.712765898783434,2,5.059610214203913,5.059610214203913,50.0,1.527987764079819,3.5316224501240945,2,9.238643412839675,9.238643412839675,100.0,6.4265911314855595,2.8120522813541156
TwentyDayDD_2,Development,81,79,1.5854856551440124,2.0780119199659275,70.88607594936708,2.0525768739019457,0.025435046063981837,77,6.567817061395227,6.318446223339147,79.22077922077922,5.808090184691483,0.5103560386476635,76,12.4135465543084,10.710372880478758,88.1578947368421,9.251863742368705,1.4585091381100526,72,25.775471289658224,18.800548011461515,97.22222222222221,18.5484494098076,0.2520986016539162
TwentyDayDD_2,Validation,27,26,1.4525219270122995,2.3214748708273225,65.38461538461539,2.081415579089374,0.2400592917379485,25,3.459671927006679,3.5579657946468446,72.0,5.75764046287317,-2.1996746682263257,23,8.333341636909191,7.103805560365317,82.6086956521739,13.776552975364108,-6.672747414998791,19,20.947024218235903,22.165846864375816,94.73684210526315,27.514059167119008,-5.3482123027431925
TwentyDayDD_2,FinalOOS,21,20,0.33626455443796277,0.30368731477574684,55.00000000000001,0.40569191388903914,-0.1020045991132923,19,1.907390360204153,2.2836412776807924,68.42105263157895,0.742068109567029,1.5415731681137634,15,2.9259883205783956,4.05950282899703,60.0,1.527987764079819,2.5315150649172113,10,7.66874107108427,7.947261851559695,100.0,6.4265911314855595,1.5206707200741354
TwentyDayDD_3,Development,48,47,1.422751902101274,1.835014473533203,68.08510638297872,2.0525768739019457,-0.21756240036874264,45,7.123593348689883,6.525773974598326,84.44444444444444,5.808090184691483,0.7176837899068422,45,13.343572970425544,10.712834268064707,91.11111111111111,9.251863742368705,1.460970525696002,44,28.026208236321548,19.324399301984464,100.0,18.5484494098076,0.7759498921768646
TwentyDayDD_3,Validation,18,17,1.5340123094680946,3.710756001149229,64.70588235294117,2.081415579089374,1.629340422059855,16,2.7479366417195594,1.5260651301937433,62.5,5.75764046287317,-4.2315753326794265,16,7.470399699499677,6.813526723703777,81.25,13.776552975364108,-6.963026251660331,15,19.86992432592066,21.520935660665195,100.0,27.514059167119008,-5.993123506453813
TwentyDayDD_3,FinalOOS,11,10,0.8239512422500117,0.7581291816219804,70.0,0.40569191388903914,0.35243726773294126,10,2.7633002153115473,1.460524540698549,60.0,0.742068109567029,0.71845643113152,8,6.514410881795365,8.508507527797338,87.5,1.527987764079819,6.980519763717519,8,8.571821374754435,8.659015323544228,100.0,6.4265911314855595,2.2324241920586685
TwentyDayDD_4,Development,33,32,1.2178578565312823,2.402310996347279,68.75,2.0525768739019457,0.3497341224453332,30,7.381674110130705,7.4692642518178864,90.0,5.808090184691483,1.661174067126403,30,13.441298897334292,11.583579425082235,90.0,9.251863742368705,2.3317156827135292,30,29.58891753972234,21.04782782336767,100.0,18.5484494098076,2.49937841356007
TwentyDayDD_4,Validation,14,14,1.1626436446989266,3.299383063816075,64.28571428571429,2.081415579089374,1.2179674847267008,13,0.9853499241194198,0.43471498251170804,53.84615384615385,5.75764046287317,-5.322925480361462,13,6.0016631502688895,5.056851945648666,76.92307692307693,13.776552975364108,-8.719701029715441,12,15.776275528469249,15.592165833093075,83.33333333333334,27.514059167119008,-11.921893334025933
TwentyDayDD_4,FinalOOS,6,6,2.446945429568348,1.297638576057647,83.33333333333334,0.40569191388903914,0.8919466621686079,6,3.201877055694946,1.5740273470726485,66.66666666666666,0.742068109567029,0.8319592375056195,4,7.051005871749988,9.042401529296063,75.0,1.527987764079819,7.5144137652162435,4,8.407721021161068,8.02798311781694,100.0,6.4265911314855595,1.6013919863313797
SixtyDayDD_4,Development,50,49,2.121686227317121,2.464636273829801,75.51020408163265,2.0525768739019457,0.41205939992785545,47,8.388223069022768,6.790942473807937,93.61702127659575,5.808090184691483,0.9828522891164537,47,14.103982132988243,12.192132029476866,91.48936170212765,9.251863742368705,2.940268287108161,47,30.908357940827386,22.736482883651487,100.0,18.5484494098076,4.188033473843888
SixtyDayDD_4,Validation,17,17,0.9888839054374498,2.8880101264829205,58.82352941176471,2.081415579089374,0.8065945473935465,16,0.736610641004113,0.8210884574829769,56.25,5.75764046287317,-4.936552005390194,16,5.803710230823061,6.1768791225844115,75.0,13.776552975364108,-7.599673852779697,15,16.460712713490253,19.741785766907327,86.66666666666667,27.514059167119008,-7.772273400211681
SixtyDayDD_4,FinalOOS,14,14,1.231680668830802,2.2146921107110806,71.42857142857143,0.40569191388903914,1.8090001968220415,13,3.3802844839980457,2.8626020109740136,84.61538461538461,0.742068109567029,2.1205339014069846,9,6.842920980905537,7.162417954640743,88.88888888888889,1.527987764079819,5.6344301905609235,9,8.477294624553828,8.533305847849103,100.0,6.4265911314855595,2.106714716363544
SixtyDayDD_5,Development,39,37,2.478096894074857,2.644100054377385,78.37837837837837,2.0525768739019457,0.5915231804754395,37,9.481007709777735,7.586968730136179,94.5945945945946,5.808090184691483,1.7788785454446954,37,15.947200139846798,11.63011822677773,94.5945945945946,9.251863742368705,2.378254484409025,37,33.434108083646194,22.210428224955404,100.0,18.5484494098076,3.6619788151478048
SixtyDayDD_5,Validation,12,12,0.06455600837434275,-0.4887168704792999,50.0,2.081415579089374,-2.570132449568674,12,0.35780240919066153,0.28747938966248165,50.0,5.75764046287317,-5.470161073210688,12,4.134659118252791,4.536131679111433,75.0,13.776552975364108,-9.240421296252675,12,14.649966577156817,16.709019967058136,91.66666666666666,27.514059167119008,-10.805039200060872
SixtyDayDD_5,FinalOOS,6,6,2.5719091040519353,1.5810213177596344,83.33333333333334,0.40569191388903914,1.1753294038705953,6,4.684398240954756,4.484612135636246,66.66666666666666,0.742068109567029,3.7425440260692167,4,10.106494703520873,9.936459966178091,100.0,1.527987764079819,8.408472202098272,4,8.215860790613977,8.42149405974314,100.0,6.4265911314855595,1.9949029282575799
RSI_30,Development,15,15,-0.19163544318024917,2.3154275306503713,66.66666666666666,2.0525768739019457,0.26285065674842567,15,5.830947193541328,3.1217001732569027,86.66666666666667,5.808090184691483,-2.6863900114345807,15,14.012751701391146,11.189459932167045,93.33333333333333,9.251863742368705,1.9375961897983398,15,25.970362368428262,15.934372376090188,100.0,18.5484494098076,-2.614077033717411
RSI_30,Validation,4,4,1.6758648992106773,2.8673682694247526,75.0,2.081415579089374,0.7859526903353786,4,3.9373056302376335,1.33997844074219,50.0,5.75764046287317,-4.417662022130981,4,4.471647786492247,4.601567186902111,75.0,13.776552975364108,-9.174985788461997,4,13.06186095458734,11.267406678563685,75.0,27.514059167119008,-16.246652488555323
RSI_30,FinalOOS,3,3,1.8078853671248434,2.5012365636799982,66.66666666666666,0.40569191388903914,2.095544649790959,3,2.9298432398875085,1.5090570479029175,66.66666666666666,0.742068109567029,0.7669889383358885,2,4.467271437630105,4.467271437630105,50.0,1.527987764079819,2.939283673550286,1,8.24697494299742,8.24697494299742,100.0,6.4265911314855595,1.820383811511861
RSI_35,Development,20,20,0.4042310312493341,1.9396400403117187,65.0,2.0525768739019457,-0.11293683359022699,20,6.301683792745175,6.674488565541036,75.0,5.808090184691483,0.866398380849553,20,14.702232390301845,11.580707376536491,95.0,9.251863742368705,2.328843634167786,20,28.59939398494678,23.037728337107687,100.0,18.5484494098076,4.489278927300088
RSI_35,Validation,6,6,2.0444145533200104,3.4947207867932484,83.33333333333334,2.081415579089374,1.4133052077038744,6,2.9218946162175516,3.1818037716392022,66.66666666666666,5.75764046287317,-2.575836691233968,6,6.073439435961605,6.0959899418449925,83.33333333333334,13.776552975364108,-7.680563033519116,6,18.91185686670312,21.565427990000817,83.33333333333334,27.514059167119008,-5.948631177118191
RSI_35,FinalOOS,8,8,1.0903542523487075,1.1993157514516017,62.5,0.40569191388903914,0.7936238375625626,8,2.828845665314586,0.7644412593901528,50.0,0.742068109567029,0.022373149823123883,6,6.379117384316409,9.066459542767147,66.66666666666666,1.527987764079819,7.538471778687327,4,7.747399288796525,8.094559933775924,100.0,6.4265911314855595,1.667968802290365
RSI_40,Development,39,38,1.593959092415499,2.2903255563178626,71.05263157894737,2.0525768739019457,0.23774868241591696,37,6.436061757113416,6.179001428474251,83.78378378378379,5.808090184691483,0.37091124378276774,37,12.015818072901315,10.303005343519311,91.8918918918919,9.251863742368705,1.051141601150606,37,23.935626294338597,17.159622394368988,94.5945945945946,18.5484494098076,-1.3888270154386113
RSI_40,Validation,11,11,1.6288872036890314,3.0778341522751607,63.63636363636363,2.081415579089374,0.9964185731857866,10,3.1501160969061046,2.8990135518280447,60.0,5.75764046287317,-2.8586269110451257,10,6.871345648102746,6.599040818091007,80.0,13.776552975364108,-7.177512157273101,9,16.60478134723374,20.577677688628704,100.0,27.514059167119008,-6.936381478490304
RSI_40,FinalOOS,14,14,0.8930603332193738,1.4155762914418224,71.42857142857143,0.40569191388903914,1.0098843775527833,13,2.6339175757212505,2.1545701889844837,61.53846153846154,0.742068109567029,1.4125020794174548,11,4.112698635096348,4.01668748542976,72.72727272727273,1.527987764079819,2.4886997213499407,7,8.957722683483535,9.00834837545128,100.0,6.4265911314855595,2.581757243965721
DD3_RSI35,Development,19,19,0.13127100876730566,1.8178290219467153,63.1578947368421,2.0525768739019457,-0.2347478519552304,19,6.12665564392737,6.40731385899409,73.68421052631578,5.808090184691483,0.5992236743026069,19,14.715404653807887,12.014190089136289,94.73684210526315,9.251863742368705,2.7623263467675834,19,28.621182102582925,20.713082502999146,100.0,18.5484494098076,2.164633093191547
DD3_RSI35,Validation,6,6,2.0444145533200104,3.4947207867932484,83.33333333333334,2.081415579089374,1.4133052077038744,6,2.9218946162175516,3.1818037716392022,66.66666666666666,5.75764046287317,-2.575836691233968,6,6.073439435961605,6.0959899418449925,83.33333333333334,13.776552975364108,-7.680563033519116,6,18.91185686670312,21.565427990000817,83.33333333333334,27.514059167119008,-5.948631177118191
DD3_RSI35,FinalOOS,6,6,2.175847610137864,2.1533890601190486,83.33333333333334,0.40569191388903914,1.7476971462300095,6,4.3966708891740485,4.631523001803406,66.66666666666666,0.742068109567029,3.889454892236377,4,10.285259477081187,10.293989513298719,100.0,1.527987764079819,8.7660017492189,4,7.747399288796525,8.094559933775924,100.0,6.4265911314855595,1.667968802290365
Drop5_2_RSI35,Development,16,16,-0.7240572959222209,0.9947004443809471,56.25,2.0525768739019457,-1.0578764295209986,16,4.8765824954745,5.777456226646594,75.0,5.808090184691483,-0.030633958044889553,16,12.886782314510892,11.129645131655973,93.75,9.251863742368705,1.877781389287268,16,25.85900910567912,20.630067217918945,100.0,18.5484494098076,2.0816178081113463
Drop5_2_RSI35,Validation,6,6,2.0444145533200104,3.4947207867932484,83.33333333333334,2.081415579089374,1.4133052077038744,6,2.9218946162175516,3.1818037716392022,66.66666666666666,5.75764046287317,-2.575836691233968,6,6.073439435961605,6.0959899418449925,83.33333333333334,13.776552975364108,-7.680563033519116,6,18.91185686670312,21.565427990000817,83.33333333333334,27.514059167119008,-5.948631177118191
Drop5_2_RSI35,FinalOOS,5,5,3.202613717374851,2.5012365636799982,100.0,0.40569191388903914,2.095544649790959,5,4.2481221986486855,2.958600285515267,60.0,0.742068109567029,2.216532175948238,3,10.349791106253026,10.496314437031762,100.0,1.527987764079819,8.968326672951942,3,9.244969076247035,8.533305847849103,100.0,6.4265911314855595,2.106714716363544
Daily1_DD2,Development,47,46,2.131875292071584,2.429097097437427,73.91304347826086,2.0525768739019457,0.3765202235354814,44,7.924418460931835,8.182234677167566,81.81818181818183,5.808090184691483,2.3741444924760824,44,14.050132577121467,11.274729757755942,90.9090909090909,9.251863742368705,2.022866015387237,42,30.069310130548608,20.613384239839515,97.61904761904762,18.5484494098076,2.064934830031916
Daily1_DD2,Validation,17,16,1.7165218467453627,1.8473847302642232,56.25,2.081415579089374,-0.2340308488251508,15,3.183493187764309,1.3534086678193669,66.66666666666666,5.75764046287317,-4.4042317950538035,14,7.036342129230942,6.371736395489069,85.71428571428571,13.776552975364108,-7.404816579875039,13,19.1779986380385,20.809781379898062,100.0,27.514059167119008,-6.704277787220946
Daily1_DD2,FinalOOS,12,12,0.4595316177539832,-0.2798698992500015,41.66666666666667,0.40569191388903914,-0.6855618131390406,11,1.7631338938462884,0.22650637821899355,54.54545454545454,0.742068109567029,-0.5155617313480354,8,3.896203150420767,4.065503892067435,62.5,1.527987764079819,2.5375161279876157,6,9.032778390512997,8.370925264934105,100.0,6.4265911314855595,1.944334133448545
Drop3_2_DD3,Development,27,26,0.7654617084534461,1.492172636427802,61.53846153846154,2.0525768739019457,-0.5604042374741436,24,7.290861586928461,7.303761514707718,87.5,5.808090184691483,1.4956713300162345,24,13.51599325351043,10.771500714354476,87.5,9.251863742368705,1.5196369719857703,24,30.198913013287505,19.953112347961298,100.0,18.5484494098076,1.4046629381536988
Drop3_2_DD3,Validation,11,10,1.2178209759997627,3.4011198319850555,60.0,2.081415579089374,1.3197042528956815,9,1.2724999772613408,-0.5538258231801985,44.44444444444444,5.75764046287317,-6.311466286053369,9,5.707784867748181,3.1597705407109933,66.66666666666666,13.776552975364108,-10.616782434653114,8,14.283981034787185,9.423187394661403,100.0,27.514059167119008,-18.090871772457604
Drop3_2_DD3,FinalOOS,6,6,2.7178008321386966,1.8685311925030312,83.33333333333334,0.40569191388903914,1.462839278613992,6,2.5553854674044936,1.1377679701577659,66.66666666666666,0.742068109567029,0.3956998605907369,4,5.704432936452647,6.349255658701381,75.0,1.527987764079819,4.8212678946215615,4,8.80478433888689,8.370925264934105,100.0,6.4265911314855595,1.944334133448545
