Date,Family,Variant,SignalTime,Direction,NiftyFromOpen,HDFCVWAPDistance,EntryTime,EntryPrice,Stop,Target,ExitTime,ExitPrice,ExitReason,GrossReturn,NetReturn,Sample
2024-06-27,trend_pullback,nifty_10bp_hdfc_15m,12:15,1,0.00507923480678607,0.001263310369566284,12:16,849.48,847.13,854.1800000000001,12:59,847.13,stop,-0.002766398267175285,-0.003766398267175285,Discovery
2024-06-28,trend_pullback,nifty_10bp_hdfc_15m,11:47,1,0.0021693189791538448,0.0004294509036530947,11:48,850.83,847.2,858.09,12:21,847.2,stop,-0.004266422199499353,-0.0052664221994993534,Discovery
2024-07-02,trend_pullback,nifty_10bp_hdfc_15m,11:40,-1,-0.003873497394624059,-9.531957044117689e-05,11:41,857.9,862.18,849.34,11:55,862.18,stop,-0.004988926448304065,-0.005988926448304065,Discovery
2024-07-08,trend_pullback,nifty_10bp_hdfc_15m,10:34,-1,-0.0019667522282666994,-0.0012746467057282995,10:35,821.93,824.28,817.2299999999999,11:41,817.2299999999999,target,0.005718248512647128,0.004718248512647128,Discovery
2024-07-09,trend_pullback,nifty_10bp_hdfc_15m,12:40,1,0.0018233337439941266,0.0003332528608952501,12:41,820.2,819.53,821.5400000000002,12:44,819.53,stop,-0.0008168739331870789,-0.001816873933187079,Discovery
2024-07-10,trend_pullback,nifty_10bp_hdfc_15m,10:35,-1,-0.010574472042960137,-0.0008020331899056821,10:36,814.65,818.08,807.7899999999998,15:14,812.73,time,0.0023568403608911215,0.0013568403608911215,Discovery
2024-07-12,trend_pullback,nifty_10bp_hdfc_15m,10:53,1,0.003501729337644033,0.0017103665941184953,10:54,809.73,806.15,816.8900000000001,12:12,816.8900000000001,target,0.008842453657392113,0.007842453657392112,Discovery
2024-07-15,trend_pullback,nifty_10bp_hdfc_15m,13:15,1,0.0015800647480845864,0.00013642287083559523,13:16,810.98,809.5,813.94,15:14,811.08,time,0.0001233076031468272,-0.0008766923968531728,Discovery
2024-07-16,trend_pullback,nifty_10bp_hdfc_15m,12:50,1,0.001322316064007456,0.00020351526897632866,12:51,811.98,811.75,812.44,12:51,812.44,target,0.0005665164166606118,-0.0004334835833393882,Discovery
2024-07-18,trend_pullback,nifty_10bp_hdfc_15m,13:10,1,0.00503589501218249,0.0011676934330711042,13:11,805.8,803.43,810.54,14:02,810.54,target,0.00588235294117645,0.00488235294117645,Discovery
2024-07-19,trend_pullback,nifty_10bp_hdfc_15m,10:47,-1,-0.007063306214743825,-0.00014983246067601375,10:48,807.4,809.25,803.6999999999999,11:00,803.6999999999999,target,0.004582610849640845,0.0035826108496408446,Discovery
2024-07-23,trend_pullback,nifty_10bp_hdfc_15m,11:25,-1,-0.0033233071077664045,-0.0003030163044895895,11:26,816.58,819.5,810.7400000000001,12:18,810.7400000000001,target,0.007151779372504774,0.006151779372504774,Discovery
2024-07-24,trend_pullback,nifty_10bp_hdfc_15m,09:49,-1,-0.0028451684294711344,-0.0004822429397265404,09:50,806.15,809.95,798.5499999999998,09:53,809.95,stop,-0.0047137629473423814,-0.0057137629473423815,Discovery
2024-07-26,trend_pullback,nifty_10bp_hdfc_15m,09:47,1,0.003930664712252785,0.0001120598838719733,09:48,801.75,798.23,808.79,13:40,808.79,target,0.008780792017461847,0.007780792017461847,Discovery
2024-07-29,trend_pullback,nifty_10bp_hdfc_15m,09:51,-1,-0.0013149823800379101,-0.0001349167340062296,09:52,807.85,809.95,803.65,10:48,809.95,stop,-0.0025994924800396557,-0.0035994924800396557,Discovery
2024-08-09,trend_pullback,nifty_10bp_hdfc_15m,10:03,-1,-0.001189165472375464,-0.0010566938932746739,10:04,827.7,831.28,820.5400000000002,15:14,824.53,time,0.0038298900567839134,0.0028298900567839133,Discovery
2024-08-13,trend_pullback,nifty_10bp_hdfc_15m,13:08,-1,-0.004769465561048847,-0.00017529741558319767,13:09,807.83,808.75,805.9900000000001,13:53,805.9900000000001,target,0.0022777069432924346,0.0012777069432924346,Discovery
2024-08-19,trend_pullback,nifty_10bp_hdfc_15m,12:10,-1,-0.00303616404215723,-0.0004094276939722308,12:11,813.88,816.4,808.84,15:13,816.4,stop,-0.003096279549810843,-0.004096279549810843,Discovery
2024-08-21,trend_pullback,nifty_10bp_hdfc_15m,10:16,1,0.001780754480755098,7.294302662996799e-05,10:17,814.5,813.1,817.3,10:38,813.1,stop,-0.0017188459177409632,-0.002718845917740963,Discovery
2024-08-22,trend_pullback,nifty_10bp_hdfc_15m,09:48,-1,-0.002234207710932634,-0.00013627665217319507,09:49,816.35,819.15,810.7500000000001,15:14,816.05,time,0.0003674894346787916,-0.0006325105653212084,Discovery
2024-08-23,trend_pullback,nifty_10bp_hdfc_15m,10:13,-1,-0.001855474252779321,-5.5408798999123654e-05,10:14,814.23,816.0,810.69,15:14,811.78,time,0.00300897780725351,0.00200897780725351,Discovery
2024-08-26,trend_pullback,nifty_10bp_hdfc_15m,12:33,1,0.0043704152797909845,0.00017324643790028738,12:34,821.03,820.63,821.8299999999999,12:41,821.8299999999999,target,0.0009743858324300358,-2.5614167569964173e-05,Discovery
2024-08-27,trend_pullback,nifty_10bp_hdfc_15m,13:07,1,0.0012527572647933471,0.00022978514362592684,13:08,820.68,819.23,823.5799999999998,13:26,819.23,stop,-0.001766827508895008,-0.002766827508895008,Discovery
2024-08-29,trend_pullback,nifty_10bp_hdfc_15m,12:28,1,0.003495064968264794,0.00019895387218404892,12:29,818.45,816.25,822.8500000000001,14:42,816.25,stop,-0.002688007819659166,-0.003688007819659166,Discovery
2024-09-02,trend_pullback,nifty_10bp_hdfc_15m,10:20,-1,-0.0015177471816084642,-0.0002097936705431902,10:21,818.5,820.23,815.04,11:58,815.04,target,0.004227244960293253,0.0032272449602932527,Discovery
2024-09-03,trend_pullback,nifty_10bp_hdfc_15m,10:28,-1,-0.0025875623187718855,-9.628177166720597e-05,10:29,814.93,815.68,813.43,10:37,815.68,stop,-0.0009203244450444181,-0.0019203244450444181,Discovery
2024-09-04,trend_pullback,nifty_10bp_hdfc_15m,10:01,1,0.0013830238800796035,0.0001545027041192082,10:02,818.4,816.0,823.1999999999999,15:14,821.18,time,0.0033968719452590612,0.002396871945259061,Discovery
2024-09-05,trend_pullback,nifty_10bp_hdfc_15m,10:21,-1,-0.0018019445159501712,-3.101885444811714e-05,10:22,823.8,824.63,822.1399999999999,10:47,822.1399999999999,target,0.0020150521971353808,0.0010150521971353807,Discovery
2024-09-06,trend_pullback,nifty_10bp_hdfc_15m,13:12,-1,-0.009046095235058949,-0.00039327724009763365,13:13,820.18,821.25,818.0399999999998,14:03,821.25,stop,-0.001304591674998301,-0.002304591674998301,Discovery
2024-09-09,trend_pullback,nifty_10bp_hdfc_15m,13:21,1,0.0031180257337832806,0.0004381505213673087,13:22,818.9,817.3,822.1,14:45,822.1,target,0.003907681035535626,0.002907681035535626,Discovery
2024-09-11,trend_pullback,nifty_10bp_hdfc_15m,11:57,1,0.002003275545258587,0.0004288007815369532,11:58,824.38,822.5,828.14,14:07,822.5,stop,-0.0022805017103763037,-0.0032805017103763037,Discovery
2024-09-12,trend_pullback,nifty_10bp_hdfc_15m,10:18,-1,-0.0017837439868474414,-9.315278134525151e-06,10:19,826.93,828.85,823.0899999999998,14:01,828.85,stop,-0.002321841026447391,-0.003321841026447391,Discovery
2024-09-16,trend_pullback,nifty_10bp_hdfc_15m,11:08,-1,-0.001200473104482458,-4.205464475082188e-05,11:09,834.43,835.75,831.7899999999998,12:45,835.75,stop,-0.0015819181956546746,-0.0025819181956546746,Discovery
2024-09-19,trend_pullback,nifty_10bp_hdfc_15m,11:35,-1,-0.0023757162951381083,-0.0005528865552791862,11:36,855.5,859.0,848.5,15:14,854.4,time,0.0012857977790765585,0.00028579777907655843,Discovery
2024-09-23,trend_pullback,nifty_10bp_hdfc_15m,09:51,1,0.0019054944332892454,0.00026464283624738627,09:52,874.88,872.23,880.18,14:17,880.18,target,0.006057973664959748,0.005057973664959748,Discovery
2024-09-24,trend_pullback,nifty_10bp_hdfc_15m,12:37,1,0.0010396794932383546,0.000220072892450629,12:38,884.05,882.35,887.4499999999998,14:51,887.4499999999998,target,0.0038459363158189763,0.0028459363158189763,Discovery
2024-09-26,trend_pullback,nifty_10bp_hdfc_15m,11:04,1,0.002570619948164543,4.298997780427527e-05,11:05,887.13,885.55,890.2900000000001,11:58,890.2900000000001,target,0.0035620484032781174,0.0025620484032781174,Discovery
2024-10-04,trend_pullback,nifty_10bp_hdfc_15m,09:59,1,0.003867857469055158,0.0009707350636736223,10:00,839.83,836.0,847.4900000000001,10:11,836.0,stop,-0.004560446757081893,-0.005560446757081893,Discovery
2024-10-07,trend_pullback,nifty_10bp_hdfc_15m,10:40,-1,-0.00453275182286772,-0.0003583887323120871,10:41,825.3,826.15,823.5999999999999,10:46,823.5999999999999,target,0.0020598570216890932,0.0010598570216890932,Discovery
2024-10-09,trend_pullback,nifty_10bp_hdfc_15m,10:06,1,0.0019728075704745773,0.0012423959788363526,10:07,822.9,818.73,831.2399999999999,12:15,818.73,stop,-0.005067444403937249,-0.006067444403937249,Discovery
2024-10-10,trend_pullback,nifty_10bp_hdfc_15m,10:05,1,0.00176127625707867,0.0013541725444303765,10:06,819.98,816.25,827.44,14:04,827.44,target,0.00909778287275298,0.008097782872752979,Discovery
2024-10-11,trend_pullback,nifty_10bp_hdfc_15m,09:51,1,0.0011626836579907707,0.000715443019141615,09:52,828.28,825.5,833.8399999999999,11:04,825.5,stop,-0.0033563529241319445,-0.0043563529241319445,Discovery
2024-10-18,trend_pullback,nifty_10bp_hdfc_15m,10:06,-1,-0.0012264367047165603,-6.595243343365809e-05,10:07,830.78,833.03,826.28,10:15,833.03,stop,-0.0027082982257637944,-0.0037082982257637944,Discovery
2024-10-21,trend_pullback,nifty_10bp_hdfc_15m,11:35,-1,-0.00828653458165629,-7.59015045070921e-05,11:36,866.48,872.73,853.98,15:14,864.7,time,0.0020542886160095364,0.0010542886160095364,Discovery
2024-10-22,trend_pullback,nifty_10bp_hdfc_15m,10:16,-1,-0.0023509344258660914,-0.0013564536784839154,10:17,865.0,869.5,856.0,11:45,856.0,target,0.010404624277456698,0.009404624277456697,Discovery
2024-10-25,trend_pullback,nifty_10bp_hdfc_15m,11:37,-1,-0.011632788039995012,-0.001138024766408563,11:38,870.38,873.08,864.9799999999999,14:33,864.9799999999999,target,0.006204186677083667,0.005204186677083667,Discovery
2024-10-28,trend_pullback,nifty_10bp_hdfc_15m,10:18,1,0.004354441654193186,0.0007411880886190048,10:19,873.2,870.65,878.3000000000002,10:29,870.65,stop,-0.002920293174530575,-0.003920293174530575,Discovery
2024-10-29,trend_pullback,nifty_10bp_hdfc_15m,10:52,-1,-0.006695754217729055,-0.00011477301065965229,10:53,866.5,868.8,861.9000000000001,10:59,868.8,stop,-0.0026543566070398317,-0.0036543566070398317,Discovery
2024-10-30,trend_pullback,nifty_10bp_hdfc_15m,10:57,1,0.0029563279985391766,0.0001180273120306996,10:58,872.58,869.05,879.6400000000002,13:05,869.05,stop,-0.004045474340461763,-0.005045474340461763,Discovery
2024-10-31,trend_pullback,nifty_10bp_hdfc_15m,10:11,-1,-0.0031293827272035335,-4.2714656147579966e-05,10:12,865.5,867.93,860.6400000000001,12:43,860.6400000000001,target,0.00561525129982654,0.00461525129982654,Discovery
2024-11-04,trend_pullback,nifty_10bp_hdfc_15m,10:42,-1,-0.01630835980794343,-0.0002503040187916694,10:43,866.9,869.85,860.9999999999999,12:49,860.9999999999999,target,0.00680585996077987,0.00580585996077987,Discovery
2024-11-05,trend_pullback,nifty_10bp_hdfc_15m,11:40,-1,-0.001057847093011044,-0.0010981219317167668,11:41,853.65,858.6,843.7499999999999,12:53,858.6,stop,-0.00579862941486553,-0.00679862941486553,Discovery
2024-11-07,trend_pullback,nifty_10bp_hdfc_15m,11:11,-1,-0.010461583692669474,-0.0004905436203066493,11:12,874.25,877.0,868.75,15:14,873.0,time,0.001429796968830388,0.00042979696883038796,Discovery
2024-11-08,trend_pullback,nifty_10bp_hdfc_15m,10:44,-1,-0.0015098501716396262,-0.00012076721049281147,10:45,876.23,878.0,872.69,11:24,878.0,stop,-0.0020200175752942418,-0.0030200175752942418,Discovery
2024-11-11,trend_pullback,nifty_10bp_hdfc_15m,09:53,1,0.0028106155746296935,0.0003731133495521455,09:54,879.23,876.6,884.49,10:33,884.49,target,0.00598250742126627,0.00498250742126627,Discovery
2024-11-13,trend_pullback,nifty_10bp_hdfc_15m,09:48,-1,-0.003666709343497554,-0.000701701312356473,09:49,861.8,864.6,856.1999999999998,10:13,856.1999999999998,target,0.006498027384544192,0.005498027384544192,Discovery
2024-11-21,trend_pullback,nifty_10bp_hdfc_15m,12:55,-1,-0.006492552722721201,-0.00044576096011050836,12:56,872.13,874.73,866.93,15:14,870.9,time,0.0014103402015754885,0.00041034020157548843,Discovery
2024-11-22,trend_pullback,nifty_10bp_hdfc_15m,10:08,1,0.008032274323204414,0.0003229569421463463,10:09,873.68,869.73,881.5799999999998,10:22,869.73,stop,-0.0045211061258125795,-0.0055211061258125796,Discovery
2024-11-25,trend_pullback,nifty_10bp_hdfc_15m,10:24,1,0.002376971618587964,0.0005859764366420439,10:25,887.78,886.5,890.3399999999999,10:46,886.5,stop,-0.001441798643808112,-0.002441798643808112,Discovery
2024-11-29,trend_pullback,nifty_10bp_hdfc_15m,09:51,1,0.0046098260762355014,0.0005380512313915009,09:52,900.13,899.45,901.4899999999999,10:04,899.45,stop,-0.0007554464355148394,-0.0017554464355148394,Discovery
2024-12-02,trend_pullback,nifty_10bp_hdfc_15m,12:29,1,0.0018909856115256751,6.477354416456471e-05,12:30,891.88,889.25,897.14,14:00,897.14,target,0.005897654392967633,0.004897654392967633,Discovery
2024-12-03,trend_pullback,nifty_10bp_hdfc_15m,12:40,1,0.0027454601415821678,0.0003795210237214075,12:41,913.88,911.48,918.68,13:18,911.48,stop,-0.002626165360878896,-0.003626165360878896,Discovery
2024-12-06,trend_pullback,nifty_10bp_hdfc_15m,11:24,-1,-0.0016033514696041085,-0.00015623706895839806,11:25,928.58,932.05,921.6400000000002,15:14,928.83,time,-0.0002692282840466298,-0.0012692282840466298,Discovery
2024-12-11,trend_pullback,nifty_10bp_hdfc_15m,10:34,1,0.001555614223919033,0.0001982952565253715,10:35,931.48,928.38,937.6800000000001,15:14,932.63,time,0.0012345944088976157,0.00023459440889761572,Discovery
2024-12-12,trend_pullback,nifty_10bp_hdfc_15m,12:05,-1,-0.0012030344104421165,-2.545869525683031e-05,12:06,929.98,931.45,927.04,12:10,931.45,stop,-0.0015806791543904186,-0.0025806791543904186,Discovery
2024-12-16,trend_pullback,nifty_10bp_hdfc_15m,10:01,-1,-0.001700776458991582,-0.00010343684296232336,10:02,932.35,934.63,927.7900000000001,10:09,934.63,stop,-0.0024454335818093753,-0.0034454335818093753,Discovery
2024-12-19,trend_pullback,nifty_10bp_hdfc_15m,09:47,1,0.003180865388038301,0.0007094883605258673,09:48,894.9,889.5,905.6999999999999,15:14,897.18,time,0.002547770700636942,0.001547770700636942,Discovery
2024-12-20,trend_pullback,nifty_10bp_hdfc_15m,12:50,-1,-0.008622452599465036,-0.0001061572589708959,12:51,893.03,895.4,888.29,13:15,895.4,stop,-0.002653886207630185,-0.003653886207630185,Discovery
2024-12-24,trend_pullback,nifty_10bp_hdfc_15m,10:00,1,0.0016155428686825957,0.0005742935460915088,10:01,899.23,894.78,908.1300000000001,15:14,898.2,time,-0.001145424418669272,-0.002145424418669272,Discovery
2024-12-27,trend_pullback,nifty_10bp_hdfc_15m,10:38,1,0.005258094061693752,0.00013767984093204788,10:39,899.15,896.83,903.7899999999998,11:35,896.83,stop,-0.002580214647166734,-0.0035802146471667342,Discovery
2024-12-31,trend_pullback,nifty_10bp_hdfc_15m,09:45,-1,-0.0017529264959296187,-0.000159543581820909,09:46,886.75,890.08,880.0899999999999,10:26,890.08,stop,-0.003755286157316018,-0.004755286157316018,Discovery
2025-01-02,trend_pullback,nifty_10bp_hdfc_15m,12:25,1,0.009080015136862407,0.0016606804008134635,12:26,894.38,891.15,900.84,13:45,900.84,target,0.007222880654755182,0.006222880654755182,Discovery
2025-01-06,trend_pullback,nifty_10bp_hdfc_15m,09:46,-1,-0.005485365427642108,-9.103983574687557e-05,09:47,872.38,876.88,863.38,11:10,863.38,target,0.01031660514913224,0.00931660514913224,Discovery
2025-01-07,trend_pullback,nifty_10bp_hdfc_15m,10:27,1,0.0024810070988474653,9.259389206173196e-05,10:28,855.75,850.0,867.25,15:14,857.0,time,0.0014607069821794827,0.00046070698217948267,Discovery
2025-01-13,trend_pullback,nifty_10bp_hdfc_15m,10:04,1,0.00284754735852788,0.001062393987527832,10:05,818.38,812.15,830.84,15:14,816.18,time,-0.0026882377379702227,-0.0036882377379702227,Discovery
2025-01-16,trend_pullback,nifty_10bp_hdfc_15m,12:10,-1,-0.0033793538589868,-7.820724165497062e-05,12:11,825.15,826.5,822.4499999999999,12:31,826.5,stop,-0.001636066169787398,-0.002636066169787398,Discovery
2025-01-22,trend_pullback,nifty_10bp_hdfc_15m,12:41,-1,-0.0034308621745822165,-0.0014331700076339882,12:42,822.9,826.0,816.6999999999999,13:06,816.6999999999999,target,0.007534329809211426,0.006534329809211426,Discovery
2025-01-23,trend_pullback,nifty_10bp_hdfc_15m,09:51,1,0.0030828033188776693,0.00011922978260159312,09:52,837.08,833.3,844.6400000000002,10:38,833.3,stop,-0.004515697424380072,-0.005515697424380072,Discovery
2025-01-24,trend_pullback,nifty_10bp_hdfc_15m,10:20,-1,-0.003463610522819849,-0.001220133804807344,10:21,829.68,832.35,824.3399999999998,10:24,832.35,stop,-0.0032181081862887595,-0.0042181081862887595,Discovery
2025-01-27,trend_pullback,nifty_10bp_hdfc_15m,12:51,-1,-0.003587596419378336,-1.5365787592758196e-05,12:52,816.5,817.9,813.7,15:14,815.23,time,0.0015554194733619076,0.0005554194733619075,Discovery
2025-01-29,trend_pullback,nifty_10bp_hdfc_15m,10:00,1,0.0011334643403866362,0.0002403875902978747,10:01,836.9,834.58,841.5399999999998,15:14,838.53,time,0.0019476639980882116,0.0009476639980882115,Discovery
2025-01-30,trend_pullback,nifty_10bp_hdfc_15m,10:03,1,0.0029672629966119857,0.00021611424869560913,10:04,839.2,838.0,841.6000000000001,10:27,841.6000000000001,target,0.0028598665395616063,0.0018598665395616063,Discovery
2025-01-31,trend_pullback,nifty_10bp_hdfc_15m,09:52,1,0.0032322105014648272,9.759596688763139e-05,09:53,844.08,841.98,848.2800000000001,12:00,848.2800000000001,target,0.004975831674722819,0.003975831674722819,Discovery
2025-02-01,trend_pullback,nifty_10bp_hdfc_15m,11:51,-1,-0.005367935193764106,-0.0013013339164548166,11:52,850.08,856.5,837.2400000000001,15:14,846.1,time,0.004681912290607992,0.0036819122906079924,Discovery
2025-02-03,trend_pullback,nifty_10bp_hdfc_15m,09:51,-1,-0.003782266658375888,-0.0002659030268965523,09:52,837.38,842.98,826.18,10:43,842.98,stop,-0.00668752537677042,-0.00768752537677042,Discovery
2025-02-04,trend_pullback,nifty_10bp_hdfc_15m,11:45,1,0.0015248895146300345,0.0003236987281103332,11:46,846.9,846.33,848.0399999999998,11:49,848.0399999999998,target,0.0013460857244065316,0.0003460857244065316,Discovery
2025-02-06,trend_pullback,nifty_10bp_hdfc_15m,10:35,-1,-0.005353096021159964,-8.689798880046062e-05,10:36,865.48,866.9,862.6400000000001,10:50,866.9,stop,-0.0016407080464020396,-0.0026407080464020396,Discovery
2025-02-07,trend_pullback,nifty_10bp_hdfc_15m,10:18,-1,-0.004778113702192388,-0.0013628894268298275,10:19,877.2,883.5,864.6000000000001,13:27,864.6000000000001,target,0.01436388508891917,0.01336388508891917,Discovery
2025-02-10,trend_pullback,nifty_10bp_hdfc_15m,10:10,-1,-0.007001843372777539,-0.0016854820901518464,10:11,857.38,859.38,853.38,14:51,859.38,stop,-0.0023326879563321246,-0.0033326879563321246,Discovery
2025-02-11,trend_pullback,nifty_10bp_hdfc_15m,12:56,-1,-0.008332780950710994,-0.0004046665784684933,12:57,851.03,854.65,843.79,15:14,851.2,time,-0.00019975794037829786,-0.0011997579403782979,Discovery
2025-02-13,trend_pullback,nifty_10bp_hdfc_15m,09:46,1,0.0036173188900816555,0.0003889105900742873,09:47,851.95,849.63,856.5900000000001,11:35,856.5900000000001,target,0.0054463290099184825,0.0044463290099184824,Discovery
2025-02-14,trend_pullback,nifty_10bp_hdfc_15m,09:54,-1,-0.0034009555581052675,-0.0009445885815536625,09:55,847.15,849.43,842.59,10:03,849.43,stop,-0.002691376969840009,-0.003691376969840009,Discovery
2025-02-17,trend_pullback,nifty_10bp_hdfc_15m,09:55,-1,-0.002577828048347608,-0.0005928994175210534,09:56,844.03,848.1,835.8899999999999,10:36,848.1,stop,-0.004822103479734219,-0.005822103479734219,Discovery
2025-02-21,trend_pullback,nifty_10bp_hdfc_15m,12:14,-1,-0.003101867245331902,-2.434117518834711e-05,12:15,841.23,842.93,837.8300000000002,12:27,842.93,stop,-0.0020208504214067613,-0.0030208504214067613,Discovery
2025-02-24,trend_pullback,nifty_10bp_hdfc_15m,12:05,-1,-0.001968212266164171,-0.000302470822262646,12:06,834.28,836.0,830.8399999999999,12:28,836.0,stop,-0.0020616579565613247,-0.0030616579565613247,Discovery
2025-02-27,trend_pullback,nifty_10bp_hdfc_15m,10:18,-1,-0.001118793740958246,-4.6265302584447277e-05,10:19,848.23,850.95,842.79,11:50,850.95,stop,-0.0032066774341865667,-0.004206677434186567,Discovery
2025-03-04,trend_pullback,nifty_10bp_hdfc_15m,10:28,1,0.0037429833283655345,0.00011933096991012526,10:29,851.85,848.38,858.7900000000001,15:14,855.78,time,0.004613488290191814,0.003613488290191814,Discovery
2025-03-05,trend_pullback,nifty_10bp_hdfc_15m,11:59,1,0.012884490362682133,4.4976324695911174e-05,12:00,851.05,849.6,853.9499999999998,12:24,849.6,stop,-0.0017037776863872978,-0.002703777686387298,Discovery
2025-03-07,trend_pullback,nifty_10bp_hdfc_15m,12:32,1,0.0025545734639793594,0.00027110991308876287,12:33,846.28,845.03,848.78,12:47,845.03,stop,-0.0014770525121708955,-0.0024770525121708955,Discovery
2025-03-10,trend_pullback,nifty_10bp_hdfc_15m,11:41,1,0.005221595916854227,7.273636379023785e-05,11:42,844.23,841.83,849.03,13:18,849.03,target,0.005685654383284167,0.004685654383284167,Discovery
2025-03-12,trend_pullback,nifty_10bp_hdfc_15m,10:00,-1,-0.003414483711869809,-0.0007186203894437027,10:01,853.03,858.05,842.99,13:03,858.05,stop,-0.0058849043996107575,-0.0068849043996107575,Discovery
2025-03-13,trend_pullback,nifty_10bp_hdfc_15m,12:02,-1,-0.0044296076126255635,-0.00010266853768403639,12:03,858.25,859.5,855.75,12:26,855.75,target,0.0029129041654529786,0.0019129041654529786,Discovery
2025-03-19,trend_pullback,nifty_10bp_hdfc_15m,10:35,1,0.001243718565505203,0.00042602258465840315,10:36,869.48,868.05,872.3400000000001,10:58,872.3400000000001,target,0.0032893223535908067,0.0022893223535908067,Discovery
2025-03-20,trend_pullback,nifty_10bp_hdfc_15m,10:11,-1,-0.002548119080072464,-0.0001785659604016665,10:12,876.13,877.33,873.7299999999999,10:35,877.33,stop,-0.0013696597536896338,-0.002369659753689634,Discovery
2025-03-21,trend_pullback,nifty_10bp_hdfc_15m,09:53,1,0.003750822785493213,3.9825182748698396e-05,09:54,882.23,879.78,887.1300000000001,13:55,879.78,stop,-0.0027770536028020043,-0.0037770536028020043,Discovery
2025-03-25,trend_pullback,nifty_10bp_hdfc_15m,11:03,-1,-0.002934551502010385,-0.0006602085381283151,11:04,911.25,915.75,902.25,11:19,915.75,stop,-0.004938271604938205,-0.005938271604938205,Discovery
2025-04-01,trend_pullback,nifty_10bp_hdfc_15m,09:47,1,0.008851339482715215,0.0003001064446335189,09:48,903.5,900.48,909.54,10:09,900.48,stop,-0.003342556723851642,-0.004342556723851642,Discovery
2025-04-04,trend_pullback,nifty_10bp_hdfc_15m,10:29,-1,-0.011080015868635273,-0.00024224677365025649,10:30,913.73,917.5,906.19,15:14,908.68,time,0.005526796756153418,0.004526796756153418,Discovery
2025-04-08,trend_pullback,nifty_10bp_hdfc_15m,12:05,1,0.0012986289774690185,0.0006143906174478353,12:06,882.8,879.28,889.8399999999999,12:35,889.8399999999999,target,0.007974626189397371,0.006974626189397371,Discovery
2025-04-17,trend_pullback,nifty_10bp_hdfc_15m,11:16,1,0.00301258233857582,0.00029331239838725764,11:17,943.9,942.05,947.6,11:42,947.6,target,0.003919906769785042,0.002919906769785042,Discovery
2025-04-28,trend_pullback,nifty_10bp_hdfc_15m,11:32,1,0.007721149551832562,4.921081283226769e-05,11:33,961.0,960.05,962.9000000000001,11:50,962.9000000000001,target,0.001977107180020976,0.000977107180020976,Discovery
2025-05-06,trend_pullback,nifty_10bp_hdfc_15m,12:46,-1,-0.004752915727069595,-0.0004860334603437044,12:47,965.2,966.7,962.2,13:03,966.7,stop,-0.0015540820555324242,-0.002554082055532424,Discovery
2025-05-07,trend_pullback,nifty_10bp_hdfc_15m,11:36,1,0.007799185418411847,0.0001246942882076052,11:37,967.95,966.0,971.8500000000001,12:16,966.0,stop,-0.002014566868123402,-0.003014566868123402,Discovery
2025-05-08,trend_pullback,nifty_10bp_hdfc_15m,13:23,-1,-0.00300227165749134,-0.00041749673553204136,13:24,968.7,971.1,963.9000000000001,14:54,963.9000000000001,target,0.004955094456488007,0.003955094456488007,Discovery
2025-05-09,trend_pullback,nifty_10bp_hdfc_15m,10:17,1,0.00617068610760052,0.00013152869687926838,10:18,952.95,947.5,963.8500000000001,10:50,947.5,stop,-0.00571908284799838,-0.00671908284799838,Discovery
2025-05-14,trend_pullback,nifty_10bp_hdfc_15m,10:12,1,0.005370970756242377,0.0006386246456795419,10:13,961.7,957.2,970.7,12:34,957.2,stop,-0.0046792138920661586,-0.005679213892066159,Discovery
2025-05-15,trend_pullback,nifty_10bp_hdfc_15m,11:13,-1,-0.003543306289469861,-0.0004523030015778362,11:14,952.4,958.75,939.6999999999999,13:01,958.75,stop,-0.006667366652666873,-0.007667366652666873,Discovery
2025-05-16,trend_pullback,nifty_10bp_hdfc_15m,10:36,-1,-0.0027129842227998635,-0.00027693576144216525,10:37,967.55,968.7,965.2499999999998,13:13,965.2499999999998,target,0.0023771381323964835,0.0013771381323964835,Discovery
2025-05-19,trend_pullback,nifty_10bp_hdfc_15m,10:17,1,0.0020235669566712744,5.850680858077162e-05,10:18,968.8,965.65,975.0999999999999,14:13,965.65,stop,-0.0032514450867051625,-0.0042514450867051625,Discovery
2025-05-22,trend_pullback,nifty_10bp_hdfc_15m,11:37,-1,-0.007057101676036348,-0.0002930601641860653,11:38,956.15,959.4,949.65,14:41,959.4,stop,-0.003399048266485405,-0.004399048266485405,Discovery
2025-05-23,trend_pullback,nifty_10bp_hdfc_15m,10:46,1,0.008033848089449958,0.0012689575439706058,10:47,963.7,961.5,968.1000000000001,11:30,968.1000000000001,target,0.004565736224966477,0.0035657362249664768,Discovery
2025-05-26,trend_pullback,nifty_10bp_hdfc_15m,12:29,1,0.0035333987443493253,0.0009522210397718833,12:30,971.0,968.35,976.3,12:45,968.35,stop,-0.0027291452111225523,-0.0037291452111225523,Discovery
2025-05-27,trend_pullback,nifty_10bp_hdfc_15m,09:52,-1,-0.007016166031899362,-0.0012878904213555753,09:53,962.55,965.6,956.4499999999998,11:05,965.6,stop,-0.0031686665627759236,-0.004168666562775924,Discovery
2025-05-30,trend_pullback,nifty_10bp_hdfc_15m,10:18,-1,-0.0018277004425170107,-0.0001542615185364804,10:19,965.7,968.55,960.0000000000002,13:27,968.55,stop,-0.0029512270891580705,-0.0039512270891580705,Discovery
2025-06-03,trend_pullback,nifty_10bp_hdfc_15m,09:57,-1,-0.006239333825540649,-0.0008526060130512603,09:58,969.05,972.25,962.6499999999999,10:18,972.25,stop,-0.0033022031886900116,-0.004302203188690012,Discovery
2025-06-04,trend_pullback,nifty_10bp_hdfc_15m,10:08,1,0.0010871136318757468,2.4676669582834876e-05,10:09,964.0,962.15,967.7,10:45,967.7,target,0.0038381742738589075,0.0028381742738589075,Discovery
2025-06-05,trend_pullback,nifty_10bp_hdfc_15m,11:23,1,0.0017070859253498494,0.0005398875456563701,11:24,975.8,974.45,978.4999999999998,11:48,974.45,stop,-0.0013834802213567032,-0.0023834802213567033,Discovery
2025-06-06,trend_pullback,nifty_10bp_hdfc_15m,10:04,-1,-0.002476897776448883,-0.00017641953170965952,10:05,972.9,974.7,969.2999999999998,10:06,974.7,stop,-0.0018501387604070718,-0.002850138760407072,Discovery
2025-06-11,trend_pullback,nifty_10bp_hdfc_15m,12:59,1,0.003206792352237864,3.107609706742842e-05,13:00,979.85,979.35,980.85,13:28,979.35,stop,-0.0005102821860488715,-0.0015102821860488716,Discovery
2025-06-12,trend_pullback,nifty_10bp_hdfc_15m,09:52,-1,-0.0017326029378746943,-0.0002203739500651336,09:53,976.85,980.5,969.5500000000001,13:34,969.5500000000001,target,0.007472999948815007,0.006472999948815007,Discovery
2025-06-13,trend_pullback,nifty_10bp_hdfc_15m,13:23,1,0.009267355861561688,1.0987537939266545e-05,13:24,960.9,959.35,963.9999999999999,13:29,959.35,stop,-0.0016130710791965042,-0.002613071079196504,Discovery
2025-06-23,trend_pullback,nifty_10bp_hdfc_15m,13:21,1,0.0032498320953497917,0.00038709609548348567,13:22,974.55,971.65,980.3499999999999,15:14,974.3,time,-0.00025652865425063176,-0.0012565286542506318,Discovery
2025-06-27,trend_pullback,nifty_10bp_hdfc_15m,09:57,-1,-0.0013606160306374182,-0.00044851765925146836,09:58,1000.0,1002.15,995.7,10:12,1002.15,stop,-0.0021499999999998742,-0.0031499999999998743,Discovery
2025-06-30,trend_pullback,nifty_10bp_hdfc_15m,12:29,-1,-0.0035130242989052096,-0.0004251478291205091,12:30,1001.0,1002.35,998.3,14:01,998.3,target,0.002697302697302728,0.001697302697302728,Discovery
2025-07-01,trend_pullback,nifty_10bp_hdfc_15m,11:01,-1,-0.001361963262215049,-0.00015474905343049183,11:02,1003.9,1005.0,1001.6999999999999,11:05,1005.0,stop,-0.00109572666600255,-0.00209572666600255,Holdout
2025-07-10,trend_pullback,nifty_10bp_hdfc_15m,10:50,-1,-0.004517543945609215,-7.837450170344873e-05,10:51,1002.9,1004.5,999.6999999999999,11:14,1004.5,stop,-0.0015953734170903733,-0.0025953734170903733,Holdout
2025-07-21,trend_pullback,nifty_10bp_hdfc_15m,10:45,1,0.0022080883235329196,0.0005893804439065509,10:46,996.0,992.05,1003.9000000000001,15:14,1000.4,time,0.004417670682730801,0.003417670682730801,Holdout
2025-07-22,trend_pullback,nifty_10bp_hdfc_15m,09:57,-1,-0.0027417236700156833,-0.000190828196981907,09:58,1004.3,1006.85,999.1999999999998,10:15,1006.85,stop,-0.002539081947625199,-0.003539081947625199,Holdout
2025-07-23,trend_pullback,nifty_10bp_hdfc_15m,10:37,-1,-0.0015970977769910188,-0.0003157585379003347,10:38,1003.55,1004.5,1001.6499999999999,10:44,1004.5,stop,-0.0009466394300234882,-0.0019466394300234882,Holdout
2025-07-25,trend_pullback,nifty_10bp_hdfc_15m,09:51,-1,-0.002530521287385179,-0.0004116655842464345,09:52,1003.5,1004.65,1001.2,09:55,1004.65,stop,-0.0011459890383656024,-0.0021459890383656024,Holdout
2025-07-28,trend_pullback,nifty_10bp_hdfc_15m,12:48,-1,-0.0010935157742677504,-0.00017770949210649256,12:49,1006.8,1007.75,1004.8999999999999,13:10,1004.8999999999999,target,0.0018871672626142866,0.0008871672626142866,Holdout
2025-07-30,trend_pullback,nifty_10bp_hdfc_15m,13:12,-1,-0.002320171632436585,-0.0008399476581214538,13:13,1010.65,1012.4,1007.15,13:33,1012.4,stop,-0.0017315588977391272,-0.002731558897739127,Holdout
2025-07-31,trend_pullback,nifty_10bp_hdfc_15m,11:22,1,0.005681299394332928,7.628185007768629e-05,11:23,1008.05,1004.8,1014.55,12:50,1014.55,target,0.006448092852537002,0.005448092852537002,Holdout
2025-08-05,trend_pullback,nifty_10bp_hdfc_15m,10:40,-1,-0.004025040199836183,-0.00011088885987586838,10:41,988.4,991.85,981.4999999999999,12:09,991.85,stop,-0.00349048968029142,-0.00449048968029142,Holdout
2025-08-06,trend_pullback,nifty_10bp_hdfc_15m,10:36,-1,-0.0034596318789351654,-0.0012733806454887642,10:37,985.9,990.45,976.7999999999998,11:48,990.45,stop,-0.004615072522568209,-0.005615072522568209,Holdout
2025-08-11,trend_pullback,nifty_10bp_hdfc_15m,12:01,1,0.0026157602117227174,3.0144226206063607e-05,12:02,990.9,989.1,994.4999999999999,14:01,994.4999999999999,target,0.0036330608537691322,0.002633060853769132,Holdout
2025-08-12,trend_pullback,nifty_10bp_hdfc_15m,12:44,1,0.0027826009074496394,0.0003429871164279952,12:45,992.7,989.9,998.3000000000002,13:15,989.9,stop,-0.002820590309257631,-0.0038205903092576312,Holdout
2025-08-13,trend_pullback,nifty_10bp_hdfc_15m,09:58,1,0.0010778404145415088,6.667010834049414e-05,09:59,989.4,987.8,992.6,10:06,987.8,stop,-0.0016171417020416357,-0.0026171417020416357,Holdout
2025-08-19,trend_pullback,nifty_10bp_hdfc_15m,11:05,1,0.001500521265419552,0.00013181426855846112,11:06,999.6,998.05,1002.7000000000002,12:36,1002.7000000000002,target,0.003101240496198532,0.002101240496198532,Holdout
2025-08-20,trend_pullback,nifty_10bp_hdfc_15m,12:00,1,0.0029079781140601835,2.744482479988264e-05,12:01,991.8,990.6,994.1999999999998,12:05,990.6,stop,-0.001209921355111887,-0.002209921355111887,Holdout
2025-08-25,trend_pullback,nifty_10bp_hdfc_15m,10:05,-1,-0.001394837098658841,-4.1475152520176195e-05,10:06,983.1,985.45,978.4,11:43,985.45,stop,-0.002390397721493187,-0.003390397721493187,Holdout
2025-08-26,trend_pullback,nifty_10bp_hdfc_15m,12:42,-1,-0.004889656418803567,-0.0002100974210945683,12:43,973.0,975.0,969.0,13:06,975.0,stop,-0.0020554984583760483,-0.0030554984583760483,Holdout
2025-08-28,trend_pullback,nifty_10bp_hdfc_15m,13:01,-1,-0.005314668891066465,-0.0004823042523971477,13:02,963.9,966.9,957.9,14:47,957.9,target,0.0062247121070651,0.0052247121070651,Holdout
2025-09-01,trend_pullback,nifty_10bp_hdfc_15m,12:37,1,0.005543799907500979,9.655442339329134e-05,12:38,950.75,948.45,955.3499999999999,15:14,950.25,time,-0.0005259006047857451,-0.001525900604785745,Holdout
2025-09-02,trend_pullback,nifty_10bp_hdfc_15m,10:02,1,0.0034823348071229,0.00012799662615203822,10:03,952.15,950.6,955.2499999999999,13:24,950.6,stop,-0.001627894764480331,-0.002627894764480331,Holdout
2025-09-03,trend_pullback,nifty_10bp_hdfc_15m,10:37,-1,-0.0018097617451708903,-0.0005740880951251581,10:38,942.5,945.5,936.5,13:50,945.5,stop,-0.0031830238726791027,-0.004183023872679103,Holdout
2025-09-04,trend_pullback,nifty_10bp_hdfc_15m,10:13,-1,-0.0054882259339691375,-0.0006875380147500776,10:14,959.25,962.9,951.95,11:36,962.9,stop,-0.003805056033359344,-0.004805056033359344,Holdout
2025-09-08,trend_pullback,nifty_10bp_hdfc_15m,10:05,1,0.0011510889987340622,0.0004068405436310485,10:06,965.0,962.1,970.8,10:31,962.1,stop,-0.003005181347150221,-0.004005181347150221,Holdout
2025-09-10,trend_pullback,nifty_10bp_hdfc_15m,10:25,1,0.001362490496578772,0.0003388852902130868,10:26,968.8,965.75,974.8999999999999,11:20,965.75,stop,-0.0031482246077620957,-0.004148224607762096,Holdout
2025-09-11,trend_pullback,nifty_10bp_hdfc_15m,12:16,1,0.00189212483213419,0.00030505630665067507,12:17,963.55,962.0,966.6499999999999,13:30,966.6499999999999,target,0.0032172694722638617,0.0022172694722638617,Holdout
2025-09-15,trend_pullback,nifty_10bp_hdfc_15m,10:16,-1,-0.0014729944384507254,-0.00021388506534159024,10:17,966.9,968.0,964.6999999999999,10:25,968.0,stop,-0.0011376564277587597,-0.0021376564277587598,Holdout
2025-09-16,trend_pullback,nifty_10bp_hdfc_15m,12:22,1,0.0046782272988323825,0.00016253265099974712,12:23,965.85,965.0,967.5500000000001,12:33,967.5500000000001,target,0.0017601076771756041,0.0007601076771756041,Holdout
2025-09-17,trend_pullback,nifty_10bp_hdfc_15m,11:09,1,0.002209553500075234,9.128416695691755e-05,11:10,970.5,968.5,974.5,12:50,968.5,stop,-0.002060793405461059,-0.003060793405461059,Holdout
2025-09-18,trend_pullback,nifty_10bp_hdfc_15m,12:28,-1,-0.0011379247318802355,-0.0004343267981637977,12:29,975.0,977.0,971.0,13:00,971.0,target,0.004102564102564155,0.0031025641025641546,Holdout
2025-09-25,trend_pullback,nifty_10bp_hdfc_15m,10:41,-1,-0.0011304399928099285,-1.924848623235942e-05,10:42,951.35,953.25,947.5500000000001,10:52,953.25,stop,-0.0019971619277867614,-0.0029971619277867614,Holdout
2025-09-26,trend_pullback,nifty_10bp_hdfc_15m,10:05,-1,-0.00108991057092378,-0.000611647635164636,10:06,946.7,947.55,945.0000000000002,10:16,947.55,stop,-0.0008978557093060058,-0.0018978557093060058,Holdout
2025-09-29,trend_pullback,nifty_10bp_hdfc_15m,12:19,-1,-0.0035606616643515387,-0.0006743128236658125,12:20,947.65,951.5,939.9499999999999,13:23,951.5,stop,-0.004062681369704002,-0.005062681369704002,Holdout
2025-10-10,trend_pullback,nifty_10bp_hdfc_15m,09:53,1,0.003945541200708114,0.00011777154904479836,09:54,983.2,982.0,985.6000000000001,10:01,982.0,stop,-0.0012205044751830707,-0.0022205044751830707,Holdout
2025-10-13,trend_pullback,nifty_10bp_hdfc_15m,12:44,1,0.0011299861383071708,1.491876967141259e-05,12:45,976.55,975.1,979.4499999999998,12:51,975.1,stop,-0.0014848190056832022,-0.0024848190056832023,Holdout
2025-10-14,trend_pullback,nifty_10bp_hdfc_15m,11:10,-1,-0.004557403704077312,-0.00016090889651498852,11:11,975.95,979.45,968.95,15:14,977.55,time,-0.0016394282493978896,-0.0026394282493978896,Holdout
2025-10-15,trend_pullback,nifty_10bp_hdfc_15m,10:10,1,0.002126523164409422,0.000783672544673264,10:11,977.65,973.45,986.0499999999998,15:14,979.0,time,0.0013808622717741414,0.0003808622717741414,Holdout
2025-10-16,trend_pullback,nifty_10bp_hdfc_15m,09:50,1,0.001709004563908323,0.00027083957354778754,09:51,983.8,981.8,987.8,12:34,987.8,target,0.004065867046147531,0.003065867046147531,Holdout
2025-10-23,trend_pullback,nifty_10bp_hdfc_15m,10:10,1,0.0012434183258369647,8.702201127630538e-05,10:11,1012.65,1010.0,1017.9499999999999,10:42,1010.0,stop,-0.00261689626228212,-0.00361689626228212,Holdout
2025-10-27,trend_pullback,nifty_10bp_hdfc_15m,11:20,1,0.005047749504705434,0.0008996489685877407,11:21,1005.7,1004.1,1008.9000000000001,11:41,1004.1,stop,-0.0015909316893706338,-0.002590931689370634,Holdout
2025-10-28,trend_pullback,nifty_10bp_hdfc_15m,13:17,-1,-0.001420588705837944,-0.00017290955645399286,13:18,1001.0,1003.7,995.5999999999999,13:26,1003.7,stop,-0.002697302697302728,-0.003697302697302728,Holdout
2025-10-29,trend_pullback,nifty_10bp_hdfc_15m,10:11,1,0.0012720344854129095,0.00030686201625185205,10:12,1003.5,1001.1,1008.3,10:17,1001.1,stop,-0.0023916292974588416,-0.0033916292974588416,Holdout
2025-10-30,trend_pullback,nifty_10bp_hdfc_15m,09:53,-1,-0.002972937608719084,-0.0004558088954613737,09:54,1003.65,1005.5,999.9499999999999,10:01,1005.5,stop,-0.0018432720569920846,-0.0028432720569920846,Holdout
2025-11-04,trend_pullback,nifty_10bp_hdfc_15m,11:34,-1,-0.003468668369279171,-0.0006917397811760928,11:35,991.8,996.0,983.3999999999999,12:48,996.0,stop,-0.004234724742891771,-0.005234724742891771,Holdout
2025-11-12,trend_pullback,nifty_10bp_hdfc_15m,10:41,1,0.0015076855188644878,0.0004001212028938994,10:42,994.7,991.7,1000.7,14:07,991.7,stop,-0.003015984719010767,-0.004015984719010767,Holdout
2025-11-14,trend_pullback,nifty_10bp_hdfc_15m,10:53,1,0.0014591798322718397,0.00014803218856318523,10:54,982.0,979.0,988.0,15:03,988.0,target,0.006109979633401208,0.005109979633401208,Holdout
2025-11-17,trend_pullback,nifty_10bp_hdfc_15m,11:30,-1,-0.001007777032703716,-5.922717669848421e-05,11:31,989.75,990.5,988.25,11:52,990.5,stop,-0.0007577671129073149,-0.001757767112907315,Holdout
2025-11-19,trend_pullback,nifty_10bp_hdfc_15m,10:16,1,0.0015896226961080728,0.00038764563902971005,10:17,987.2,984.2,993.2,11:16,984.2,stop,-0.003038897893030801,-0.004038897893030801,Holdout
2025-11-20,trend_pullback,nifty_10bp_hdfc_15m,09:54,-1,-0.0018253412469719787,-5.7219036917355304e-05,09:55,995.0,996.4,992.2,10:30,996.4,stop,-0.0014070351758794786,-0.0024070351758794786,Holdout
2025-11-24,trend_pullback,nifty_10bp_hdfc_15m,12:26,-1,-0.002151377340867011,-0.00010443290516659598,12:27,1005.85,1008.55,1000.4500000000002,12:44,1008.55,stop,-0.002684296863349367,-0.003684296863349367,Holdout
2025-11-27,trend_pullback,nifty_10bp_hdfc_15m,12:26,-1,-0.0014279594459517542,-0.0005718556787944751,12:27,1011.15,1012.9,1007.65,12:42,1012.9,stop,-0.001730702665282191,-0.002730702665282191,Holdout
2025-12-02,trend_pullback,nifty_10bp_hdfc_15m,13:06,-1,-0.002023922922268717,-0.00012148226807018325,13:07,990.6,992.3,987.2000000000002,14:10,992.3,stop,-0.0017161316373914826,-0.0027161316373914826,Holdout
2025-12-03,trend_pullback,nifty_10bp_hdfc_15m,10:18,-1,-0.003797361266530519,-0.0003120287482831774,10:19,989.9,992.9,983.9,11:30,992.9,stop,-0.0030306091524396894,-0.0040306091524396894,Holdout
2025-12-08,trend_pullback,nifty_10bp_hdfc_15m,11:33,-1,-0.003709890748400224,-0.00013908440639953668,11:34,1001.5,1003.2,998.0999999999999,11:45,1003.2,stop,-0.0016974538192711108,-0.002697453819271111,Holdout
2025-12-09,trend_pullback,nifty_10bp_hdfc_15m,09:49,-1,-0.0043356232434249575,-5.192961935540641e-05,09:50,999.2,1001.7,994.2,10:02,1001.7,stop,-0.002502001601281112,-0.003502001601281112,Holdout
2025-12-10,trend_pullback,nifty_10bp_hdfc_15m,10:14,1,0.002157434740498898,0.0002693888840712422,10:15,997.2,995.1,1001.4000000000001,10:32,995.1,stop,-0.002105896510228633,-0.003105896510228633,Holdout
2025-12-12,trend_pullback,nifty_10bp_hdfc_15m,11:24,1,0.0017115112124199694,1.1485655840637321e-05,11:25,1001.8,999.1,1007.1999999999998,15:14,1001.3,time,-0.0004991016170892149,-0.0014991016170892149,Holdout
2025-12-15,trend_pullback,nifty_10bp_hdfc_15m,10:49,1,0.0022965632538309855,7.345107987632993e-05,10:50,997.4,995.0,1002.1999999999999,11:08,995.0,stop,-0.002406256266292317,-0.003406256266292317,Holdout
2025-12-16,trend_pullback,nifty_10bp_hdfc_15m,10:12,-1,-0.002560545633200406,-0.00027627738712543426,10:13,994.5,997.4,988.7,13:45,997.4,stop,-0.002916038210155847,-0.003916038210155847,Holdout
2025-12-19,trend_pullback,nifty_10bp_hdfc_15m,12:51,1,0.0016710726897324335,0.0010669060742602987,12:52,985.0,982.4,990.2,13:12,982.4,stop,-0.002639593908629445,-0.003639593908629445,Holdout
2025-12-24,trend_pullback,nifty_10bp_hdfc_15m,11:34,1,0.0016946464837517272,8.639924379094666e-05,11:35,997.1,995.9,999.5000000000001,13:30,995.9,stop,-0.0012034901213520133,-0.0022034901213520133,Holdout
2025-12-26,trend_pullback,nifty_10bp_hdfc_15m,10:56,-1,-0.0014107288127481743,-0.00046180140215812404,10:57,995.2,996.6,992.4000000000001,11:43,992.4000000000001,target,0.002813504823151125,0.001813504823151125,Holdout
2025-12-31,trend_pullback,nifty_10bp_hdfc_15m,11:12,1,0.0031419599900659456,0.000737453659710674,11:13,990.5,988.6,994.3,11:32,988.6,stop,-0.0019182231196365196,-0.0029182231196365196,Holdout
2026-01-02,trend_pullback,nifty_10bp_hdfc_15m,11:26,1,0.0042477375349359026,0.00015812518423574673,11:27,996.6,995.6,998.6,11:34,998.6,target,0.0020068231988761287,0.0010068231988761287,Holdout
2026-01-06,trend_pullback,nifty_10bp_hdfc_15m,11:17,-1,-0.0011989446232679724,-0.0005223385216546195,11:18,961.6,965.0,954.8000000000001,11:53,965.0,stop,-0.003535773710482415,-0.004535773710482415,Holdout
2026-01-07,trend_pullback,nifty_10bp_hdfc_15m,09:52,-1,-0.0016658315195978712,-0.0008158050714520693,09:53,950.75,952.1,948.05,10:06,952.1,stop,-0.0014199316329213119,-0.002419931632921312,Holdout
2026-01-08,trend_pullback,nifty_10bp_hdfc_15m,09:51,-1,-0.0014172715607224662,-0.00017230522349931388,09:52,948.4,953.0,939.1999999999999,15:14,946.2,time,0.002319696330662091,0.001319696330662091,Holdout
2026-01-19,trend_pullback,nifty_10bp_hdfc_15m,13:15,-1,-0.00473432060842538,-0.0001582573955974942,13:16,927.35,930.0,922.0500000000001,15:14,928.35,time,-0.0010783415107564753,-0.0020783415107564754,Holdout
2026-01-21,trend_pullback,nifty_10bp_hdfc_15m,12:39,1,0.0034067857284914016,0.00013189865085783126,12:40,926.45,922.55,934.2500000000002,13:52,922.55,stop,-0.004209617356576323,-0.005209617356576323,Holdout
2026-01-22,trend_pullback,nifty_10bp_hdfc_15m,09:47,1,0.0031230086627485054,0.0008351934416823692,09:48,926.4,924.5,930.1999999999999,09:52,924.5,stop,-0.0020509499136441844,-0.0030509499136441845,Holdout
2026-01-27,trend_pullback,nifty_10bp_hdfc_15m,10:52,-1,-0.002443807392068509,-0.0004238430903913404,10:53,911.8,918.5,898.3999999999999,12:10,918.5,stop,-0.0073481026540909156,-0.008348102654090916,Holdout
2026-01-30,trend_pullback,nifty_10bp_hdfc_15m,12:13,1,0.001522920045707421,0.0004097787379933049,12:14,935.1,931.9,941.5000000000001,13:07,931.9,stop,-0.0034220938937012946,-0.004422093893701295,Holdout
2026-02-01,trend_pullback,nifty_10bp_hdfc_15m,11:09,1,0.003307840331573386,0.00018591300883752382,11:10,934.5,932.4,938.7,11:20,932.4,stop,-0.0022471910112359383,-0.0032471910112359384,Holdout
2026-02-02,trend_pullback,nifty_10bp_hdfc_15m,11:34,1,0.001219930232089217,0.00039196618851455867,11:35,923.6,919.8,931.2000000000002,15:14,927.6,time,0.004330879168471302,0.003330879168471302,Holdout
2026-02-04,trend_pullback,nifty_10bp_hdfc_15m,10:08,1,0.004718588668765955,0.0008284131331142142,10:09,952.55,949.75,958.1499999999999,10:39,949.75,stop,-0.0029394782426118704,-0.00393947824261187,Holdout
2026-02-06,trend_pullback,nifty_10bp_hdfc_15m,10:06,-1,-0.003095001913628992,-0.00018783573500580353,10:07,944.15,946.6,939.2499999999999,12:30,939.2499999999999,target,0.00518985330720767,0.00418985330720767,Holdout
2026-02-10,trend_pullback,nifty_10bp_hdfc_15m,11:59,1,0.0015083334458474429,9.544814125872492e-05,12:00,936.35,935.4,938.2500000000001,12:26,938.2500000000001,target,0.0020291557644043223,0.0010291557644043223,Holdout
2026-02-12,trend_pullback,nifty_10bp_hdfc_15m,11:09,-1,-0.0020380828125542427,-9.24355921643194e-05,11:10,924.85,926.5,921.5500000000001,12:25,921.5500000000001,target,0.003568146185867982,0.002568146185867982,Holdout
2026-02-18,trend_pullback,nifty_10bp_hdfc_15m,10:00,-1,-0.003720005513995761,-4.729357839139414e-05,10:01,923.3,924.3,921.3,10:39,921.3,target,0.0021661431820643173,0.0011661431820643173,Holdout
2026-02-20,trend_pullback,nifty_10bp_hdfc_15m,09:50,1,0.0044929358767720196,0.00036511119511040135,09:51,914.5,912.0,919.5,12:46,912.0,stop,-0.0027337342810278553,-0.0037337342810278553,Holdout
2026-02-23,trend_pullback,nifty_10bp_hdfc_15m,11:58,-1,-0.001016418468440472,-0.00039528692286305844,11:59,922.05,922.8,920.55,12:30,920.55,target,0.0016268098259313302,0.0006268098259313301,Holdout
2026-02-25,trend_pullback,nifty_10bp_hdfc_15m,09:56,1,0.0027907778901405944,0.0006160281479377083,09:57,913.35,911.65,916.7500000000001,11:56,911.65,stop,-0.0018612799036514804,-0.0028612799036514805,Holdout
2026-03-05,trend_pullback,nifty_10bp_hdfc_15m,10:22,-1,-0.001350750224955788,-0.0007373847709676307,10:23,868.25,869.8,865.1500000000001,10:37,869.8,stop,-0.0017852001151741348,-0.002785200115174135,Holdout
2026-03-09,trend_pullback,nifty_10bp_hdfc_15m,09:45,-1,-0.006330638657116916,-0.0004904234550240361,09:46,827.7,831.9,819.3000000000002,10:10,831.9,stop,-0.005074302283435861,-0.006074302283435861,Holdout
2026-03-10,trend_pullback,nifty_10bp_hdfc_15m,12:22,-1,-0.005617607327600305,-0.0005006427576653705,12:23,849.2,853.95,839.7,15:14,849.65,time,-0.00052991050400375,-0.00152991050400375,Holdout
2026-03-13,trend_pullback,nifty_10bp_hdfc_15m,11:20,-1,-0.005941395844432651,-0.0005089518198031495,11:21,817.0,818.4,814.2,11:32,818.4,stop,-0.0017135862913095767,-0.0027135862913095768,Holdout
2026-03-16,trend_pullback,nifty_10bp_hdfc_15m,10:56,-1,-0.0068631819381296255,-0.0006720303577942843,10:57,821.45,825.9,812.5500000000002,11:09,825.9,stop,-0.005417249984782879,-0.006417249984782879,Holdout
2026-03-17,trend_pullback,nifty_10bp_hdfc_15m,10:41,-1,-0.0010726508095959542,-0.00029559670330281396,10:42,841.7,847.0,831.1000000000001,15:06,847.0,stop,-0.0062967803255316035,-0.0072967803255316035,Holdout
2026-03-18,trend_pullback,nifty_10bp_hdfc_15m,10:48,1,0.005371748706252566,0.0002500780944330039,10:49,837.95,836.5,840.8500000000001,11:42,840.8500000000001,target,0.003460827018318513,0.002460827018318513,Holdout
2026-03-20,trend_pullback,nifty_10bp_hdfc_15m,13:25,1,0.006215883497078023,0.0003720959970840987,13:26,785.7,784.85,787.4000000000001,13:31,784.85,stop,-0.0010818378515973226,-0.0020818378515973226,Holdout
2026-03-24,trend_pullback,nifty_10bp_hdfc_15m,10:35,-1,-0.009508948377184634,-0.00025188577390189426,10:36,754.2,758.75,745.1000000000001,11:28,758.75,stop,-0.0060328825245292705,-0.0070328825245292706,Holdout
2026-03-25,trend_pullback,nifty_10bp_hdfc_15m,10:38,1,0.010641941693692258,7.492218270788165e-05,10:39,781.95,781.1,783.6500000000001,10:41,783.6500000000001,target,0.0021740520493638282,0.0011740520493638282,Holdout
2026-03-30,trend_pullback,nifty_10bp_hdfc_15m,11:10,-1,-0.0033481672664542605,-7.355174606260562e-06,11:11,744.7,747.1,739.9000000000001,13:24,739.9000000000001,target,0.0064455485430373605,0.0054455485430373604,Holdout
2026-04-01,trend_pullback,nifty_10bp_hdfc_15m,13:22,-1,-0.0034477488099917686,-9.73800913350864e-07,13:23,746.4,749.9,739.4,14:13,749.9,stop,-0.004689174705251986,-0.005689174705251986,Holdout
2026-04-02,trend_pullback,nifty_10bp_hdfc_15m,10:16,-1,-0.008048375135144892,-0.0006116176578651045,10:17,730.35,732.6,725.85,11:37,732.6,stop,-0.0030807147258162804,-0.00408071472581628,Holdout
2026-04-06,trend_pullback,nifty_10bp_hdfc_15m,10:30,-1,-0.007930097496521071,-0.0005059400090878796,10:31,749.25,750.55,746.6500000000001,10:33,750.55,stop,-0.0017350684017349849,-0.002735068401734985,Holdout
2026-04-07,trend_pullback,nifty_10bp_hdfc_15m,11:22,1,0.00371299592358576,0.001110095581941195,11:23,765.4,761.6,772.9999999999999,15:02,772.9999999999999,target,0.009929448654298234,0.008929448654298233,Holdout
2026-04-08,trend_pullback,nifty_10bp_hdfc_15m,12:24,1,0.0048584896762333685,0.00010115088453188648,12:25,808.45,805.8,813.7500000000002,12:31,805.8,stop,-0.0032778774197539384,-0.0042778774197539384,Holdout
2026-04-10,trend_pullback,nifty_10bp_hdfc_15m,09:45,1,0.0029689433451072222,0.0031891071194050102,09:46,808.05,804.75,814.6499999999999,15:14,810.3,time,0.0027844811583441764,0.0017844811583441764,Holdout
2026-04-13,trend_pullback,nifty_10bp_hdfc_15m,09:50,1,0.0019118594634923713,0.00016408037407478204,09:51,790.0,787.5,795.0,11:32,787.5,stop,-0.0031645569620253333,-0.004164556962025333,Holdout
2026-04-15,trend_pullback,nifty_10bp_hdfc_15m,12:00,1,0.0025554755460648337,0.00030432185339868134,12:01,809.8,807.75,813.8999999999999,12:22,807.75,stop,-0.0025314892566065117,-0.0035314892566065117,Holdout
2026-04-27,trend_pullback,nifty_10bp_hdfc_15m,09:54,1,0.006445900995804887,0.0004901402482038186,09:55,789.35,786.5,795.0500000000001,11:26,786.5,stop,-0.0036105656552860577,-0.004610565655286058,Holdout
2026-04-29,trend_pullback,nifty_10bp_hdfc_15m,12:10,1,0.008393195805269649,0.0005211697009703808,12:11,785.85,784.5,788.5500000000001,14:04,784.5,stop,-0.0017178850925749778,-0.002717885092574978,Holdout
2026-04-30,trend_pullback,nifty_10bp_hdfc_15m,11:14,-1,-0.008211460206401178,-0.0010317738835738943,11:15,765.9,767.65,762.4,11:46,767.65,stop,-0.0022848935892414435,-0.0032848935892414435,Holdout
2026-05-05,trend_pullback,nifty_10bp_hdfc_15m,10:06,-1,-0.00223884320198231,-0.0007482499009694443,10:07,771.55,773.5,767.6499999999999,10:53,767.6499999999999,target,0.005054759898904915,0.004054759898904915,Holdout
2026-05-06,trend_pullback,nifty_10bp_hdfc_15m,11:37,-1,-0.003934466923172342,-0.0007964223791162572,11:38,776.65,779.35,771.2499999999999,13:47,779.35,stop,-0.003476469452134312,-0.004476469452134312,Holdout
2026-05-12,trend_pullback,nifty_10bp_hdfc_15m,11:50,-1,-0.005781406759798546,-0.0005165640833476592,11:51,756.15,758.5,751.4499999999999,14:26,751.4499999999999,target,0.00621569794352983,0.00521569794352983,Holdout
2026-05-13,trend_pullback,nifty_10bp_hdfc_15m,10:15,1,0.00219797153123924,0.000897908285132365,10:16,752.2,749.75,757.1000000000001,12:54,757.1000000000001,target,0.006514224940175506,0.005514224940175506,Holdout
2026-05-15,trend_pullback,nifty_10bp_hdfc_15m,12:51,1,0.002460874621808884,1.3413935905370877e-05,12:52,777.0,774.45,782.0999999999999,13:40,774.45,stop,-0.003281853281853264,-0.004281853281853264,Holdout
2026-05-18,trend_pullback,nifty_10bp_hdfc_15m,09:49,-1,-0.005953445588573469,-0.0004341304312669436,09:50,753.2,754.9,749.8000000000002,09:55,754.9,stop,-0.0022570366436536204,-0.0032570366436536205,Holdout
2026-05-19,trend_pullback,nifty_10bp_hdfc_15m,10:11,1,0.0031847537306815,5.101837515630869e-05,10:12,767.05,763.85,773.4499999999998,14:45,763.85,stop,-0.004171827129913264,-0.005171827129913264,Holdout
2026-05-20,trend_pullback,nifty_10bp_hdfc_15m,09:58,1,0.0035873770369503344,0.000192723244131221,09:59,760.3,759.0,762.8999999999999,10:02,759.0,stop,-0.0017098513744573385,-0.0027098513744573385,Holdout
2026-05-21,trend_pullback,nifty_10bp_hdfc_15m,10:49,-1,-0.003403266044343156,-0.0008286907320352865,10:50,763.85,766.6,758.35,12:27,758.35,target,0.007200366564116045,0.006200366564116045,Holdout
2026-05-22,trend_pullback,nifty_10bp_hdfc_15m,11:42,1,0.0051412687147252,0.0005151475962772434,11:43,769.75,768.0,773.25,12:32,768.0,stop,-0.0022734654108477192,-0.0032734654108477193,Holdout
2026-05-25,trend_pullback,nifty_10bp_hdfc_15m,10:17,1,0.0011862866929126525,0.0010034573999186946,10:18,782.75,779.65,788.95,15:14,787.1,time,0.00555732992654101,0.00455732992654101,Holdout
2026-05-26,trend_pullback,nifty_10bp_hdfc_15m,10:13,1,0.0022183710282825952,0.00010840631630459896,10:14,787.85,785.5,792.5500000000001,12:15,785.5,stop,-0.0029828012946627736,-0.003982801294662774,Holdout
2026-05-27,trend_pullback,nifty_10bp_hdfc_15m,11:18,1,0.003881852652913409,0.00038660310018867605,11:19,765.8,763.8,769.8,11:48,763.8,stop,-0.002611647949856355,-0.003611647949856355,Holdout
2026-05-29,trend_pullback,nifty_10bp_hdfc_15m,12:16,-1,-0.003449480486065082,-0.00026294656115233295,12:17,755.8,758.8,749.8,15:00,749.8,target,0.007938608097380229,0.006938608097380229,Holdout
2026-06-01,trend_pullback,nifty_10bp_hdfc_15m,11:53,-1,-0.004398740197425366,-2.322945245325503e-05,11:54,746.05,746.4,745.3499999999999,11:58,745.3499999999999,target,0.000938274914550008,-6.172508544999202e-05,Holdout
2026-06-03,trend_pullback,nifty_10bp_hdfc_15m,10:59,-1,-0.00810985674294662,-0.0008746320981374289,11:00,745.0,746.9,741.2,11:26,746.9,stop,-0.002550335570469686,-0.003550335570469686,Holdout
2026-06-04,trend_pullback,nifty_10bp_hdfc_15m,09:48,1,0.004282195387512955,0.0018090302985467321,09:49,748.4,745.0,755.1999999999999,12:10,755.1999999999999,target,0.00908605024051301,0.00808605024051301,Holdout
2026-06-05,trend_pullback,nifty_10bp_hdfc_15m,09:55,-1,-0.0010264513532335373,-0.00016353081491804478,09:56,754.9,758.7,747.2999999999998,13:30,747.2999999999998,target,0.010067558617035566,0.009067558617035565,Holdout
2026-06-08,trend_pullback,nifty_10bp_hdfc_15m,09:54,1,0.004001178473789668,0.000688085920484971,09:55,739.8,737.0,745.3999999999999,13:26,737.0,stop,-0.0037848067045146427,-0.004784806704514643,Holdout
2026-06-10,trend_pullback,nifty_10bp_hdfc_15m,09:52,1,0.006079465609592827,4.786967263892272e-05,09:53,740.25,738.35,744.05,09:57,744.05,target,0.005133400878081673,0.004133400878081673,Holdout
2026-06-11,trend_pullback,nifty_10bp_hdfc_15m,09:46,1,0.002081854538529493,0.00041310657109461246,09:47,742.5,740.1,747.3,11:47,747.3,target,0.006464646464646506,0.005464646464646506,Holdout
2026-06-12,trend_pullback,nifty_10bp_hdfc_15m,10:16,-1,-0.0033614450369566784,-0.0002753443412094603,10:17,758.3,760.5,753.8999999999999,13:27,760.5,stop,-0.0029012264275354305,-0.0039012264275354305,Holdout
2026-06-16,trend_pullback,nifty_10bp_hdfc_15m,10:31,1,0.0012059070636476488,0.00015150614129377793,10:32,781.65,780.45,784.0499999999998,11:24,784.0499999999998,target,0.0030704279408941826,0.0020704279408941826,Holdout
2026-06-18,trend_pullback,nifty_10bp_hdfc_15m,12:29,1,0.001865098156502043,0.00048722896331354626,12:30,798.05,795.7,802.7499999999998,12:38,795.7,stop,-0.002944677651776084,-0.003944677651776084,Holdout
2026-06-22,trend_pullback,nifty_10bp_hdfc_15m,10:16,1,0.0019766371035319086,3.946088689787963e-05,10:17,785.7,783.6,789.9000000000001,15:14,786.65,time,0.0012091128929616612,0.00020911289296166122,Holdout
2026-06-25,trend_pullback,nifty_10bp_hdfc_15m,09:46,1,0.0013512477280595014,0.000591158025873284,09:47,798.8,797.0,802.3999999999999,10:10,797.0,stop,-0.0022533800701051154,-0.0032533800701051154,Holdout
2026-06-29,trend_pullback,nifty_10bp_hdfc_15m,09:47,1,0.0010847091337911063,1.2706813126373007e-05,09:48,798.45,793.3,808.7500000000002,15:14,798.9,time,0.0005635919594213501,-0.0004364080405786499,Holdout
2026-07-01,trend_pullback,nifty_10bp_hdfc_15m,10:22,1,0.004805911878364544,0.001078390633008297,10:23,798.8,796.05,804.3,10:38,796.05,stop,-0.003442663995994022,-0.004442663995994022,Holdout
2026-07-03,trend_pullback,nifty_10bp_hdfc_15m,11:12,-1,-0.002071739625404856,-0.00023379297933778798,11:13,803.7,804.95,801.2,12:13,804.95,stop,-0.0015553067064826287,-0.0025553067064826287,Holdout
2026-07-09,trend_pullback,nifty_10bp_hdfc_15m,10:03,1,0.005691850248339403,0.001201553238542763,10:04,817.9,816.25,821.1999999999999,10:11,816.25,stop,-0.0020173615356400276,-0.0030173615356400276,Holdout
2026-07-10,trend_pullback,nifty_10bp_hdfc_15m,10:13,1,0.003589681944231371,3.259425057189347e-06,10:14,823.4,822.0,826.1999999999999,10:57,826.1999999999999,target,0.0034005343696865697,0.0024005343696865697,Holdout
2026-07-13,trend_pullback,nifty_10bp_hdfc_15m,09:46,1,0.001965523265971658,0.00029132298407419377,09:47,813.95,811.0,819.8500000000001,10:29,819.8500000000001,target,0.007248602494010825,0.006248602494010825,Holdout
2026-07-20,trend_pullback,nifty_10bp_hdfc_15m,13:24,1,0.0018458002360475234,4.234613513576235e-05,13:25,780.9,779.2,784.2999999999998,13:51,779.2,stop,-0.0021769752849275514,-0.0031769752849275515,Holdout
2026-07-23,trend_pullback,nifty_10bp_hdfc_15m,09:56,1,0.001125172278933828,1.3675851669114891e-05,09:57,747.05,744.9,751.3499999999999,12:45,744.9,stop,-0.002877986747874983,-0.0038779867478749832,Holdout
2026-07-24,trend_pullback,nifty_10bp_hdfc_15m,11:03,-1,-0.0017281921377820808,-8.078080774609475e-05,11:04,740.7,742.0,738.1000000000001,12:24,742.0,stop,-0.0017550965303090305,-0.0027550965303090305,Holdout
2026-07-28,trend_pullback,nifty_10bp_hdfc_15m,10:48,1,0.0024529384158105128,0.00042066731998158247,10:49,736.2,733.2,742.2,15:14,734.6,time,-0.0021733224667210838,-0.0031733224667210838,Holdout
2026-08-03,trend_pullback,nifty_10bp_hdfc_15m,12:16,1,0.0013327798735995877,0.00028186258719764545,12:17,753.9,753.4,754.9,12:18,753.4,stop,-0.0006632179334129518,-0.0016632179334129518,Holdout
2026-08-05,trend_pullback,nifty_10bp_hdfc_15m,10:26,-1,-0.00303820148200995,-0.00021286027135269947,10:27,738.85,739.9,736.7500000000001,10:47,739.9,stop,-0.00142112742775935,-0.00242112742775935,Holdout
2026-08-06,trend_pullback,nifty_10bp_hdfc_15m,11:21,1,0.0010734142283186365,0.00023889548555744433,11:22,735.5,733.55,739.4000000000001,15:14,734.0,time,-0.0020394289598911763,-0.0030394289598911764,Holdout
2026-08-07,trend_pullback,nifty_10bp_hdfc_15m,10:02,1,0.0029830187987236467,3.9359116026815855e-05,10:03,734.75,733.8,736.6500000000001,10:30,733.8,stop,-0.001292956788023214,-0.002292956788023214,Holdout
2026-08-11,trend_pullback,nifty_10bp_hdfc_15m,10:58,-1,-0.004081366912036977,-2.700715875381121e-06,10:59,727.9,728.45,726.7999999999998,11:32,728.45,stop,-0.0007555982964693175,-0.0017555982964693176,Holdout
2026-08-12,trend_pullback,nifty_10bp_hdfc_15m,09:48,-1,-0.002837885050332112,-0.00042103145765259864,09:49,726.3,727.6,723.6999999999998,10:55,723.6999999999998,target,0.0035797879664052346,0.0025797879664052345,Holdout
2026-08-13,trend_pullback,nifty_10bp_hdfc_15m,10:09,-1,-0.003863848458553587,-6.612098429970015e-05,10:10,727.1,728.65,724.0000000000001,12:40,728.65,stop,-0.002131756292119258,-0.003131756292119258,Holdout
2026-08-14,trend_pullback,nifty_10bp_hdfc_15m,11:01,-1,-0.0022145234977567485,-0.0004389351169954425,11:02,726.95,727.85,725.1500000000001,11:52,727.85,stop,-0.001238049384414408,-0.002238049384414408,Holdout
