Time,mean_abs_return,median_abs_return,mean_volume_share,median_volume_share
09:15,,,0.04375572613679921,0.03650833312756218
09:16,0.0012328484020953329,0.0009087993157275154,0.011144292319236408,0.009557756073558568
09:17,0.0009299129625190644,0.0007436347088725093,0.0077264431242492475,0.006424084049481962
09:18,0.000858952406863586,0.000697767145135586,0.0064763423188825536,0.005426591151293192
09:19,0.0007998413755109923,0.0005846709896883961,0.006287409822213356,0.004852387699265995
09:20,0.0008479189273925958,0.0006607033949990182,0.005509083225097587,0.0045530809115697886
09:21,0.0007151915268047161,0.0005655817779834926,0.004400403093485313,0.0036928935758184685
09:22,0.0006765406464703746,0.000535905680600135,0.004234038825025567,0.0034973731047106002
09:23,0.0006347210629961057,0.000480871981192621,0.0039918006716997525,0.0033249282502746573
09:24,0.0006465918976855382,0.0005197235070941719,0.0037037328005485636,0.0031444283097225812
09:25,0.0006374777092588283,0.0004891038530514535,0.0035840296314622404,0.0029482167668112885
09:26,0.0006024229933404465,0.000467601870407508,0.0033609585840022713,0.002762977840253191
09:27,0.0005873129992712517,0.0004587456582998417,0.0032287746356346584,0.002630344490391414
09:28,0.0005811302787371747,0.0004489001945233717,0.003116375483774435,0.002570749867223759
09:29,0.000515604876587719,0.0003988035892322772,0.0030750048603048422,0.00243539931735046
09:30,0.0006262380319256374,0.00047505938242276,0.003375927843704745,0.0027272180121071473
09:31,0.0005611992224871278,0.00041620733874769833,0.003056511527543427,0.0025098066775193217
09:32,0.0005690537404808997,0.00044642857142862535,0.002688162621735575,0.002280707961323921
09:33,0.0005517854175634794,0.00045210511443904977,0.0030016511644659757,0.0022009706053708277
09:34,0.0005490810243171601,0.0003945291951605867,0.0027669234073978205,0.00222022161280686
09:35,0.0005100267103180318,0.00036457320629978973,0.0027625853511409476,0.002130698774204233
09:36,0.0005337656819516241,0.00041834502707294163,0.0026062034222748046,0.00204404538959068
09:37,0.0005048978192241086,0.0003709198813057757,0.0025690700138886703,0.001993605935944761
09:38,0.0004846961829323483,0.0003350308228357024,0.0026229814429537274,0.002013840551713009
09:39,0.00046266147360219236,0.0003696857670979492,0.00242027711579124,0.0020056284341545966
09:40,0.0004919874639830753,0.00040160642570286065,0.0024202417525071226,0.0019673468094056007
09:41,0.00048822092820998434,0.0003618506073921335,0.0024952107086690413,0.0018956306195960274
09:42,0.0004437352632611509,0.0003586065573770725,0.002357847660171747,0.001865004954667398
09:43,0.00048001306222001267,0.0003472222222222765,0.0022024869186786622,0.0018106859713964587
09:44,0.0004662255948141447,0.000379733101876889,0.002252536479163934,0.0018272027603121732
09:45,0.0005151216817732988,0.00039161934599563075,0.00266368081597039,0.0019834990841318
09:46,0.0004916355491880591,0.0003766123717163783,0.0025230325468285457,0.001921881098503554
09:47,0.0004522231464887373,0.0003348513260112984,0.00247549328244251,0.00183928343466399
09:48,0.0004345662947740188,0.0003469491603830255,0.0024928498010767823,0.001789932287798309
09:49,0.00046312858967856687,0.00034962851969777553,0.0024336645446693546,0.0017311531853636374
09:50,0.00043821040259367283,0.0003327470646955488,0.002608728229082776,0.0018582151699670206
09:51,0.00042972237380623684,0.0003050640634533197,0.0023713710782043602,0.0017596597241393414
09:52,0.0004486934323029182,0.0003390022035143492,0.0023264109218663676,0.0016829152328542713
09:53,0.00042190974036297686,0.0003160156743774456,0.0021956743652662802,0.0016456273031251745
09:54,0.0004211761060710062,0.0003032447184877496,0.002185783281982242,0.0016155950735203145
09:55,0.0004272527732533797,0.00031930519190237483,0.002186721206687908,0.001627980058099919
09:56,0.00042509252350512555,0.0003607131814901132,0.002170538050340086,0.0015298366299367184
09:57,0.00039831144546841,0.0003029232089666323,0.002354873213984118,0.0015509413269751864
09:58,0.0004343442560324049,0.00032523850823928946,0.0021330382441088,0.0015718342265045003
09:59,0.0004072584079206088,0.00030062530062524573,0.0024597844912959623,0.0016192663563381804
10:00,0.00046262645783768784,0.00035507760982045333,0.002154859034439085,0.0017104397894321054
10:01,0.0004069913270695055,0.00031271173190172696,0.0020660120925987376,0.00154255730603615
10:02,0.00042745682215084853,0.0003113486586061587,0.0019274055034329532,0.001474515900568517
10:03,0.0004237967877080129,0.00030758189367929845,0.0019766713710917135,0.001498663871567928
10:04,0.0003749340310781511,0.00028980467165129475,0.0019427577951077264,0.001516695346730271
10:05,0.0004010275289668553,0.0003023126920945751,0.0019221579160549529,0.0015037988221680953
10:06,0.00041456089532755246,0.0003072702331960997,0.0026287341418463938,0.0014694393323939653
10:07,0.00039735398444614854,0.00030259017187117543,0.0019879414196496466,0.0014633342257291322
10:08,0.00037401913006149116,0.0002888503755054117,0.001693820488111046,0.0012897022280486474
10:09,0.00039186281124463574,0.00028534578201866445,0.0018065028248924868,0.001417716906877864
10:10,0.00038102028740285025,0.0002985371678774218,0.0019517723527699914,0.0014268124935630003
10:11,0.00034093735211668865,0.00025094102885825365,0.0018878948571649057,0.0013962235467105599
10:12,0.0003805481687579533,0.0002989834562486804,0.0019480102156762512,0.0014248445166933634
10:13,0.0003617684284654663,0.0002950897072711012,0.002004173707784402,0.0013801129755153972
10:14,0.000372401254787095,0.0002627568448158035,0.0018429892651171207,0.0013992841357179091
10:15,0.0003946247351555189,0.0003022061045632185,0.002449721719382206,0.0015602849494714764
10:16,0.0004003885186202056,0.00030989956958393794,0.0020101212568776686,0.0014644788638665913
10:17,0.0003871905903403179,0.0002911547196180475,0.0019921785354311303,0.0014281512072192675
10:18,0.0003965527503071675,0.00029892387405350274,0.0019954573673898668,0.0014486340029507962
10:19,0.0003762564933576326,0.00027197932957090387,0.0018891455325375105,0.0014422550930034152
10:20,0.0003826766651622071,0.00030006001200233445,0.0019755180390392518,0.0014117643297790136
10:21,0.00038063282793892575,0.0002678954136304812,0.0020636054835420675,0.0013929942324495451
10:22,0.00041083618180089013,0.0002865822204389801,0.002030863402200193,0.001344643952233956
10:23,0.00034176540319872945,0.00024795437639468787,0.0018735158965340769,0.0012890119568131294
10:24,0.00033492761840790344,0.00025385865150284737,0.0017786316094855247,0.0012794053791238967
10:25,0.00035453610665497307,0.00024859543578781285,0.0021536397337598304,0.0013530557799164707
10:26,0.00038205651843050694,0.00030072173215722753,0.0017731626489182217,0.0013869997376492874
10:27,0.00036902109030200484,0.0002627568448158035,0.001877792118172132,0.0012556130222693132
10:28,0.00037106172746356834,0.0002780867630700623,0.0017127348629421392,0.001297819854436512
10:29,0.0003401596190497723,0.0002627706537733365,0.002133881856158369,0.0012693750867553756
10:30,0.00038615203446286915,0.0002707025962840337,0.001838962144067673,0.001332451616623174
10:31,0.0003930998716227318,0.00030737704918026854,0.0018350844051451055,0.0013439817129439623
10:32,0.00034932697284256796,0.00026842362127865727,0.0018373438177938313,0.0012656572738463283
10:33,0.000367249434745861,0.0002676659528906278,0.001779624991521156,0.0012595547998293442
10:34,0.00038404446193521924,0.0002699618372130619,0.0017960174853628805,0.0013250982968372818
10:35,0.0003628857855826027,0.000271134970988518,0.0019190937482278765,0.001339593700898522
10:36,0.00038348069374930416,0.0002955432084170706,0.0018324869125261253,0.0013267943114008307
10:37,0.00036400404496294756,0.00026780931976422284,0.0016909788966484656,0.0012526743642445402
10:38,0.00034234269388350077,0.0002682763246142361,0.0017405106502862218,0.0012869566959734912
10:39,0.0003547611071724991,0.00024233612019886053,0.0017933887000914925,0.001239143870042356
10:40,0.00036042276009346863,0.00025321584118298546,0.0018863432102061168,0.00129255653690943
10:41,0.00036230797406793674,0.00026267402153923314,0.0019146749881975517,0.0013808131165664597
10:42,0.0003366251594823715,0.00020868113522531928,0.0017533864654611245,0.0012428832639443358
10:43,0.0003393408538242072,0.0002543881963876782,0.001640546438738239,0.0012223295186707748
10:44,0.0003363595810201931,0.00025310048089088877,0.001656248970584249,0.0012479742646673484
10:45,0.0003428054211329034,0.0002509662199468021,0.001815070055648798,0.0012982878504128393
10:46,0.00037097411855348175,0.0002980033773716251,0.0018621511948524886,0.0013339724360739364
10:47,0.00033214992870311946,0.0002435816242023492,0.0017796254448757664,0.0012722379819269532
10:48,0.0003458761070110495,0.0002601456815816139,0.00162875124150285,0.0012102430027491104
10:49,0.00032834858834034374,0.00023110700254214134,0.001692951630272835,0.0012063541346571491
10:50,0.0003452126983828904,0.00024635092689540006,0.0018424677417789772,0.001215079579427819
10:51,0.00033698764771795026,0.0002480774001488717,0.0017907354713755674,0.001263737403520693
10:52,0.0003324670533569463,0.0002555257442187209,0.0017937695578759982,0.001202153947781126
10:53,0.00032186408576227586,0.00022256843979517882,0.0016645199681503034,0.0012237337960625037
10:54,0.0003140646496901719,0.00021029388570537044,0.0017179013518533136,0.001267526146724067
10:55,0.00032838810866541395,0.00021564504825044573,0.0018575524071727373,0.001273390785736284
10:56,0.0003501192847489132,0.0002690210080951161,0.0017395724631068526,0.0012375496391717072
10:57,0.0003378942801148541,0.0002543752543753275,0.0018566856376875085,0.0012501125201844867
10:58,0.0003478717606784692,0.00025007502250673497,0.0018525434138932917,0.0012416642703198014
10:59,0.0003208203106875272,0.00023788284270009896,0.0017279975355410514,0.0012410858656130008
11:00,0.000371987198380829,0.0002676229727560653,0.00202475558547627,0.001479331509726678
11:01,0.0003395084713014333,0.0002506265664159457,0.0018534231759139905,0.0013305217135310475
11:02,0.00034923463481772283,0.0002608922515001666,0.0019959722688090106,0.0012738698177327556
11:03,0.00032466507884321025,0.0002538071065989467,0.0018306112267870824,0.001353154406160104
11:04,0.00029351708227704057,0.0002034070683956113,0.0017915447871439203,0.0012219849192842966
11:05,0.000331358909357016,0.0002453385672228636,0.0018939865594467871,0.0012571102357658503
11:06,0.00032065920073632155,0.00023412898165608986,0.0017341447353003512,0.0012150567461135966
11:07,0.0003244223042427348,0.00024151672503325283,0.0016683205037530948,0.0012345390668810569
11:08,0.0003094362809730697,0.00022084534691124702,0.0016520376673528883,0.0011994672000597932
11:09,0.00031463722178596133,0.00024375380865326868,0.0016846768176638587,0.0012377060135768292
11:10,0.00030974703637545557,0.00021937842778796401,0.0016663953179660044,0.001234407845825364
11:11,0.0003061496091122227,0.00021171987108603574,0.0016523069420822985,0.001182646120563215
11:12,0.00031330160696559805,0.00020415107179305725,0.001855077971335115,0.001245052627329882
11:13,0.0003122098524389011,0.0002513067953356929,0.0018289711230222493,0.00119133843952907
11:14,0.0003119411800505721,0.00021850494063946346,0.001758315852687311,0.0011051157823586187
11:15,0.0003313288270358014,0.0002488800398208202,0.0017311594026557882,0.0012627467923426576
11:16,0.00032761083853666284,0.00024196963281108985,0.0016396630264925692,0.0012255106550671867
11:17,0.0003228030731664759,0.00021001785151741892,0.0019118339044001777,0.0012089388922080146
11:18,0.0003256521230116892,0.00021005093735237956,0.0018695639656525626,0.0012529663246400578
11:19,0.0003060048990334332,0.0002369022659701736,0.001734381909467059,0.0012020949922803403
11:20,0.0003188822598874842,0.00021439674116963126,0.001788434228639462,0.0012472912003788229
11:21,0.0003308278637857743,0.0002513826043237799,0.0017272148578680567,0.0011755229741132077
11:22,0.00032329369942919105,0.00024749012729607944,0.00175755967588642,0.0011755836586479847
11:23,0.0003270686878670942,0.00022525059128275515,0.0017642690936287293,0.001185946347105718
11:24,0.00031838614347405207,0.0002122141004479161,0.0018194654168039298,0.0012171906590692204
11:25,0.00032168857601852133,0.00020693222969492275,0.001784291806459788,0.0012407266095434118
11:26,0.0003434278661073794,0.00025087807325641087,0.0017834924886108486,0.001239577161474987
11:27,0.0003298331039971622,0.00023348665623745823,0.001874284969701533,0.0012464110684330056
11:28,0.0003461506552588135,0.0002179005284088653,0.0020921643809409746,0.0011967121813988024
11:29,0.0003041096036579879,0.00020702862170685066,0.001722868537865358,0.0012112384038882602
11:30,0.00031976015971481157,0.0002458573044206158,0.0018943431585397945,0.0012535576748684118
11:31,0.000330730876385884,0.0002528572873470303,0.0016443144267774227,0.001147184674161464
11:32,0.00031171546308632266,0.0002440512507627668,0.0016134269072290476,0.001180939379784897
11:33,0.00033288636592142224,0.00024480403437032727,0.0015520216051389906,0.00108739461387561
11:34,0.00029201643217845023,0.00021675517502983688,0.0017080586335871013,0.0011445943295259968
11:35,0.00028137689879925834,0.0002044571662236372,0.0014877941884207644,0.001082373537768562
11:36,0.00029059210314891383,0.00020487604998975506,0.0017052036143436332,0.0011723370829560928
11:37,0.000300416975764192,0.00021921812203129498,0.0016057633550458522,0.0011508693185999024
11:38,0.0003303701153848927,0.00025255076270325194,0.001628288367531482,0.001144080624443843
11:39,0.00031730588300528904,0.0002503755633451732,0.0017137650987226662,0.00117516382327746
11:40,0.0003094967067768309,0.00020601565718991743,0.001716264103069635,0.0011838301627548917
11:41,0.0003300901729726322,0.0002291475710356483,0.0017125963769750792,0.0012302163055821535
11:42,0.0003295165840477494,0.0002248580583507076,0.0016164621658313282,0.0011387263993628215
11:43,0.0002978676681808961,0.00020647292623743319,0.0016198740428340936,0.0011823518333952314
11:44,0.00029074708738866537,0.0002047292455726879,0.0015984702043122666,0.0010715419189098758
11:45,0.00031473664534672834,0.00020863759649492053,0.0017728834154655045,0.0011546650079828193
11:46,0.00030465119335750754,0.00020964360587005793,0.001696265828380107,0.0011604952579629523
11:47,0.00031670991387306114,0.0002491032283777894,0.0015907339059855433,0.00121883026271002
11:48,0.00028730666273157104,0.00020020020020017348,0.001694623244147858,0.0011000655502599174
11:49,0.0002890963411161367,0.00020261371694862973,0.001536079064263908,0.0011144459270267693
11:50,0.0003126629185591697,0.00020603216391013035,0.0017435883370754068,0.001176380935299372
11:51,0.00029417313343688524,0.0002069939606468285,0.0016868489966012804,0.001200544541148408
11:52,0.0002888650394504777,0.0001998600979314924,0.0015038074858717628,0.0010963609504657972
11:53,0.0002896036772839543,0.0002053786383395817,0.0016326396268247214,0.001152398257617728
11:54,0.00027547478037744924,0.00018639328984149106,0.0016885676461282854,0.0011365126802259675
11:55,0.00028207597924844867,0.0002002002002002845,0.0016517787872236257,0.0011077525525418023
11:56,0.0002862824699801719,0.00020052135552450778,0.0015813453792471463,0.0011525149833088721
11:57,0.00027388266168056763,0.00020207123010873573,0.0015127082254443114,0.0011601779567384125
11:58,0.0003152925560452553,0.00022175680670200038,0.0015866060217752409,0.0011332828879407758
11:59,0.00030175280310478067,0.00023350846468195297,0.0016054152638358273,0.0011424536224139247
12:00,0.0003183843861340199,0.0002542846971469448,0.0016452326001112662,0.0011678882065057996
12:01,0.00032433032351341176,0.00025027017803302964,0.0017201986536849285,0.0011513861263467255
12:02,0.00029433556948055755,0.00020417967811681148,0.0017193338859503144,0.0011130087112678432
12:03,0.00029673996219558354,0.00021059281878477165,0.0016882734871291267,0.0011093046025399576
12:04,0.0002976029341289194,0.00020316944331577602,0.001671925143915265,0.0011588448829977192
12:05,0.00030326701338220655,0.0002064409578861337,0.0018492478341194565,0.0011652835859153696
12:06,0.0002868347215647912,0.00020140986908367964,0.00154877276195239,0.0011203755244375815
12:07,0.00029129172226361247,0.0002032417051978097,0.0016647922044620662,0.0011829457722451011
12:08,0.00028927378212315524,0.00020100502512565566,0.0014943450769338959,0.0011265574815902731
12:09,0.00030212728464540037,0.00020632382524365944,0.0015203034330259226,0.0011125593848882345
12:10,0.00030696525409718294,0.00021612535270443267,0.0015960476828018547,0.0011481473063207767
12:11,0.0003002985714846965,0.0002054057972764589,0.0015909103068588075,0.0011009230090184806
12:12,0.000310413138040054,0.00020870291140573372,0.0016761897975628706,0.0010974724741437266
12:13,0.0002983874880125311,0.0002068490002298251,0.0017450177857728216,0.0011493228282984426
12:14,0.0002930878613211219,0.0002028946300556278,0.0015913116176568783,0.0011722198466831385
12:15,0.00029093127823799213,0.00019583523728716745,0.0017063168718858934,0.0012418605833797562
12:16,0.00030231533773951875,0.0002189141856392407,0.0018691262455745158,0.0012213969385659604
12:17,0.00032874602579176227,0.00023968457509904173,0.0017741563470379204,0.0012024685422286534
12:18,0.0002993613001607028,0.00021795989537931604,0.0017507075604126865,0.0012815768885595339
12:19,0.00028705381708390385,0.00020282604286392392,0.0017240830748269506,0.0011460496158508802
12:20,0.00031942149669080835,0.0002068554323886307,0.0021164161810850067,0.0012376769642348912
12:21,0.0003267689220405008,0.00025677380460631394,0.001848409197506527,0.0012405029877111994
12:22,0.00032688936852038393,0.000217959895379094,0.0016674940689222026,0.0012427957346584921
12:23,0.00028564294214053146,0.00020337604230236117,0.001655937951524275,0.0012274744521543124
12:24,0.00031317852954373357,0.00022957368167308978,0.0019265107862929498,0.00126427161717882
12:25,0.00030232738962628747,0.0002039347408829828,0.0017820367254828798,0.0011969480597217054
12:26,0.00029845439881230694,0.0002080083203328531,0.0016363582009866118,0.001226571944587371
12:27,0.00028748374490429834,0.00020106564793409554,0.0015996104914546866,0.001190838440947006
12:28,0.00033595335910952657,0.00024437927663734094,0.0016511199074498635,0.0012043649671911688
12:29,0.0002966001046201197,0.0002073290830870711,0.0016050913861077533,0.0011440081965997783
12:30,0.00032663327108139323,0.00020747964106027084,0.001712178856846717,0.0013087792105342232
12:31,0.00033875321366181086,0.0002250402259403872,0.002098167032913133,0.0012787475737822008
12:32,0.0003262540825898945,0.0002218401641616019,0.0017673709362584185,0.001287210278993508
12:33,0.0003344260670409685,0.00024823751365321556,0.0018359820796997929,0.0012507840270602974
12:34,0.00029215804156460635,0.00020030045067609414,0.0017717686249240536,0.0012110328635519599
12:35,0.00030768610625494174,0.00020955574182723868,0.0017185560639177728,0.0012389084292148446
12:36,0.0003121142410297474,0.0002112043930513341,0.0018389121284094916,0.001294327667680584
12:37,0.00032843287859290804,0.00022909507445589838,0.0017141590443090142,0.0012184540656478193
12:38,0.000281741055066965,0.0002008838891121023,0.0017426767081904137,0.0012415925310343217
12:39,0.0002836311697993535,0.0002010656479338735,0.0016446790889445221,0.0012424073025523587
12:40,0.0002764623222887038,0.00019900497512437276,0.0018213847248541865,0.001242710060356386
12:41,0.0002943738789417582,0.00020743660218847104,0.0017512235849832514,0.0012693097464318039
12:42,0.0003187838904552943,0.00022629554197783897,0.0017289337153627233,0.0012232985400937244
12:43,0.00029926513690577253,0.00020903010033435088,0.0019405110733397568,0.0012432518977705596
12:44,0.00030686867674849564,0.000211349466342714,0.001750790524612493,0.0012462831101553642
12:45,0.0003144404645742636,0.0002366023896842595,0.0017659011475673239,0.0013372829390238222
12:46,0.0003082749019489688,0.00021358393848780466,0.0018234812055231342,0.0012708263009084467
12:47,0.00029834086152249686,0.00020269585486976105,0.001790188461226589,0.001160539587031641
12:48,0.0003026315220379269,0.00020544427324087344,0.0017756194216763924,0.0012693837262372923
12:49,0.00028744197404851756,0.00020868113522531928,0.0017178524029295486,0.0012258908979104405
12:50,0.00030068693999043135,0.00021114864864868466,0.0016291126410537715,0.0011973742744636278
12:51,0.00031045390030097584,0.00021793614470966283,0.0017652008885073135,0.0012522377616022828
12:52,0.0003046778892996466,0.00021477663230251576,0.0018582138653920998,0.0012649160228909856
12:53,0.000299259685055298,0.00022353861629609284,0.0018952967706029082,0.0012045383166937168
12:54,0.0002999447017618507,0.00021102487748836385,0.0016490264045531562,0.0012029021437837829
12:55,0.0002834527757271254,0.00020179598425995593,0.0017116432023057148,0.001301705988982538
12:56,0.00028344255961419457,0.00021132961549752416,0.0017161227709715963,0.0012223142893912384
12:57,0.0003057461808754254,0.00021168252325576287,0.0019519239884790514,0.0012700695801711602
12:58,0.0002942044668004836,0.00020199979800028522,0.0019194285503621631,0.0012653567612267913
12:59,0.000289379934232474,0.00020639124901100647,0.0017348092027379234,0.001301679798833338
13:00,0.0003348829846123277,0.00024286581663635065,0.0018193228460324745,0.001314007459639031
13:01,0.0003035950052741312,0.00024301927142822422,0.0018035938575986735,0.0013064768597231401
13:02,0.0003115150976354016,0.00023491272992093304,0.0018435346911243396,0.001265884296124133
13:03,0.0003026608768812568,0.00021215157051091005,0.0017464726383332998,0.0012487653287888126
13:04,0.0002854403936306993,0.00019969380283557658,0.0018125145396983215,0.0012228101861430367
13:05,0.000280483869053627,0.00020109597305317806,0.0016789389140488787,0.0012627253259485274
13:06,0.0003004933337740762,0.00020097472742808264,0.0019488252916284067,0.0012641468027914148
13:07,0.0003042556682658223,0.00020740433475063824,0.0019037328464121444,0.0012814753829296114
13:08,0.00030648022940392997,0.0002130152305889199,0.0017523687887388531,0.001310971925803256
13:09,0.0002839480197907625,0.000205317729185861,0.0017940555002510451,0.0012445317670971346
13:10,0.0003083018125538013,0.00020667562261023065,0.001731578129946425,0.0012405158195584736
13:11,0.00031227210043364387,0.00020749040356871085,0.0018048211404314396,0.0012646365466991365
13:12,0.0003082167748990724,0.00024233612019863848,0.0018998916283186956,0.0012950199685701628
13:13,0.00029487616443884764,0.00020298386278305713,0.0018053623992885723,0.0013165906959699558
13:14,0.00030949661931005184,0.00022026431718047412,0.0016867007574364679,0.0012497323482976688
13:15,0.000321164281892105,0.0002334812047630752,0.0020206816235792246,0.001369448222800165
13:16,0.00029878967243713466,0.00020751193193624395,0.0017599573794305227,0.0013332932072100772
13:17,0.00029049758039069614,0.00019847833278197058,0.0017506209075766543,0.0012605007159842308
13:18,0.0003124149059496581,0.00021580793094155837,0.0018416993256336284,0.0012898350456568277
13:19,0.0003009192226175127,0.00022296544035671495,0.001767524724352221,0.001314245842183151
13:20,0.00029045924699659675,0.0002100502885102884,0.001934214391738371,0.001331623244765453
13:21,0.0003286855269897106,0.000246776482201172,0.001863288502198817,0.0013146238937922529
13:22,0.0002838418854138661,0.00020714655618858657,0.0017623406065230952,0.0013139051146043737
13:23,0.00027999456732627395,0.0002049495311780003,0.0017986618397621717,0.001299981186563038
13:24,0.0002824319674210598,0.00020197939810140397,0.0017489811180031478,0.0013019580230661438
13:25,0.0002670364156738505,0.00020005001250322785,0.0018126621786285746,0.001320184811041199
13:26,0.00030768651693237857,0.0002365744026497918,0.0017829230088055256,0.0013278096971443601
13:27,0.0003052429888148746,0.0002105263157894388,0.0018479608512396624,0.0012872032574996872
13:28,0.00030208207052730054,0.00020885547201321408,0.002126093570570226,0.0013547685507674884
13:29,0.0002978270874099114,0.00020283975659229903,0.0018611995282188799,0.0014091300493456068
13:30,0.0003391238131964415,0.000219852698691958,0.001986315575605521,0.0014130578271681661
13:31,0.0002849251202944896,0.00020358306188916764,0.001812347021644699,0.0013247200189120485
13:32,0.0002951819062261383,0.00021076049411639097,0.0021892571528235607,0.001366757411018894
13:33,0.0003086356517720924,0.00021384529480961145,0.00184990192192369,0.0013522101813526412
13:34,0.00030159200416701623,0.00020652622883099436,0.001847601743104522,0.0013271149832503532
13:35,0.00031198802811525196,0.00022765301128035986,0.0019383420592072394,0.0014003186863341427
13:36,0.0003206471960118584,0.00023617060105429744,0.00204453305235941,0.001431791388483364
13:37,0.0002947258308235366,0.00020519134092533697,0.001948702155522066,0.001369951391818792
13:38,0.0003108037213487342,0.0002079770763045996,0.001997915598525347,0.0014595029256804074
13:39,0.0002962901368767277,0.0002099076406381073,0.001900841788479405,0.0013574867737038447
13:40,0.00030926526110809394,0.0002073183373068055,0.00197087119227304,0.0013827277768928027
13:41,0.00030678667363587546,0.0002025183755645088,0.001965744032172489,0.0014088058126733372
13:42,0.00030386558933079755,0.0002126980750823959,0.001977082943673761,0.0013974146460224508
13:43,0.00032403463002017596,0.0002249010435408927,0.0018900213157198322,0.0013551345180755016
13:44,0.00029298749812023135,0.0002230759697607887,0.0020206863959535766,0.001337170745526775
13:45,0.000306094057578242,0.00020775982963683326,0.002067784823008432,0.001529197953959002
13:46,0.000306927782557351,0.00022575911502420443,0.0020290774964514873,0.0013835919999357683
13:47,0.000307489586452877,0.00020596074630474526,0.0019046685493770946,0.0014251070710088077
13:48,0.00028950859957518183,0.00020763041785620828,0.0019695462772619204,0.001428974402165026
13:49,0.00030837958582117636,0.00020832127770398223,0.0017856711927854375,0.0012840746430650006
13:50,0.00028327776795730925,0.00020801913776069547,0.0018735846783399246,0.001409489921748681
13:51,0.00030074399954003664,0.00022294555669510885,0.002020735495129996,0.0014063385711039732
13:52,0.0002936140233641829,0.00020327269031394923,0.001982602114728645,0.0014170052115433866
13:53,0.000283524174123055,0.00021019442984770986,0.0020444150371066562,0.0014453062000467406
13:54,0.0002817805914748124,0.00020229606028410174,0.0019233935199692873,0.0014004054893165232
13:55,0.0002836138962686507,0.00020522292340063863,0.0019917871758229513,0.0014306296839082626
13:56,0.0002974389671556166,0.00021414422613630357,0.002095757965874227,0.0014690764285535856
13:57,0.0002941924224668838,0.00020780300275324848,0.0018725329300705227,0.0014086569449517096
13:58,0.00028600084509011747,0.0002086158339418276,0.0021439093075269165,0.0014271343400151524
13:59,0.00029280141833397285,0.00020533880903506052,0.0021121714310148466,0.001451738261850029
14:00,0.00031926293959341155,0.00023124595319590213,0.0021123635576563715,0.001598238546632631
14:01,0.00032299264251586763,0.00025094102885825365,0.0021329952368037046,0.0014462824315238973
14:02,0.000320105646745574,0.000222086502692731,0.0020242572883888217,0.0014483557819811364
14:03,0.00032281337775950415,0.0002478368156202393,0.002184187204156779,0.001543850160643346
14:04,0.00034124909789137015,0.0002590673575129099,0.0022281921706599015,0.0015158524709097166
14:05,0.0003124515429523411,0.00023480241376883093,0.002092954013307247,0.0015096017177306201
14:06,0.0003050533721526436,0.000215273666648641,0.002201293579916423,0.0015180588329657303
14:07,0.0003209242126292531,0.00022304003568640596,0.002168612774632985,0.0015973435271248993
14:08,0.0003024572566523222,0.00020783539436775023,0.0020180465572177176,0.0015553954877794776
14:09,0.00030968767229808087,0.00021340162185234934,0.00208980512276119,0.0015741680670272183
14:10,0.00032541545454921626,0.00020655822359927356,0.002369605288352872,0.0015475464762393664
14:11,0.0003262877597635219,0.0002584780810587217,0.0023824030821142073,0.001615756171176084
14:12,0.0003205854746257326,0.00024239486122901166,0.0021434344624532723,0.001559057996113697
14:13,0.0003158939208398889,0.00021448871253149093,0.002201761827244965,0.0015559151298607436
14:14,0.00030764658735431115,0.0002263262719536252,0.002098685186498931,0.0015817662251875985
14:15,0.000315608373314694,0.00021324234993080893,0.0024501553146700074,0.0017149761632317512
14:16,0.00033273864044486973,0.0002498296615943696,0.0024893413267060315,0.0016393614619731778
14:17,0.00030894780532379106,0.0002370791844474862,0.002422199022007014,0.0016894308980691228
14:18,0.0002921667989370244,0.00020227560050578575,0.0023390750623004147,0.0016402413631107504
14:19,0.00033815678501722385,0.00023491724506141676,0.0024280758062237393,0.0016783646445713474
14:20,0.0003362738529689965,0.00025220680958382147,0.0024241677829076633,0.0017342587078269622
14:21,0.000339916888544677,0.00024878716258236455,0.002401671656738682,0.0017430955152146006
14:22,0.0003287566599202552,0.00024330900243318965,0.0023608935941506993,0.0017947679441271357
14:23,0.00032155938640860625,0.00021139545872816967,0.00228866697263517,0.0017439505016971378
14:24,0.0003326293970796238,0.00022378317896420974,0.0023110500417371574,0.0017280818462922602
14:25,0.0003456398115652183,0.0002442598925256334,0.0025864262425621047,0.001820300568020447
14:26,0.00033257462169938027,0.00025001562597670723,0.002418422547653792,0.0017102027216820163
14:27,0.00032973390518841665,0.00023585461921271644,0.0024702414212974615,0.00179550338524888
14:28,0.00035411048296215566,0.0002504069112305718,0.0024500928644032695,0.0017741700795419035
14:29,0.0003174580664193341,0.00021070375052678614,0.0023628855312294492,0.0017127551742709421
14:30,0.00037706056641146956,0.0002917833800186731,0.00246125106023286,0.0018676217736248214
14:31,0.0003565602252384542,0.0002541942043721157,0.0025785822702562855,0.0019171008571481146
14:32,0.00033646185424169076,0.0002480035712514317,0.0024512792012946257,0.001782088479639112
14:33,0.0003460352675354655,0.00025713551041395277,0.0024941771152436057,0.001837015207984134
14:34,0.00033100553796964327,0.0002580645161290862,0.002544899900265043,0.0018233557860698702
14:35,0.0003362175514706307,0.00025186379206121323,0.0027830234918121526,0.0021178386043749662
14:36,0.0003600918245415645,0.00024965672200716327,0.0029576450602723423,0.0021810107462310953
14:37,0.0003393698672978016,0.0002544853034736061,0.0027092118526199373,0.0019755264924623487
14:38,0.0003415201295576318,0.00025171163914627925,0.0027509163806033235,0.0020196294769949693
14:39,0.00030397656418358935,0.00022188938814005077,0.0028220289428546297,0.0020143534645777166
14:40,0.0003253313497023584,0.0002508917565695601,0.002695942807188407,0.0020737924043082233
14:41,0.00033695415381165237,0.00024591171769328124,0.0030935212826859386,0.002121513113819566
14:42,0.00032542948779892155,0.0002546473134708016,0.002651428185958415,0.002146293426402742
14:43,0.0003386650991287468,0.00025218136884042064,0.0029794250218170893,0.0020904980797100165
14:44,0.0003313466962284076,0.00022201747277517114,0.0027519472481674916,0.0021066807519390385
14:45,0.00034452599620732045,0.00026516024902001334,0.0028767652467873014,0.002159098257885474
14:46,0.00035613016079673505,0.00024975024975026905,0.003027373806931769,0.0023843579152068705
14:47,0.00034535101527802064,0.00024699896260438337,0.00295859558211292,0.002164061770261308
14:48,0.00034122680402473565,0.00025171163914627925,0.0031688649843741273,0.0022343804571372484
14:49,0.0003318690374228702,0.00025067368552988967,0.002947517120921716,0.0021500264536065085
14:50,0.0003576011107561285,0.00027171228139510895,0.0030791361095639336,0.0022671434980297872
14:51,0.0003506290219355264,0.0002599968800374164,0.0031003529074465582,0.0023437128259811988
14:52,0.0003261828607453771,0.0002503975060409447,0.003070377976771533,0.00242017346814936
14:53,0.0003325198717499618,0.00024363233665558592,0.003103635567240543,0.0024302025469958837
14:54,0.0003275645573202799,0.0002480650922802585,0.0031325802226033666,0.002414385723217365
14:55,0.00033358648215908894,0.0002498906728306549,0.00298013325686134,0.0023860769444746803
14:56,0.00031413069858537843,0.0002161811598118124,0.003030999431645575,0.002478966620965826
14:57,0.0003254311485277438,0.00024677509814918785,0.003110776774199628,0.002380784857668322
14:58,0.0003373885030502656,0.0002402402402402748,0.0031212160775430336,0.002498273531094818
14:59,0.00032752786707069116,0.00025023459493278555,0.0031622344054459124,0.002504927956271597
15:00,0.0007217126455182469,0.0005365670440521386,0.009324220750514768,0.007989098649678778
15:01,0.0005505807435774982,0.0003703932341501126,0.008483562625308246,0.006957072436759968
15:02,0.0004925979509599997,0.000332535248736443,0.008420271960836952,0.007010397616370458
15:03,0.00048335518590768165,0.0003692398582118006,0.008605145585085374,0.007171120772596832
15:04,0.0004883398348489704,0.00033668900037042704,0.008845676844743751,0.006828145250197326
15:05,0.0004509883894280036,0.0003399048266485849,0.00888617280907329,0.007575943649981361
15:06,0.0004496490973711827,0.0003106840803175359,0.008525824480002032,0.007012561592174927
15:07,0.0004406020531610371,0.0003132177907704259,0.00824528766407723,0.006977526253145641
15:08,0.0004128592465672537,0.00030113225728745086,0.00811064572711972,0.006878141823869581
15:09,0.00041364519118164064,0.0002880416623460835,0.008077382563149261,0.006924860552814132
15:10,0.0004114916208404746,0.00029892387405350274,0.008248834872696563,0.006977815117025656
15:11,0.0003909845936296733,0.0002735717769082324,0.007901331132365954,0.006774005673772604
15:12,0.00035900510034309106,0.00024134768547567909,0.007420201072563366,0.006232788820533345
15:13,0.000303993982836635,0.0002022244691608499,0.007343396345025395,0.0059792554485207
15:14,0.0003359889951449052,0.00021308331557645666,0.0071463227334573375,0.0061232287104965475
15:15,0.0004398538731738878,0.00030815058291833175,0.00790366719225527,0.006927358150268832
15:16,0.00035669524487513566,0.0002574797878367452,0.007423249338708851,0.006520595757553534
15:17,0.0003287777530643095,0.00023229343306452321,0.006922952022504793,0.006159630513156773
15:18,0.00034286661289434833,0.00023008869919360908,0.007356361766880947,0.006345226292329701
15:19,0.0003337661830917523,0.0002128036885971074,0.007048693705045178,0.0061584323896345106
15:20,0.000356212536343519,0.0002539360081259545,0.008019278806669588,0.0070091694155738045
15:21,0.00033758977095174744,0.0002116514101273559,0.006653317441630373,0.005701245276644507
15:22,0.0003281825705627189,0.00022646722453101287,0.006323119790215838,0.005500491691561173
15:23,0.00033170226700357443,0.00024424497771269316,0.006434883450240326,0.0056060279261419665
15:24,0.00036389406349765513,0.00025649097035196355,0.006904248501593483,0.005739064852308642
15:25,0.00037812770284125223,0.00029180040852061495,0.00678829337752208,0.005874053059376778
15:26,0.00035765470589002374,0.00024732578989672405,0.005954348566353935,0.005273268261651407
15:27,0.00042252549501963134,0.00025542784163468113,0.006129239228409755,0.005168385349190184
15:28,0.0004845086820256593,0.00033212374684798984,0.0049465367809658585,0.004085850105962402
15:29,0.000530549860802693,0.0004018485031143104,0.0029599504836196043,0.002039989117096708
