name,strength_atr,position_min,volume_quantile,target_r,volume_cutoff,Trades,WinRate,ProfitFactor,Expectancy,MaxDrawdown
opening_drive,0.15,0.7,0.25,1.5,0.6557702374544552,82,0.4634146341463415,0.8515412078298572,-0.0004918570609951307,-0.050945313058631814
opening_drive,0.15,0.7,0.25,2.0,0.6557702374544552,82,0.4634146341463415,0.9290685563586,-0.00023500212342841137,-0.0509453130586317
opening_drive,0.15,0.7,0.5,1.5,0.9273838643283765,57,0.40350877192982454,0.663856329877615,-0.001248449912057938,-0.07060501110892292
opening_drive,0.15,0.7,0.5,2.0,0.9273838643283765,57,0.40350877192982454,0.6670189423591356,-0.0012367038533771658,-0.08070459738639035
opening_drive,0.15,0.7,0.75,1.5,1.3418780666299799,32,0.46875,0.8272215031837994,-0.0005638010506891184,-0.03560643939847574
opening_drive,0.15,0.7,0.75,2.0,1.3418780666299799,32,0.46875,0.9429332118319091,-0.00018621712609787045,-0.0318076700156259
opening_drive,0.15,0.8,0.25,1.5,0.6557702374544552,62,0.45161290322580644,0.858034973053574,-0.0004934918127783533,-0.050945313058631814
opening_drive,0.15,0.8,0.25,2.0,0.6557702374544552,62,0.45161290322580644,0.9007286622515098,-0.0003450821197034817,-0.05094531305863159
opening_drive,0.15,0.8,0.5,1.5,0.9273838643283765,41,0.3902439024390244,0.6324509788205899,-0.0014556721270678021,-0.052538190037850985
opening_drive,0.15,0.8,0.5,2.0,0.9273838643283765,41,0.3902439024390244,0.579566953369194,-0.001665118479474668,-0.06708501787303389
opening_drive,0.15,0.8,0.75,1.5,1.3418780666299799,22,0.4090909090909091,0.6759077491875611,-0.0012338270858080834,-0.030308876000762597
opening_drive,0.15,0.8,0.75,2.0,1.3418780666299799,22,0.4090909090909091,0.7096475315233829,-0.0011053789133792463,-0.0293759936645952
opening_drive,0.15,0.9,0.25,1.5,0.6557702374544552,36,0.4444444444444444,0.9435634930955963,-0.00017493086328320274,-0.029031283912555494
opening_drive,0.15,0.9,0.25,2.0,0.6557702374544552,36,0.4444444444444444,1.0388362035681986,0.0001203768799570607,-0.025119890335749684
opening_drive,0.15,0.9,0.5,1.5,0.9273838643283765,24,0.375,0.542480997054618,-0.0016625135514605524,-0.055789610089849284
opening_drive,0.15,0.9,0.5,2.0,0.9273838643283765,24,0.375,0.49990753785590514,-0.001817215219357968,-0.0628479238891736
opening_drive,0.15,0.9,0.75,1.5,1.3418780666299799,13,0.23076923076923078,0.15452727409383943,-0.004177179290274587,-0.05628805328062214
opening_drive,0.15,0.9,0.75,2.0,1.3418780666299799,13,0.23076923076923078,0.1819520641114137,-0.004041683180948578,-0.05628805328062214
opening_drive,0.25,0.7,0.25,1.5,0.6557702374544552,59,0.4745762711864407,0.9149786082155373,-0.00026957462508652954,-0.039587249189347196
opening_drive,0.25,0.7,0.25,2.0,0.6557702374544552,59,0.4745762711864407,0.9530412576397967,-0.0001488905921274281,-0.039587249189347196
opening_drive,0.25,0.7,0.5,1.5,0.9273838643283765,40,0.425,0.7508565122395237,-0.0008712290559880759,-0.04400007717295373
opening_drive,0.25,0.7,0.5,2.0,0.9273838643283765,40,0.425,0.6717813514009991,-0.0011477467299948136,-0.05249324132669664
opening_drive,0.25,0.7,0.75,1.5,1.3418780666299799,21,0.47619047619047616,0.8499856321369054,-0.00044030287781071604,-0.017619227958694528
opening_drive,0.25,0.7,0.75,2.0,1.3418780666299799,21,0.47619047619047616,0.8557038881636657,-0.0004235193881989822,-0.018594574648490125
opening_drive,0.25,0.8,0.25,1.5,0.6557702374544552,47,0.44680851063829785,0.9082853745816118,-0.000321089967049197,-0.03958724918934742
opening_drive,0.25,0.8,0.25,2.0,0.6557702374544552,47,0.44680851063829785,0.9356026608449463,-0.0002254530224925992,-0.039587249189347085
opening_drive,0.25,0.8,0.5,1.5,0.9273838643283765,30,0.4,0.7249967513328939,-0.001075738830148909,-0.03451061827359014
opening_drive,0.25,0.8,0.5,2.0,0.9273838643283765,30,0.4,0.6083721055039424,-0.001531943113838789,-0.047533182302000765
opening_drive,0.25,0.8,0.75,1.5,1.3418780666299799,15,0.4,0.7467200803114696,-0.0009161684273249515,-0.02288675064306045
opening_drive,0.25,0.8,0.75,2.0,1.3418780666299799,15,0.4,0.704828422012964,-0.0010676996452303167,-0.02362219387545572
opening_drive,0.25,0.9,0.25,1.5,0.6557702374544552,28,0.42857142857142855,1.0229563587804715,6.970575588241189e-05,-0.015130255807696225
opening_drive,0.25,0.9,0.25,2.0,0.6557702374544552,28,0.42857142857142855,1.1272797754747528,0.00038647823214710313,-0.019476001938291465
opening_drive,0.25,0.9,0.5,1.5,0.9273838643283765,18,0.3333333333333333,0.581210799672333,-0.0015493539703344797,-0.04232712159618912
opening_drive,0.25,0.9,0.5,2.0,0.9273838643283765,18,0.3333333333333333,0.49900545095751137,-0.0018534811620442631,-0.04948607236087976
opening_drive,0.25,0.9,0.75,1.5,1.3418780666299799,8,0.125,0.06517982588325352,-0.005096058105383841,-0.03874769760006247
opening_drive,0.25,0.9,0.75,2.0,1.3418780666299799,8,0.125,0.06517982588325352,-0.005096058105383841,-0.03874769760006247
opening_drive,0.35,0.7,0.25,1.5,0.6557702374544552,33,0.48484848484848486,1.0066365953508452,1.9880325256925457e-05,-0.0261631160703939
opening_drive,0.35,0.7,0.25,2.0,0.6557702374544552,33,0.48484848484848486,0.9959907112703356,-1.2010068383104953e-05,-0.029098429979959817
opening_drive,0.35,0.7,0.5,1.5,0.9273838643283765,24,0.4166666666666667,0.8417321949917551,-0.0005451571934674314,-0.026292291522313382
opening_drive,0.35,0.7,0.5,2.0,0.9273838643283765,24,0.4166666666666667,0.7597742833989496,-0.0008274631562250376,-0.02629229152231327
opening_drive,0.35,0.7,0.75,1.5,1.3418780666299799,13,0.46153846153846156,0.9012035189759903,-0.00028208965848502477,-0.01700980140725261
opening_drive,0.35,0.7,0.75,2.0,1.3418780666299799,13,0.46153846153846156,0.9277928423428891,-0.00020617022218350728,-0.0170098014072525
opening_drive,0.35,0.8,0.25,1.5,0.6557702374544552,28,0.42857142857142855,0.8872070550599145,-0.0003890055876334709,-0.03269192285304945
opening_drive,0.35,0.8,0.25,2.0,0.6557702374544552,28,0.42857142857142855,0.8763091784856321,-0.00042659069442350694,-0.03560755780233127
opening_drive,0.35,0.8,0.5,1.5,0.9273838643283765,20,0.35,0.7066246943812452,-0.001179115974421685,-0.028197864361805824
opening_drive,0.35,0.8,0.5,2.0,0.9273838643283765,20,0.35,0.6223361936074712,-0.0015178831297308123,-0.03206627147732466
opening_drive,0.35,0.8,0.75,1.5,1.3418780666299799,10,0.4,0.8250721247587574,-0.0006093190013148448,-0.017009801407252834
opening_drive,0.35,0.8,0.75,2.0,1.3418780666299799,10,0.4,0.8534063033236855,-0.000510623734122872,-0.01700980140725261
opening_drive,0.35,0.9,0.25,1.5,0.6557702374544552,16,0.375,0.9956481380337011,-1.320320030805789e-05,-0.03108099341555348
opening_drive,0.35,0.9,0.25,2.0,0.6557702374544552,16,0.375,0.9329719250798691,-0.00020335780552953987,-0.03108099341555348
opening_drive,0.35,0.9,0.5,1.5,0.9273838643283765,11,0.2727272727272727,0.712744660152062,-0.0010281238894811568,-0.034136196788597695
opening_drive,0.35,0.9,0.5,2.0,0.9273838643283765,11,0.2727272727272727,0.5155840460424995,-0.0017337871420359094,-0.034136196788597695
opening_drive,0.35,0.9,0.75,1.5,1.3418780666299799,4,0.0,0.0,-0.006046338402976914,-0.018237312295214747
opening_drive,0.35,0.9,0.75,2.0,1.3418780666299799,4,0.0,0.0,-0.006046338402976914,-0.018237312295214747
opening_drive,0.5,0.7,0.25,1.5,0.6557702374544552,12,0.25,0.14507158816122723,-0.0034072132039254517,-0.04433823471515119
opening_drive,0.5,0.7,0.25,2.0,0.6557702374544552,12,0.25,0.14507158816122723,-0.0034072132039254517,-0.04433823471515119
opening_drive,0.5,0.7,0.5,1.5,0.9273838643283765,8,0.125,0.041756858009078114,-0.0046297806289441745,-0.03587148648982397
opening_drive,0.5,0.7,0.5,2.0,0.9273838643283765,8,0.125,0.041756858009078114,-0.0046297806289441745,-0.03587148648982397
opening_drive,0.5,0.7,0.75,1.5,1.3418780666299799,3,0.0,0.0,-0.004528227074931353,-0.011281154142737004
opening_drive,0.5,0.7,0.75,2.0,1.3418780666299799,3,0.0,0.0,-0.004528227074931353,-0.011281154142737004
opening_drive,0.5,0.8,0.25,1.5,0.6557702374544552,10,0.2,0.1293035632829462,-0.003965042101002925,-0.04315314472234211
opening_drive,0.5,0.8,0.25,2.0,0.6557702374544552,10,0.2,0.1293035632829462,-0.003965042101002925,-0.04315314472234211
opening_drive,0.5,0.8,0.5,1.5,0.9273838643283765,7,0.14285714285714285,0.04438146807201225,-0.004964635321782406,-0.035871486489823856
opening_drive,0.5,0.8,0.5,2.0,0.9273838643283765,7,0.14285714285714285,0.04438146807201225,-0.004964635321782406,-0.035871486489823856
opening_drive,0.5,0.8,0.75,1.5,1.3418780666299799,2,0.0,0.0,-0.00564944172285875,-0.009415990381725359
opening_drive,0.5,0.8,0.75,2.0,1.3418780666299799,2,0.0,0.0,-0.00564944172285875,-0.009415990381725359
opening_drive,0.5,0.9,0.25,1.5,0.6557702374544552,8,0.25,0.2497756471734409,-0.0022107651338627568,-0.021782871314421803
opening_drive,0.5,0.9,0.25,2.0,0.6557702374544552,8,0.25,0.2497756471734409,-0.0022107651338627568,-0.021782871314421803
opening_drive,0.5,0.9,0.5,1.5,0.9273838643283765,5,0.2,0.11206638450008823,-0.0025576294626699298,-0.014338584102737584
opening_drive,0.5,0.9,0.5,2.0,0.9273838643283765,5,0.2,0.11206638450008823,-0.0025576294626699298,-0.014338584102737584
opening_drive,0.5,0.9,0.75,1.5,1.3418780666299799,1,0.0,0.0,-0.0018828930639921406,0.0
opening_drive,0.5,0.9,0.75,2.0,1.3418780666299799,1,0.0,0.0,-0.0018828930639921406,0.0
