Symbol,SpecId,Family,Parameters,Trades,WinRate,ProfitFactor,Expectancy,MaxDrawdown,DevelopmentScore
M&M,0,opening_drive,"{""position"": 0.7, ""rvol_cutoff"": 0.0, ""rvol_name"": ""none"", ""strength"": 0.15, ""target_r"": 1.5}",12,0.5,0.6740663484644753,-0.0012703218667700353,-0.028677142530929678,-inf
M&M,1,opening_drive,"{""position"": 0.7, ""rvol_cutoff"": 0.0, ""rvol_name"": ""none"", ""strength"": 0.15, ""target_r"": 2.0}",12,0.5,0.7328209155551328,-0.001041326759955376,-0.028677142530929456,-inf
M&M,2,opening_drive,"{""position"": 0.7, ""rvol_cutoff"": 0.9647397409814916, ""rvol_name"": ""median"", ""strength"": 0.15, ""target_r"": 1.5}",5,0.2,0.2123727216638495,-0.004725996091426143,-0.02134109067025569,-inf
M&M,3,opening_drive,"{""position"": 0.7, ""rvol_cutoff"": 0.9647397409814916, ""rvol_name"": ""median"", ""strength"": 0.15, ""target_r"": 2.0}",5,0.2,0.2123727216638495,-0.004725996091426143,-0.02134109067025569,-inf
M&M,4,opening_drive,"{""position"": 0.7, ""rvol_cutoff"": 1.5711815668607083, ""rvol_name"": ""upper_quartile"", ""strength"": 0.15, ""target_r"": 1.5}",4,0.25,0.30000819258158856,-0.0037165604210264713,-0.012688551043988694,-inf
M&M,5,opening_drive,"{""position"": 0.7, ""rvol_cutoff"": 1.5711815668607083, ""rvol_name"": ""upper_quartile"", ""strength"": 0.15, ""target_r"": 2.0}",4,0.25,0.30000819258158856,-0.0037165604210264713,-0.012688551043988694,-inf
M&M,6,opening_drive,"{""position"": 0.8, ""rvol_cutoff"": 0.0, ""rvol_name"": ""none"", ""strength"": 0.15, ""target_r"": 1.5}",5,0.0,0.0,-0.008148247231229467,-0.0318463161804976,-inf
M&M,7,opening_drive,"{""position"": 0.8, ""rvol_cutoff"": 0.0, ""rvol_name"": ""none"", ""strength"": 0.15, ""target_r"": 2.0}",5,0.0,0.0,-0.008148247231229467,-0.0318463161804976,-inf
M&M,8,opening_drive,"{""position"": 0.8, ""rvol_cutoff"": 0.9647397409814916, ""rvol_name"": ""median"", ""strength"": 0.15, ""target_r"": 1.5}",3,0.0,0.0,-0.007990959587683958,-0.015405366723122649,-inf
M&M,9,opening_drive,"{""position"": 0.8, ""rvol_cutoff"": 0.9647397409814916, ""rvol_name"": ""median"", ""strength"": 0.15, ""target_r"": 2.0}",3,0.0,0.0,-0.007990959587683958,-0.015405366723122649,-inf
M&M,10,opening_drive,"{""position"": 0.8, ""rvol_cutoff"": 1.5711815668607083, ""rvol_name"": ""upper_quartile"", ""strength"": 0.15, ""target_r"": 1.5}",2,0.0,0.0,-0.0076045699950135215,-0.006700348050097338,-inf
M&M,11,opening_drive,"{""position"": 0.8, ""rvol_cutoff"": 1.5711815668607083, ""rvol_name"": ""upper_quartile"", ""strength"": 0.15, ""target_r"": 2.0}",2,0.0,0.0,-0.0076045699950135215,-0.006700348050097338,-inf
M&M,12,opening_drive,"{""position"": 0.9, ""rvol_cutoff"": 0.0, ""rvol_name"": ""none"", ""strength"": 0.15, ""target_r"": 1.5}",3,0.0,0.0,-0.00774505409828663,-0.01467259321202985,-inf
M&M,13,opening_drive,"{""position"": 0.9, ""rvol_cutoff"": 0.0, ""rvol_name"": ""none"", ""strength"": 0.15, ""target_r"": 2.0}",3,0.0,0.0,-0.00774505409828663,-0.01467259321202985,-inf
M&M,14,opening_drive,"{""position"": 0.9, ""rvol_cutoff"": 0.9647397409814916, ""rvol_name"": ""median"", ""strength"": 0.15, ""target_r"": 1.5}",2,0.0,0.0,-0.0076045699950135215,-0.006700348050097338,-inf
M&M,15,opening_drive,"{""position"": 0.9, ""rvol_cutoff"": 0.9647397409814916, ""rvol_name"": ""median"", ""strength"": 0.15, ""target_r"": 2.0}",2,0.0,0.0,-0.0076045699950135215,-0.006700348050097338,-inf
M&M,16,opening_drive,"{""position"": 0.9, ""rvol_cutoff"": 1.5711815668607083, ""rvol_name"": ""upper_quartile"", ""strength"": 0.15, ""target_r"": 1.5}",2,0.0,0.0,-0.0076045699950135215,-0.006700348050097338,-inf
M&M,17,opening_drive,"{""position"": 0.9, ""rvol_cutoff"": 1.5711815668607083, ""rvol_name"": ""upper_quartile"", ""strength"": 0.15, ""target_r"": 2.0}",2,0.0,0.0,-0.0076045699950135215,-0.006700348050097338,-inf
M&M,18,opening_drive,"{""position"": 0.7, ""rvol_cutoff"": 0.0, ""rvol_name"": ""none"", ""strength"": 0.25, ""target_r"": 1.5}",6,0.5,0.3988890671320991,-0.002425124142757751,-0.017429458320307734,-inf
M&M,19,opening_drive,"{""position"": 0.7, ""rvol_cutoff"": 0.0, ""rvol_name"": ""none"", ""strength"": 0.25, ""target_r"": 2.0}",6,0.5,0.3988890671320991,-0.002425124142757751,-0.017429458320307734,-inf
M&M,20,opening_drive,"{""position"": 0.7, ""rvol_cutoff"": 0.9647397409814916, ""rvol_name"": ""median"", ""strength"": 0.25, ""target_r"": 1.5}",2,0.0,0.0,-0.007732043411561085,-0.006700348050097338,-inf
M&M,21,opening_drive,"{""position"": 0.7, ""rvol_cutoff"": 0.9647397409814916, ""rvol_name"": ""median"", ""strength"": 0.25, ""target_r"": 2.0}",2,0.0,0.0,-0.007732043411561085,-0.006700348050097338,-inf
M&M,22,opening_drive,"{""position"": 0.7, ""rvol_cutoff"": 1.5711815668607083, ""rvol_name"": ""upper_quartile"", ""strength"": 0.25, ""target_r"": 1.5}",1,0.0,0.0,-0.006700348050097337,0.0,-inf
M&M,23,opening_drive,"{""position"": 0.7, ""rvol_cutoff"": 1.5711815668607083, ""rvol_name"": ""upper_quartile"", ""strength"": 0.25, ""target_r"": 2.0}",1,0.0,0.0,-0.006700348050097337,0.0,-inf
M&M,24,opening_drive,"{""position"": 0.8, ""rvol_cutoff"": 0.0, ""rvol_name"": ""none"", ""strength"": 0.25, ""target_r"": 1.5}",3,0.0,0.0,-0.008068807303794926,-0.015405366723122649,-inf
M&M,25,opening_drive,"{""position"": 0.8, ""rvol_cutoff"": 0.0, ""rvol_name"": ""none"", ""strength"": 0.25, ""target_r"": 2.0}",3,0.0,0.0,-0.008068807303794926,-0.015405366723122649,-inf
M&M,26,opening_drive,"{""position"": 0.8, ""rvol_cutoff"": 0.9647397409814916, ""rvol_name"": ""median"", ""strength"": 0.25, ""target_r"": 1.5}",2,0.0,0.0,-0.007732043411561085,-0.006700348050097338,-inf
M&M,27,opening_drive,"{""position"": 0.8, ""rvol_cutoff"": 0.9647397409814916, ""rvol_name"": ""median"", ""strength"": 0.25, ""target_r"": 2.0}",2,0.0,0.0,-0.007732043411561085,-0.006700348050097338,-inf
M&M,28,opening_drive,"{""position"": 0.8, ""rvol_cutoff"": 1.5711815668607083, ""rvol_name"": ""upper_quartile"", ""strength"": 0.25, ""target_r"": 1.5}",1,0.0,0.0,-0.006700348050097337,0.0,-inf
M&M,29,opening_drive,"{""position"": 0.8, ""rvol_cutoff"": 1.5711815668607083, ""rvol_name"": ""upper_quartile"", ""strength"": 0.25, ""target_r"": 2.0}",1,0.0,0.0,-0.006700348050097337,0.0,-inf
M&M,30,opening_drive,"{""position"": 0.9, ""rvol_cutoff"": 0.0, ""rvol_name"": ""none"", ""strength"": 0.25, ""target_r"": 1.5}",1,0.0,0.0,-0.006700348050097337,0.0,-inf
M&M,31,opening_drive,"{""position"": 0.9, ""rvol_cutoff"": 0.0, ""rvol_name"": ""none"", ""strength"": 0.25, ""target_r"": 2.0}",1,0.0,0.0,-0.006700348050097337,0.0,-inf
M&M,32,opening_drive,"{""position"": 0.9, ""rvol_cutoff"": 0.9647397409814916, ""rvol_name"": ""median"", ""strength"": 0.25, ""target_r"": 1.5}",1,0.0,0.0,-0.006700348050097337,0.0,-inf
M&M,33,opening_drive,"{""position"": 0.9, ""rvol_cutoff"": 0.9647397409814916, ""rvol_name"": ""median"", ""strength"": 0.25, ""target_r"": 2.0}",1,0.0,0.0,-0.006700348050097337,0.0,-inf
M&M,34,opening_drive,"{""position"": 0.9, ""rvol_cutoff"": 1.5711815668607083, ""rvol_name"": ""upper_quartile"", ""strength"": 0.25, ""target_r"": 1.5}",1,0.0,0.0,-0.006700348050097337,0.0,-inf
M&M,35,opening_drive,"{""position"": 0.9, ""rvol_cutoff"": 1.5711815668607083, ""rvol_name"": ""upper_quartile"", ""strength"": 0.25, ""target_r"": 2.0}",1,0.0,0.0,-0.006700348050097337,0.0,-inf
M&M,36,opening_drive,"{""position"": 0.7, ""rvol_cutoff"": 0.0, ""rvol_name"": ""none"", ""strength"": 0.35, ""target_r"": 1.5}",1,0.0,0.0,-0.008763738773024832,0.0,-inf
M&M,37,opening_drive,"{""position"": 0.7, ""rvol_cutoff"": 0.0, ""rvol_name"": ""none"", ""strength"": 0.35, ""target_r"": 2.0}",1,0.0,0.0,-0.008763738773024832,0.0,-inf
M&M,38,opening_drive,"{""position"": 0.7, ""rvol_cutoff"": 0.9647397409814916, ""rvol_name"": ""median"", ""strength"": 0.35, ""target_r"": 1.5}",1,0.0,0.0,-0.008763738773024832,0.0,-inf
M&M,39,opening_drive,"{""position"": 0.7, ""rvol_cutoff"": 0.9647397409814916, ""rvol_name"": ""median"", ""strength"": 0.35, ""target_r"": 2.0}",1,0.0,0.0,-0.008763738773024832,0.0,-inf
M&M,40,opening_drive,"{""position"": 0.7, ""rvol_cutoff"": 1.5711815668607083, ""rvol_name"": ""upper_quartile"", ""strength"": 0.35, ""target_r"": 1.5}",0,,,,,-inf
M&M,41,opening_drive,"{""position"": 0.7, ""rvol_cutoff"": 1.5711815668607083, ""rvol_name"": ""upper_quartile"", ""strength"": 0.35, ""target_r"": 2.0}",0,,,,,-inf
M&M,42,opening_drive,"{""position"": 0.8, ""rvol_cutoff"": 0.0, ""rvol_name"": ""none"", ""strength"": 0.35, ""target_r"": 1.5}",1,0.0,0.0,-0.008763738773024832,0.0,-inf
M&M,43,opening_drive,"{""position"": 0.8, ""rvol_cutoff"": 0.0, ""rvol_name"": ""none"", ""strength"": 0.35, ""target_r"": 2.0}",1,0.0,0.0,-0.008763738773024832,0.0,-inf
M&M,44,opening_drive,"{""position"": 0.8, ""rvol_cutoff"": 0.9647397409814916, ""rvol_name"": ""median"", ""strength"": 0.35, ""target_r"": 1.5}",1,0.0,0.0,-0.008763738773024832,0.0,-inf
M&M,45,opening_drive,"{""position"": 0.8, ""rvol_cutoff"": 0.9647397409814916, ""rvol_name"": ""median"", ""strength"": 0.35, ""target_r"": 2.0}",1,0.0,0.0,-0.008763738773024832,0.0,-inf
M&M,46,opening_drive,"{""position"": 0.8, ""rvol_cutoff"": 1.5711815668607083, ""rvol_name"": ""upper_quartile"", ""strength"": 0.35, ""target_r"": 1.5}",0,,,,,-inf
M&M,47,opening_drive,"{""position"": 0.8, ""rvol_cutoff"": 1.5711815668607083, ""rvol_name"": ""upper_quartile"", ""strength"": 0.35, ""target_r"": 2.0}",0,,,,,-inf
M&M,48,opening_drive,"{""position"": 0.9, ""rvol_cutoff"": 0.0, ""rvol_name"": ""none"", ""strength"": 0.35, ""target_r"": 1.5}",0,,,,,-inf
M&M,49,opening_drive,"{""position"": 0.9, ""rvol_cutoff"": 0.0, ""rvol_name"": ""none"", ""strength"": 0.35, ""target_r"": 2.0}",0,,,,,-inf
M&M,50,opening_drive,"{""position"": 0.9, ""rvol_cutoff"": 0.9647397409814916, ""rvol_name"": ""median"", ""strength"": 0.35, ""target_r"": 1.5}",0,,,,,-inf
M&M,51,opening_drive,"{""position"": 0.9, ""rvol_cutoff"": 0.9647397409814916, ""rvol_name"": ""median"", ""strength"": 0.35, ""target_r"": 2.0}",0,,,,,-inf
M&M,52,opening_drive,"{""position"": 0.9, ""rvol_cutoff"": 1.5711815668607083, ""rvol_name"": ""upper_quartile"", ""strength"": 0.35, ""target_r"": 1.5}",0,,,,,-inf
M&M,53,opening_drive,"{""position"": 0.9, ""rvol_cutoff"": 1.5711815668607083, ""rvol_name"": ""upper_quartile"", ""strength"": 0.35, ""target_r"": 2.0}",0,,,,,-inf
M&M,54,opening_drive,"{""position"": 0.7, ""rvol_cutoff"": 0.0, ""rvol_name"": ""none"", ""strength"": 0.5, ""target_r"": 1.5}",0,,,,,-inf
M&M,55,opening_drive,"{""position"": 0.7, ""rvol_cutoff"": 0.0, ""rvol_name"": ""none"", ""strength"": 0.5, ""target_r"": 2.0}",0,,,,,-inf
M&M,56,opening_drive,"{""position"": 0.7, ""rvol_cutoff"": 0.9647397409814916, ""rvol_name"": ""median"", ""strength"": 0.5, ""target_r"": 1.5}",0,,,,,-inf
M&M,57,opening_drive,"{""position"": 0.7, ""rvol_cutoff"": 0.9647397409814916, ""rvol_name"": ""median"", ""strength"": 0.5, ""target_r"": 2.0}",0,,,,,-inf
M&M,58,opening_drive,"{""position"": 0.7, ""rvol_cutoff"": 1.5711815668607083, ""rvol_name"": ""upper_quartile"", ""strength"": 0.5, ""target_r"": 1.5}",0,,,,,-inf
M&M,59,opening_drive,"{""position"": 0.7, ""rvol_cutoff"": 1.5711815668607083, ""rvol_name"": ""upper_quartile"", ""strength"": 0.5, ""target_r"": 2.0}",0,,,,,-inf
M&M,60,opening_drive,"{""position"": 0.8, ""rvol_cutoff"": 0.0, ""rvol_name"": ""none"", ""strength"": 0.5, ""target_r"": 1.5}",0,,,,,-inf
M&M,61,opening_drive,"{""position"": 0.8, ""rvol_cutoff"": 0.0, ""rvol_name"": ""none"", ""strength"": 0.5, ""target_r"": 2.0}",0,,,,,-inf
M&M,62,opening_drive,"{""position"": 0.8, ""rvol_cutoff"": 0.9647397409814916, ""rvol_name"": ""median"", ""strength"": 0.5, ""target_r"": 1.5}",0,,,,,-inf
M&M,63,opening_drive,"{""position"": 0.8, ""rvol_cutoff"": 0.9647397409814916, ""rvol_name"": ""median"", ""strength"": 0.5, ""target_r"": 2.0}",0,,,,,-inf
M&M,64,opening_drive,"{""position"": 0.8, ""rvol_cutoff"": 1.5711815668607083, ""rvol_name"": ""upper_quartile"", ""strength"": 0.5, ""target_r"": 1.5}",0,,,,,-inf
M&M,65,opening_drive,"{""position"": 0.8, ""rvol_cutoff"": 1.5711815668607083, ""rvol_name"": ""upper_quartile"", ""strength"": 0.5, ""target_r"": 2.0}",0,,,,,-inf
M&M,66,opening_drive,"{""position"": 0.9, ""rvol_cutoff"": 0.0, ""rvol_name"": ""none"", ""strength"": 0.5, ""target_r"": 1.5}",0,,,,,-inf
M&M,67,opening_drive,"{""position"": 0.9, ""rvol_cutoff"": 0.0, ""rvol_name"": ""none"", ""strength"": 0.5, ""target_r"": 2.0}",0,,,,,-inf
M&M,68,opening_drive,"{""position"": 0.9, ""rvol_cutoff"": 0.9647397409814916, ""rvol_name"": ""median"", ""strength"": 0.5, ""target_r"": 1.5}",0,,,,,-inf
M&M,69,opening_drive,"{""position"": 0.9, ""rvol_cutoff"": 0.9647397409814916, ""rvol_name"": ""median"", ""strength"": 0.5, ""target_r"": 2.0}",0,,,,,-inf
M&M,70,opening_drive,"{""position"": 0.9, ""rvol_cutoff"": 1.5711815668607083, ""rvol_name"": ""upper_quartile"", ""strength"": 0.5, ""target_r"": 1.5}",0,,,,,-inf
M&M,71,opening_drive,"{""position"": 0.9, ""rvol_cutoff"": 1.5711815668607083, ""rvol_name"": ""upper_quartile"", ""strength"": 0.5, ""target_r"": 2.0}",0,,,,,-inf
M&M,72,benchmark_opening,"{""position"": 0.7, ""rvol_cutoff"": 0.0, ""rvol_name"": ""none"", ""strength"": 0.15, ""target_r"": 1.5}",7,0.42857142857142855,0.4817846515599473,-0.0023175882976401558,-0.00874233508826261,-inf
M&M,73,benchmark_opening,"{""position"": 0.7, ""rvol_cutoff"": 0.0, ""rvol_name"": ""none"", ""strength"": 0.15, ""target_r"": 2.0}",7,0.42857142857142855,0.4817846515599473,-0.0023175882976401558,-0.00874233508826261,-inf
M&M,74,benchmark_opening,"{""position"": 0.7, ""rvol_cutoff"": 0.9647397409814916, ""rvol_name"": ""median"", ""strength"": 0.15, ""target_r"": 1.5}",2,0.0,0.0,-0.007268694314948754,-0.006028596689967802,-inf
M&M,75,benchmark_opening,"{""position"": 0.7, ""rvol_cutoff"": 0.9647397409814916, ""rvol_name"": ""median"", ""strength"": 0.15, ""target_r"": 2.0}",2,0.0,0.0,-0.007268694314948754,-0.006028596689967802,-inf
M&M,76,benchmark_opening,"{""position"": 0.7, ""rvol_cutoff"": 1.5711815668607083, ""rvol_name"": ""upper_quartile"", ""strength"": 0.15, ""target_r"": 1.5}",2,0.0,0.0,-0.007268694314948754,-0.006028596689967802,-inf
M&M,77,benchmark_opening,"{""position"": 0.7, ""rvol_cutoff"": 1.5711815668607083, ""rvol_name"": ""upper_quartile"", ""strength"": 0.15, ""target_r"": 2.0}",2,0.0,0.0,-0.007268694314948754,-0.006028596689967802,-inf
M&M,78,benchmark_opening,"{""position"": 0.8, ""rvol_cutoff"": 0.0, ""rvol_name"": ""none"", ""strength"": 0.15, ""target_r"": 1.5}",3,0.0,0.0,-0.008425716444341721,-0.01669819121668059,-inf
M&M,79,benchmark_opening,"{""position"": 0.8, ""rvol_cutoff"": 0.0, ""rvol_name"": ""none"", ""strength"": 0.15, ""target_r"": 2.0}",3,0.0,0.0,-0.008425716444341721,-0.01669819121668059,-inf
M&M,80,benchmark_opening,"{""position"": 0.8, ""rvol_cutoff"": 0.9647397409814916, ""rvol_name"": ""median"", ""strength"": 0.15, ""target_r"": 1.5}",1,0.0,0.0,-0.008508791939929705,0.0,-inf
M&M,81,benchmark_opening,"{""position"": 0.8, ""rvol_cutoff"": 0.9647397409814916, ""rvol_name"": ""median"", ""strength"": 0.15, ""target_r"": 2.0}",1,0.0,0.0,-0.008508791939929705,0.0,-inf
M&M,82,benchmark_opening,"{""position"": 0.8, ""rvol_cutoff"": 1.5711815668607083, ""rvol_name"": ""upper_quartile"", ""strength"": 0.15, ""target_r"": 1.5}",1,0.0,0.0,-0.008508791939929705,0.0,-inf
M&M,83,benchmark_opening,"{""position"": 0.8, ""rvol_cutoff"": 1.5711815668607083, ""rvol_name"": ""upper_quartile"", ""strength"": 0.15, ""target_r"": 2.0}",1,0.0,0.0,-0.008508791939929705,0.0,-inf
M&M,84,benchmark_opening,"{""position"": 0.9, ""rvol_cutoff"": 0.0, ""rvol_name"": ""none"", ""strength"": 0.15, ""target_r"": 1.5}",2,0.0,0.0,-0.008267407122381276,-0.008026022304832847,-inf
M&M,85,benchmark_opening,"{""position"": 0.9, ""rvol_cutoff"": 0.0, ""rvol_name"": ""none"", ""strength"": 0.15, ""target_r"": 2.0}",2,0.0,0.0,-0.008267407122381276,-0.008026022304832847,-inf
M&M,86,benchmark_opening,"{""position"": 0.9, ""rvol_cutoff"": 0.9647397409814916, ""rvol_name"": ""median"", ""strength"": 0.15, ""target_r"": 1.5}",1,0.0,0.0,-0.008508791939929705,0.0,-inf
M&M,87,benchmark_opening,"{""position"": 0.9, ""rvol_cutoff"": 0.9647397409814916, ""rvol_name"": ""median"", ""strength"": 0.15, ""target_r"": 2.0}",1,0.0,0.0,-0.008508791939929705,0.0,-inf
M&M,88,benchmark_opening,"{""position"": 0.9, ""rvol_cutoff"": 1.5711815668607083, ""rvol_name"": ""upper_quartile"", ""strength"": 0.15, ""target_r"": 1.5}",1,0.0,0.0,-0.008508791939929705,0.0,-inf
M&M,89,benchmark_opening,"{""position"": 0.9, ""rvol_cutoff"": 1.5711815668607083, ""rvol_name"": ""upper_quartile"", ""strength"": 0.15, ""target_r"": 2.0}",1,0.0,0.0,-0.008508791939929705,0.0,-inf
M&M,90,benchmark_opening,"{""position"": 0.7, ""rvol_cutoff"": 0.0, ""rvol_name"": ""none"", ""strength"": 0.25, ""target_r"": 1.5}",3,0.6666666666666666,0.7809873817189492,-0.0006382272325235651,0.0,-inf
M&M,91,benchmark_opening,"{""position"": 0.7, ""rvol_cutoff"": 0.0, ""rvol_name"": ""none"", ""strength"": 0.25, ""target_r"": 2.0}",3,0.6666666666666666,0.7809873817189492,-0.0006382272325235651,0.0,-inf
M&M,92,benchmark_opening,"{""position"": 0.7, ""rvol_cutoff"": 0.9647397409814916, ""rvol_name"": ""median"", ""strength"": 0.25, ""target_r"": 1.5}",0,,,,,-inf
M&M,93,benchmark_opening,"{""position"": 0.7, ""rvol_cutoff"": 0.9647397409814916, ""rvol_name"": ""median"", ""strength"": 0.25, ""target_r"": 2.0}",0,,,,,-inf
M&M,94,benchmark_opening,"{""position"": 0.7, ""rvol_cutoff"": 1.5711815668607083, ""rvol_name"": ""upper_quartile"", ""strength"": 0.25, ""target_r"": 1.5}",0,,,,,-inf
M&M,95,benchmark_opening,"{""position"": 0.7, ""rvol_cutoff"": 1.5711815668607083, ""rvol_name"": ""upper_quartile"", ""strength"": 0.25, ""target_r"": 2.0}",0,,,,,-inf
M&M,96,benchmark_opening,"{""position"": 0.8, ""rvol_cutoff"": 0.0, ""rvol_name"": ""none"", ""strength"": 0.25, ""target_r"": 1.5}",1,0.0,0.0,-0.00874233508826261,0.0,-inf
M&M,97,benchmark_opening,"{""position"": 0.8, ""rvol_cutoff"": 0.0, ""rvol_name"": ""none"", ""strength"": 0.25, ""target_r"": 2.0}",1,0.0,0.0,-0.00874233508826261,0.0,-inf
M&M,98,benchmark_opening,"{""position"": 0.8, ""rvol_cutoff"": 0.9647397409814916, ""rvol_name"": ""median"", ""strength"": 0.25, ""target_r"": 1.5}",0,,,,,-inf
M&M,99,benchmark_opening,"{""position"": 0.8, ""rvol_cutoff"": 0.9647397409814916, ""rvol_name"": ""median"", ""strength"": 0.25, ""target_r"": 2.0}",0,,,,,-inf
M&M,100,benchmark_opening,"{""position"": 0.8, ""rvol_cutoff"": 1.5711815668607083, ""rvol_name"": ""upper_quartile"", ""strength"": 0.25, ""target_r"": 1.5}",0,,,,,-inf
M&M,101,benchmark_opening,"{""position"": 0.8, ""rvol_cutoff"": 1.5711815668607083, ""rvol_name"": ""upper_quartile"", ""strength"": 0.25, ""target_r"": 2.0}",0,,,,,-inf
M&M,102,benchmark_opening,"{""position"": 0.9, ""rvol_cutoff"": 0.0, ""rvol_name"": ""none"", ""strength"": 0.25, ""target_r"": 1.5}",0,,,,,-inf
M&M,103,benchmark_opening,"{""position"": 0.9, ""rvol_cutoff"": 0.0, ""rvol_name"": ""none"", ""strength"": 0.25, ""target_r"": 2.0}",0,,,,,-inf
M&M,104,benchmark_opening,"{""position"": 0.9, ""rvol_cutoff"": 0.9647397409814916, ""rvol_name"": ""median"", ""strength"": 0.25, ""target_r"": 1.5}",0,,,,,-inf
M&M,105,benchmark_opening,"{""position"": 0.9, ""rvol_cutoff"": 0.9647397409814916, ""rvol_name"": ""median"", ""strength"": 0.25, ""target_r"": 2.0}",0,,,,,-inf
M&M,106,benchmark_opening,"{""position"": 0.9, ""rvol_cutoff"": 1.5711815668607083, ""rvol_name"": ""upper_quartile"", ""strength"": 0.25, ""target_r"": 1.5}",0,,,,,-inf
M&M,107,benchmark_opening,"{""position"": 0.9, ""rvol_cutoff"": 1.5711815668607083, ""rvol_name"": ""upper_quartile"", ""strength"": 0.25, ""target_r"": 2.0}",0,,,,,-inf
M&M,108,benchmark_opening,"{""position"": 0.7, ""rvol_cutoff"": 0.0, ""rvol_name"": ""none"", ""strength"": 0.35, ""target_r"": 1.5}",0,,,,,-inf
M&M,109,benchmark_opening,"{""position"": 0.7, ""rvol_cutoff"": 0.0, ""rvol_name"": ""none"", ""strength"": 0.35, ""target_r"": 2.0}",0,,,,,-inf
M&M,110,benchmark_opening,"{""position"": 0.7, ""rvol_cutoff"": 0.9647397409814916, ""rvol_name"": ""median"", ""strength"": 0.35, ""target_r"": 1.5}",0,,,,,-inf
M&M,111,benchmark_opening,"{""position"": 0.7, ""rvol_cutoff"": 0.9647397409814916, ""rvol_name"": ""median"", ""strength"": 0.35, ""target_r"": 2.0}",0,,,,,-inf
M&M,112,benchmark_opening,"{""position"": 0.7, ""rvol_cutoff"": 1.5711815668607083, ""rvol_name"": ""upper_quartile"", ""strength"": 0.35, ""target_r"": 1.5}",0,,,,,-inf
M&M,113,benchmark_opening,"{""position"": 0.7, ""rvol_cutoff"": 1.5711815668607083, ""rvol_name"": ""upper_quartile"", ""strength"": 0.35, ""target_r"": 2.0}",0,,,,,-inf
M&M,114,benchmark_opening,"{""position"": 0.8, ""rvol_cutoff"": 0.0, ""rvol_name"": ""none"", ""strength"": 0.35, ""target_r"": 1.5}",0,,,,,-inf
M&M,115,benchmark_opening,"{""position"": 0.8, ""rvol_cutoff"": 0.0, ""rvol_name"": ""none"", ""strength"": 0.35, ""target_r"": 2.0}",0,,,,,-inf
M&M,116,benchmark_opening,"{""position"": 0.8, ""rvol_cutoff"": 0.9647397409814916, ""rvol_name"": ""median"", ""strength"": 0.35, ""target_r"": 1.5}",0,,,,,-inf
M&M,117,benchmark_opening,"{""position"": 0.8, ""rvol_cutoff"": 0.9647397409814916, ""rvol_name"": ""median"", ""strength"": 0.35, ""target_r"": 2.0}",0,,,,,-inf
M&M,118,benchmark_opening,"{""position"": 0.8, ""rvol_cutoff"": 1.5711815668607083, ""rvol_name"": ""upper_quartile"", ""strength"": 0.35, ""target_r"": 1.5}",0,,,,,-inf
M&M,119,benchmark_opening,"{""position"": 0.8, ""rvol_cutoff"": 1.5711815668607083, ""rvol_name"": ""upper_quartile"", ""strength"": 0.35, ""target_r"": 2.0}",0,,,,,-inf
M&M,120,benchmark_opening,"{""position"": 0.9, ""rvol_cutoff"": 0.0, ""rvol_name"": ""none"", ""strength"": 0.35, ""target_r"": 1.5}",0,,,,,-inf
M&M,121,benchmark_opening,"{""position"": 0.9, ""rvol_cutoff"": 0.0, ""rvol_name"": ""none"", ""strength"": 0.35, ""target_r"": 2.0}",0,,,,,-inf
M&M,122,benchmark_opening,"{""position"": 0.9, ""rvol_cutoff"": 0.9647397409814916, ""rvol_name"": ""median"", ""strength"": 0.35, ""target_r"": 1.5}",0,,,,,-inf
M&M,123,benchmark_opening,"{""position"": 0.9, ""rvol_cutoff"": 0.9647397409814916, ""rvol_name"": ""median"", ""strength"": 0.35, ""target_r"": 2.0}",0,,,,,-inf
M&M,124,benchmark_opening,"{""position"": 0.9, ""rvol_cutoff"": 1.5711815668607083, ""rvol_name"": ""upper_quartile"", ""strength"": 0.35, ""target_r"": 1.5}",0,,,,,-inf
M&M,125,benchmark_opening,"{""position"": 0.9, ""rvol_cutoff"": 1.5711815668607083, ""rvol_name"": ""upper_quartile"", ""strength"": 0.35, ""target_r"": 2.0}",0,,,,,-inf
M&M,126,benchmark_opening,"{""position"": 0.7, ""rvol_cutoff"": 0.0, ""rvol_name"": ""none"", ""strength"": 0.5, ""target_r"": 1.5}",0,,,,,-inf
M&M,127,benchmark_opening,"{""position"": 0.7, ""rvol_cutoff"": 0.0, ""rvol_name"": ""none"", ""strength"": 0.5, ""target_r"": 2.0}",0,,,,,-inf
M&M,128,benchmark_opening,"{""position"": 0.7, ""rvol_cutoff"": 0.9647397409814916, ""rvol_name"": ""median"", ""strength"": 0.5, ""target_r"": 1.5}",0,,,,,-inf
M&M,129,benchmark_opening,"{""position"": 0.7, ""rvol_cutoff"": 0.9647397409814916, ""rvol_name"": ""median"", ""strength"": 0.5, ""target_r"": 2.0}",0,,,,,-inf
M&M,130,benchmark_opening,"{""position"": 0.7, ""rvol_cutoff"": 1.5711815668607083, ""rvol_name"": ""upper_quartile"", ""strength"": 0.5, ""target_r"": 1.5}",0,,,,,-inf
M&M,131,benchmark_opening,"{""position"": 0.7, ""rvol_cutoff"": 1.5711815668607083, ""rvol_name"": ""upper_quartile"", ""strength"": 0.5, ""target_r"": 2.0}",0,,,,,-inf
M&M,132,benchmark_opening,"{""position"": 0.8, ""rvol_cutoff"": 0.0, ""rvol_name"": ""none"", ""strength"": 0.5, ""target_r"": 1.5}",0,,,,,-inf
M&M,133,benchmark_opening,"{""position"": 0.8, ""rvol_cutoff"": 0.0, ""rvol_name"": ""none"", ""strength"": 0.5, ""target_r"": 2.0}",0,,,,,-inf
M&M,134,benchmark_opening,"{""position"": 0.8, ""rvol_cutoff"": 0.9647397409814916, ""rvol_name"": ""median"", ""strength"": 0.5, ""target_r"": 1.5}",0,,,,,-inf
M&M,135,benchmark_opening,"{""position"": 0.8, ""rvol_cutoff"": 0.9647397409814916, ""rvol_name"": ""median"", ""strength"": 0.5, ""target_r"": 2.0}",0,,,,,-inf
M&M,136,benchmark_opening,"{""position"": 0.8, ""rvol_cutoff"": 1.5711815668607083, ""rvol_name"": ""upper_quartile"", ""strength"": 0.5, ""target_r"": 1.5}",0,,,,,-inf
M&M,137,benchmark_opening,"{""position"": 0.8, ""rvol_cutoff"": 1.5711815668607083, ""rvol_name"": ""upper_quartile"", ""strength"": 0.5, ""target_r"": 2.0}",0,,,,,-inf
M&M,138,benchmark_opening,"{""position"": 0.9, ""rvol_cutoff"": 0.0, ""rvol_name"": ""none"", ""strength"": 0.5, ""target_r"": 1.5}",0,,,,,-inf
M&M,139,benchmark_opening,"{""position"": 0.9, ""rvol_cutoff"": 0.0, ""rvol_name"": ""none"", ""strength"": 0.5, ""target_r"": 2.0}",0,,,,,-inf
M&M,140,benchmark_opening,"{""position"": 0.9, ""rvol_cutoff"": 0.9647397409814916, ""rvol_name"": ""median"", ""strength"": 0.5, ""target_r"": 1.5}",0,,,,,-inf
M&M,141,benchmark_opening,"{""position"": 0.9, ""rvol_cutoff"": 0.9647397409814916, ""rvol_name"": ""median"", ""strength"": 0.5, ""target_r"": 2.0}",0,,,,,-inf
M&M,142,benchmark_opening,"{""position"": 0.9, ""rvol_cutoff"": 1.5711815668607083, ""rvol_name"": ""upper_quartile"", ""strength"": 0.5, ""target_r"": 1.5}",0,,,,,-inf
M&M,143,benchmark_opening,"{""position"": 0.9, ""rvol_cutoff"": 1.5711815668607083, ""rvol_name"": ""upper_quartile"", ""strength"": 0.5, ""target_r"": 2.0}",0,,,,,-inf
M&M,144,two_sided_sweep,"{""latest"": ""11:30"", ""rvol_cutoff"": 0.0, ""rvol_name"": ""none"", ""stop_mode"": ""midpoint"", ""target_r"": 1.0}",35,0.5142857142857142,0.8485276689624345,-0.0003285700813397447,-0.02838973576650594,4.7171839684123
M&M,145,two_sided_sweep,"{""latest"": ""11:30"", ""rvol_cutoff"": 0.9647397409814916, ""rvol_name"": ""median"", ""stop_mode"": ""midpoint"", ""target_r"": 1.0}",13,0.6153846153846154,1.5495956853926895,0.0008509819054614871,-0.009253058395849778,-inf
M&M,146,two_sided_sweep,"{""latest"": ""11:30"", ""rvol_cutoff"": 1.5711815668607083, ""rvol_name"": ""upper_quartile"", ""stop_mode"": ""midpoint"", ""target_r"": 1.0}",6,0.6666666666666666,1.7567054794476686,0.0011175494781118613,-0.008841589358111634,-inf
M&M,147,two_sided_sweep,"{""latest"": ""11:30"", ""rvol_cutoff"": 0.0, ""rvol_name"": ""none"", ""stop_mode"": ""midpoint"", ""target_r"": 1.5}",35,0.37142857142857144,0.7413250971076427,-0.000740790414567585,-0.03916386240697356,3.9018086635693794
M&M,148,two_sided_sweep,"{""latest"": ""11:30"", ""rvol_cutoff"": 0.9647397409814916, ""rvol_name"": ""median"", ""stop_mode"": ""midpoint"", ""target_r"": 1.5}",13,0.3076923076923077,0.5903642198002388,-0.0012605189964591977,-0.023354802675149222,-inf
M&M,149,two_sided_sweep,"{""latest"": ""11:30"", ""rvol_cutoff"": 1.5711815668607083, ""rvol_name"": ""upper_quartile"", ""stop_mode"": ""midpoint"", ""target_r"": 1.5}",6,0.16666666666666666,0.11278073960435102,-0.004230539038668194,-0.022098087892536866,-inf
M&M,150,two_sided_sweep,"{""latest"": ""11:30"", ""rvol_cutoff"": 0.0, ""rvol_name"": ""none"", ""stop_mode"": ""midpoint"", ""target_r"": 2.0}",35,0.34285714285714286,0.8327270736280074,-0.0005039602623849084,-0.03324446674675596,4.522680375712546
M&M,151,two_sided_sweep,"{""latest"": ""11:30"", ""rvol_cutoff"": 0.9647397409814916, ""rvol_name"": ""median"", ""stop_mode"": ""midpoint"", ""target_r"": 2.0}",13,0.3076923076923077,0.8204829499570073,-0.0005524045083590103,-0.021616545758348593,-inf
M&M,152,two_sided_sweep,"{""latest"": ""11:30"", ""rvol_cutoff"": 1.5711815668607083, ""rvol_name"": ""upper_quartile"", ""stop_mode"": ""midpoint"", ""target_r"": 2.0}",6,0.16666666666666666,0.162025307315943,-0.00399572553151628,-0.022098087892536866,-inf
M&M,153,two_sided_sweep,"{""latest"": ""11:30"", ""rvol_cutoff"": 0.0, ""rvol_name"": ""none"", ""stop_mode"": ""opposite_boundary"", ""target_r"": 1.0}",19,0.5263157894736842,0.9811045543303606,-5.250559667362596e-05,-0.021231806890124605,-inf
M&M,154,two_sided_sweep,"{""latest"": ""11:30"", ""rvol_cutoff"": 0.9647397409814916, ""rvol_name"": ""median"", ""stop_mode"": ""opposite_boundary"", ""target_r"": 1.0}",6,0.3333333333333333,0.7015200251550594,-0.0007709715763546021,-0.010566836225460063,-inf
M&M,155,two_sided_sweep,"{""latest"": ""11:30"", ""rvol_cutoff"": 1.5711815668607083, ""rvol_name"": ""upper_quartile"", ""stop_mode"": ""opposite_boundary"", ""target_r"": 1.0}",3,0.3333333333333333,0.8313316472063769,-0.00040074599300447274,-0.007127571667824739,-inf
M&M,156,two_sided_sweep,"{""latest"": ""11:30"", ""rvol_cutoff"": 0.0, ""rvol_name"": ""none"", ""stop_mode"": ""opposite_boundary"", ""target_r"": 1.5}",19,0.5263157894736842,1.4532938197432625,0.0012595872513517384,-0.021231806890124605,-inf
M&M,157,two_sided_sweep,"{""latest"": ""11:30"", ""rvol_cutoff"": 0.9647397409814916, ""rvol_name"": ""median"", ""stop_mode"": ""opposite_boundary"", ""target_r"": 1.5}",6,0.3333333333333333,1.1168046765128787,0.00030170561902354037,-0.008369098461193047,-inf
M&M,158,two_sided_sweep,"{""latest"": ""11:30"", ""rvol_cutoff"": 1.5711815668607083, ""rvol_name"": ""upper_quartile"", ""stop_mode"": ""opposite_boundary"", ""target_r"": 1.5}",3,0.3333333333333333,1.3171451269882524,0.0007535179939591007,-0.007127571667824739,-inf
M&M,159,two_sided_sweep,"{""latest"": ""11:30"", ""rvol_cutoff"": 0.0, ""rvol_name"": ""none"", ""stop_mode"": ""opposite_boundary"", ""target_r"": 2.0}",19,0.47368421052631576,1.1271670091548802,0.00041046097887612786,-0.021231806890124605,-inf
M&M,160,two_sided_sweep,"{""latest"": ""11:30"", ""rvol_cutoff"": 0.9647397409814916, ""rvol_name"": ""median"", ""stop_mode"": ""opposite_boundary"", ""target_r"": 2.0}",6,0.3333333333333333,0.5808499973199217,-0.0010826613693704996,-0.011472209246444653,-inf
M&M,161,two_sided_sweep,"{""latest"": ""11:30"", ""rvol_cutoff"": 1.5711815668607083, ""rvol_name"": ""upper_quartile"", ""stop_mode"": ""opposite_boundary"", ""target_r"": 2.0}",3,0.3333333333333333,0.6979710841289904,-0.0007176027737395924,-0.007127571667824628,-inf
M&M,162,two_sided_sweep,"{""latest"": ""13:30"", ""rvol_cutoff"": 0.0, ""rvol_name"": ""none"", ""stop_mode"": ""midpoint"", ""target_r"": 1.0}",44,0.5227272727272727,0.8210838199930887,-0.0004029609100225215,-0.037290927995453416,5.0320640520049995
M&M,163,two_sided_sweep,"{""latest"": ""13:30"", ""rvol_cutoff"": 0.9647397409814916, ""rvol_name"": ""median"", ""stop_mode"": ""midpoint"", ""target_r"": 1.0}",17,0.5294117647058824,1.0329355522411803,7.026307673339353e-05,-0.016138750989245,-inf
M&M,164,two_sided_sweep,"{""latest"": ""13:30"", ""rvol_cutoff"": 1.5711815668607083, ""rvol_name"": ""upper_quartile"", ""stop_mode"": ""midpoint"", ""target_r"": 1.0}",7,0.7142857142857143,2.464258791626282,0.0018535782805640317,-0.008841589358111746,-inf
M&M,165,two_sided_sweep,"{""latest"": ""13:30"", ""rvol_cutoff"": 0.0, ""rvol_name"": ""none"", ""stop_mode"": ""midpoint"", ""target_r"": 1.5}",44,0.38636363636363635,0.7282573989007812,-0.0008016769915208583,-0.049176387147218614,4.22493331510035
M&M,166,two_sided_sweep,"{""latest"": ""13:30"", ""rvol_cutoff"": 0.9647397409814916, ""rvol_name"": ""median"", ""stop_mode"": ""midpoint"", ""target_r"": 1.5}",17,0.29411764705882354,0.5970848237970404,-0.0013305978748742754,-0.03669758692931435,-inf
M&M,167,two_sided_sweep,"{""latest"": ""13:30"", ""rvol_cutoff"": 1.5711815668607083, ""rvol_name"": ""upper_quartile"", ""stop_mode"": ""midpoint"", ""target_r"": 1.5}",7,0.2857142857142857,0.45897679343665404,-0.0022112296555847973,-0.0251530089374169,-inf
M&M,168,two_sided_sweep,"{""latest"": ""13:30"", ""rvol_cutoff"": 0.0, ""rvol_name"": ""none"", ""stop_mode"": ""midpoint"", ""target_r"": 2.0}",44,0.36363636363636365,0.8569987275211409,-0.00043882325089221274,-0.041085440852684285,5.211920403715532
M&M,169,two_sided_sweep,"{""latest"": ""13:30"", ""rvol_cutoff"": 0.9647397409814916, ""rvol_name"": ""median"", ""stop_mode"": ""midpoint"", ""target_r"": 2.0}",17,0.29411764705882354,0.8258001200041182,-0.0005752823517601015,-0.031449935156517395,-inf
M&M,170,two_sided_sweep,"{""latest"": ""13:30"", ""rvol_cutoff"": 1.5711815668607083, ""rvol_name"": ""upper_quartile"", ""stop_mode"": ""midpoint"", ""target_r"": 2.0}",7,0.2857142857142857,0.6352710336024887,-0.001490692999791939,-0.02378398285058536,-inf
M&M,171,two_sided_sweep,"{""latest"": ""13:30"", ""rvol_cutoff"": 0.0, ""rvol_name"": ""none"", ""stop_mode"": ""opposite_boundary"", ""target_r"": 1.0}",21,0.5238095238095238,0.9227407246471147,-0.0002239032976381373,-0.02967229590418874,4.011190202222062
M&M,172,two_sided_sweep,"{""latest"": ""13:30"", ""rvol_cutoff"": 0.9647397409814916, ""rvol_name"": ""median"", ""stop_mode"": ""opposite_boundary"", ""target_r"": 1.0}",7,0.2857142857142857,0.46143730126029087,-0.0018127588017332603,-0.010566836225460174,-inf
M&M,173,two_sided_sweep,"{""latest"": ""13:30"", ""rvol_cutoff"": 1.5711815668607083, ""rvol_name"": ""upper_quartile"", ""stop_mode"": ""opposite_boundary"", ""target_r"": 1.0}",3,0.3333333333333333,0.8313316472063769,-0.00040074599300447274,-0.007127571667824739,-inf
M&M,174,two_sided_sweep,"{""latest"": ""13:30"", ""rvol_cutoff"": 0.0, ""rvol_name"": ""none"", ""stop_mode"": ""opposite_boundary"", ""target_r"": 1.5}",21,0.47619047619047616,1.206283999210102,0.0006248160351875079,-0.02967229590418874,5.699005352629179
M&M,175,two_sided_sweep,"{""latest"": ""13:30"", ""rvol_cutoff"": 0.9647397409814916, ""rvol_name"": ""median"", ""stop_mode"": ""opposite_boundary"", ""target_r"": 1.5}",7,0.2857142857142857,0.7345981832109048,-0.0008933212056948522,-0.008369098461193047,-inf
M&M,176,two_sided_sweep,"{""latest"": ""13:30"", ""rvol_cutoff"": 1.5711815668607083, ""rvol_name"": ""upper_quartile"", ""stop_mode"": ""opposite_boundary"", ""target_r"": 1.5}",3,0.3333333333333333,1.3171451269882524,0.0007535179939591007,-0.007127571667824739,-inf
M&M,177,two_sided_sweep,"{""latest"": ""13:30"", ""rvol_cutoff"": 0.0, ""rvol_name"": ""none"", ""stop_mode"": ""opposite_boundary"", ""target_r"": 2.0}",21,0.42857142857142855,0.9582430107878666,-0.00014344106848090125,-0.02967229590418874,4.199804376096872
M&M,178,two_sided_sweep,"{""latest"": ""13:30"", ""rvol_cutoff"": 0.9647397409814916, ""rvol_name"": ""median"", ""stop_mode"": ""opposite_boundary"", ""target_r"": 2.0}",7,0.2857142857142857,0.38206443948782387,-0.0020799214814611723,-0.011472209246444653,-inf
M&M,179,two_sided_sweep,"{""latest"": ""13:30"", ""rvol_cutoff"": 1.5711815668607083, ""rvol_name"": ""upper_quartile"", ""stop_mode"": ""opposite_boundary"", ""target_r"": 2.0}",3,0.3333333333333333,0.6979710841289904,-0.0007176027737395924,-0.007127571667824628,-inf
M&M,180,two_sided_sweep,"{""latest"": ""14:30"", ""rvol_cutoff"": 0.0, ""rvol_name"": ""none"", ""stop_mode"": ""midpoint"", ""target_r"": 1.0}",48,0.5416666666666666,0.9139343298697359,-0.0001902025943051834,-0.03287413773493608,6.007290651740726
M&M,181,two_sided_sweep,"{""latest"": ""14:30"", ""rvol_cutoff"": 0.9647397409814916, ""rvol_name"": ""median"", ""stop_mode"": ""midpoint"", ""target_r"": 1.0}",18,0.5,0.8662144175291274,-0.0003214369221267528,-0.02300643397289981,-inf
M&M,182,two_sided_sweep,"{""latest"": ""14:30"", ""rvol_cutoff"": 1.5711815668607083, ""rvol_name"": ""upper_quartile"", ""stop_mode"": ""midpoint"", ""target_r"": 1.0}",7,0.7142857142857143,2.464258791626282,0.0018535782805640317,-0.008841589358111746,-inf
M&M,183,two_sided_sweep,"{""latest"": ""14:30"", ""rvol_cutoff"": 0.0, ""rvol_name"": ""none"", ""stop_mode"": ""midpoint"", ""target_r"": 1.5}",48,0.4166666666666667,0.8482577487923633,-0.00043242184531426243,-0.04045895749377282,5.395280498284452
M&M,184,two_sided_sweep,"{""latest"": ""14:30"", ""rvol_cutoff"": 0.9647397409814916, ""rvol_name"": ""median"", ""stop_mode"": ""midpoint"", ""target_r"": 1.5}",18,0.2777777777777778,0.5310558617959525,-0.0016444722653117735,-0.04342176231177908,-inf
M&M,185,two_sided_sweep,"{""latest"": ""14:30"", ""rvol_cutoff"": 1.5711815668607083, ""rvol_name"": ""upper_quartile"", ""stop_mode"": ""midpoint"", ""target_r"": 1.5}",7,0.2857142857142857,0.45897679343665404,-0.0022112296555847973,-0.0251530089374169,-inf
M&M,186,two_sided_sweep,"{""latest"": ""14:30"", ""rvol_cutoff"": 0.0, ""rvol_name"": ""none"", ""stop_mode"": ""midpoint"", ""target_r"": 2.0}",48,0.3958333333333333,0.97097730617651,-8.585981482296609e-05,-0.033243979904053034,6.44765273907643
M&M,187,two_sided_sweep,"{""latest"": ""14:30"", ""rvol_cutoff"": 0.9647397409814916, ""rvol_name"": ""median"", ""stop_mode"": ""midpoint"", ""target_r"": 2.0}",18,0.2777777777777778,0.7344785479743787,-0.0009311187157039422,-0.03821074091630461,-inf
M&M,188,two_sided_sweep,"{""latest"": ""14:30"", ""rvol_cutoff"": 1.5711815668607083, ""rvol_name"": ""upper_quartile"", ""stop_mode"": ""midpoint"", ""target_r"": 2.0}",7,0.2857142857142857,0.6352710336024887,-0.001490692999791939,-0.02378398285058536,-inf
M&M,189,two_sided_sweep,"{""latest"": ""14:30"", ""rvol_cutoff"": 0.0, ""rvol_name"": ""none"", ""stop_mode"": ""opposite_boundary"", ""target_r"": 1.0}",21,0.5238095238095238,0.9227407246471147,-0.0002239032976381373,-0.02967229590418874,4.011190202222062
M&M,190,two_sided_sweep,"{""latest"": ""14:30"", ""rvol_cutoff"": 0.9647397409814916, ""rvol_name"": ""median"", ""stop_mode"": ""opposite_boundary"", ""target_r"": 1.0}",7,0.2857142857142857,0.46143730126029087,-0.0018127588017332603,-0.010566836225460174,-inf
M&M,191,two_sided_sweep,"{""latest"": ""14:30"", ""rvol_cutoff"": 1.5711815668607083, ""rvol_name"": ""upper_quartile"", ""stop_mode"": ""opposite_boundary"", ""target_r"": 1.0}",3,0.3333333333333333,0.8313316472063769,-0.00040074599300447274,-0.007127571667824739,-inf
M&M,192,two_sided_sweep,"{""latest"": ""14:30"", ""rvol_cutoff"": 0.0, ""rvol_name"": ""none"", ""stop_mode"": ""opposite_boundary"", ""target_r"": 1.5}",21,0.47619047619047616,1.206283999210102,0.0006248160351875079,-0.02967229590418874,5.699005352629179
M&M,193,two_sided_sweep,"{""latest"": ""14:30"", ""rvol_cutoff"": 0.9647397409814916, ""rvol_name"": ""median"", ""stop_mode"": ""opposite_boundary"", ""target_r"": 1.5}",7,0.2857142857142857,0.7345981832109048,-0.0008933212056948522,-0.008369098461193047,-inf
M&M,194,two_sided_sweep,"{""latest"": ""14:30"", ""rvol_cutoff"": 1.5711815668607083, ""rvol_name"": ""upper_quartile"", ""stop_mode"": ""opposite_boundary"", ""target_r"": 1.5}",3,0.3333333333333333,1.3171451269882524,0.0007535179939591007,-0.007127571667824739,-inf
M&M,195,two_sided_sweep,"{""latest"": ""14:30"", ""rvol_cutoff"": 0.0, ""rvol_name"": ""none"", ""stop_mode"": ""opposite_boundary"", ""target_r"": 2.0}",21,0.42857142857142855,0.9582430107878666,-0.00014344106848090125,-0.02967229590418874,4.199804376096872
M&M,196,two_sided_sweep,"{""latest"": ""14:30"", ""rvol_cutoff"": 0.9647397409814916, ""rvol_name"": ""median"", ""stop_mode"": ""opposite_boundary"", ""target_r"": 2.0}",7,0.2857142857142857,0.38206443948782387,-0.0020799214814611723,-0.011472209246444653,-inf
M&M,197,two_sided_sweep,"{""latest"": ""14:30"", ""rvol_cutoff"": 1.5711815668607083, ""rvol_name"": ""upper_quartile"", ""stop_mode"": ""opposite_boundary"", ""target_r"": 2.0}",3,0.3333333333333333,0.6979710841289904,-0.0007176027737395924,-0.007127571667824628,-inf
M&M,198,opening_range_breakout,"{""gap_alignment"": false, ""latest"": ""10:00"", ""position"": 0.7, ""rvol_cutoff"": 0.0, ""rvol_name"": ""none"", ""stop_mode"": ""midpoint"", ""target_r"": 1.0}",86,0.6395348837209303,1.2387306133964253,0.0005199739751900718,-0.03497009673915019,11.662228133288085
M&M,199,opening_range_breakout,"{""gap_alignment"": true, ""latest"": ""10:00"", ""position"": 0.7, ""rvol_cutoff"": 0.0, ""rvol_name"": ""none"", ""stop_mode"": ""midpoint"", ""target_r"": 1.0}",43,0.6976744186046512,1.6737037125893617,0.0011901355479738186,-0.015428827037103132,12.091920147395593
M&M,200,opening_range_breakout,"{""gap_alignment"": false, ""latest"": ""10:00"", ""position"": 0.7, ""rvol_cutoff"": 0.9647397409814916, ""rvol_name"": ""median"", ""stop_mode"": ""midpoint"", ""target_r"": 1.0}",30,0.5666666666666667,0.9738157009271265,-7.414554424707967e-05,-0.02210184045682073,5.177247551030039
M&M,201,opening_range_breakout,"{""gap_alignment"": true, ""latest"": ""10:00"", ""position"": 0.7, ""rvol_cutoff"": 0.9647397409814916, ""rvol_name"": ""median"", ""stop_mode"": ""midpoint"", ""target_r"": 1.0}",15,0.8,2.596292663735911,0.002357864719019872,-0.013316590984961518,-inf
M&M,202,opening_range_breakout,"{""gap_alignment"": false, ""latest"": ""10:00"", ""position"": 0.7, ""rvol_cutoff"": 0.0, ""rvol_name"": ""none"", ""stop_mode"": ""midpoint"", ""target_r"": 1.5}",86,0.5348837209302325,1.2978055523630214,0.0007853888030438659,-0.04971258596960815,12.335297734964309
M&M,203,opening_range_breakout,"{""gap_alignment"": true, ""latest"": ""10:00"", ""position"": 0.7, ""rvol_cutoff"": 0.0, ""rvol_name"": ""none"", ""stop_mode"": ""midpoint"", ""target_r"": 1.5}",43,0.5581395348837209,1.5230044533154197,0.0012335811019580497,-0.01937391456771098,11.001630831152355
M&M,204,opening_range_breakout,"{""gap_alignment"": false, ""latest"": ""10:00"", ""position"": 0.7, ""rvol_cutoff"": 0.9647397409814916, ""rvol_name"": ""median"", ""stop_mode"": ""midpoint"", ""target_r"": 1.5}",30,0.4666666666666667,1.0038445198933457,1.2648003460417687e-05,-0.019833485393697337,5.396049068054862
M&M,205,opening_range_breakout,"{""gap_alignment"": true, ""latest"": ""10:00"", ""position"": 0.7, ""rvol_cutoff"": 0.9647397409814916, ""rvol_name"": ""median"", ""stop_mode"": ""midpoint"", ""target_r"": 1.5}",15,0.6666666666666666,2.6119042482521744,0.002947149505123307,-0.01331659098496163,-inf
M&M,206,opening_range_breakout,"{""gap_alignment"": false, ""latest"": ""10:00"", ""position"": 0.7, ""rvol_cutoff"": 0.0, ""rvol_name"": ""none"", ""stop_mode"": ""opposite_boundary"", ""target_r"": 1.0}",23,0.4782608695652174,0.7032618308764368,-0.0011127258186069092,-0.03846889062837755,2.8821254723053054
M&M,207,opening_range_breakout,"{""gap_alignment"": true, ""latest"": ""10:00"", ""position"": 0.7, ""rvol_cutoff"": 0.0, ""rvol_name"": ""none"", ""stop_mode"": ""opposite_boundary"", ""target_r"": 1.0}",10,0.5,0.6163261614357476,-0.0014852357916545036,-0.027714734774573757,-inf
M&M,208,opening_range_breakout,"{""gap_alignment"": false, ""latest"": ""10:00"", ""position"": 0.7, ""rvol_cutoff"": 0.9647397409814916, ""rvol_name"": ""median"", ""stop_mode"": ""opposite_boundary"", ""target_r"": 1.0}",3,0.0,0.0,-0.007145236987004681,-0.01269660712773013,-inf
M&M,209,opening_range_breakout,"{""gap_alignment"": true, ""latest"": ""10:00"", ""position"": 0.7, ""rvol_cutoff"": 0.9647397409814916, ""rvol_name"": ""median"", ""stop_mode"": ""opposite_boundary"", ""target_r"": 1.0}",1,0.0,0.0,-0.0077075507857417005,0.0,-inf
M&M,210,opening_range_breakout,"{""gap_alignment"": false, ""latest"": ""10:00"", ""position"": 0.7, ""rvol_cutoff"": 0.0, ""rvol_name"": ""none"", ""stop_mode"": ""opposite_boundary"", ""target_r"": 1.5}",23,0.43478260869565216,0.9574282585490734,-0.0001613114015810094,-0.030612504217293002,4.379300916412254
M&M,211,opening_range_breakout,"{""gap_alignment"": true, ""latest"": ""10:00"", ""position"": 0.7, ""rvol_cutoff"": 0.0, ""rvol_name"": ""none"", ""stop_mode"": ""opposite_boundary"", ""target_r"": 1.5}",10,0.5,0.9323194142461596,-0.00026199760905749544,-0.02539469724141863,-inf
M&M,212,opening_range_breakout,"{""gap_alignment"": false, ""latest"": ""10:00"", ""position"": 0.7, ""rvol_cutoff"": 0.9647397409814916, ""rvol_name"": ""median"", ""stop_mode"": ""opposite_boundary"", ""target_r"": 1.5}",3,0.0,0.0,-0.007145236987004681,-0.01269660712773013,-inf
M&M,213,opening_range_breakout,"{""gap_alignment"": true, ""latest"": ""10:00"", ""position"": 0.7, ""rvol_cutoff"": 0.9647397409814916, ""rvol_name"": ""median"", ""stop_mode"": ""opposite_boundary"", ""target_r"": 1.5}",1,0.0,0.0,-0.0077075507857417005,0.0,-inf
M&M,214,opening_range_breakout,"{""gap_alignment"": false, ""latest"": ""11:30"", ""position"": 0.7, ""rvol_cutoff"": 0.0, ""rvol_name"": ""none"", ""stop_mode"": ""midpoint"", ""target_r"": 1.0}",89,0.6179775280898876,1.1083149882167957,0.0002547910446195739,-0.03962358509289743,10.29737458460639
M&M,215,opening_range_breakout,"{""gap_alignment"": true, ""latest"": ""11:30"", ""position"": 0.7, ""rvol_cutoff"": 0.0, ""rvol_name"": ""none"", ""stop_mode"": ""midpoint"", ""target_r"": 1.0}",46,0.6521739130434783,1.2972805556677791,0.0006333580362536981,-0.032034234583041776,9.056142747292862
M&M,216,opening_range_breakout,"{""gap_alignment"": false, ""latest"": ""11:30"", ""position"": 0.7, ""rvol_cutoff"": 0.9647397409814916, ""rvol_name"": ""median"", ""stop_mode"": ""midpoint"", ""target_r"": 1.0}",32,0.53125,0.811933664741753,-0.0005988012062560147,-0.02551689041489469,4.207780629900073
M&M,217,opening_range_breakout,"{""gap_alignment"": true, ""latest"": ""11:30"", ""position"": 0.7, ""rvol_cutoff"": 0.9647397409814916, ""rvol_name"": ""median"", ""stop_mode"": ""midpoint"", ""target_r"": 1.0}",17,0.7058823529411765,1.471450627212995,0.001084158736030471,-0.025516890414894577,-inf
M&M,218,opening_range_breakout,"{""gap_alignment"": false, ""latest"": ""11:30"", ""position"": 0.7, ""rvol_cutoff"": 0.0, ""rvol_name"": ""none"", ""stop_mode"": ""midpoint"", ""target_r"": 1.5}",89,0.5168539325842697,1.1828529620909076,0.0005112593052423415,-0.05276924291340379,11.110569143528881
M&M,219,opening_range_breakout,"{""gap_alignment"": true, ""latest"": ""11:30"", ""position"": 0.7, ""rvol_cutoff"": 0.0, ""rvol_name"": ""none"", ""stop_mode"": ""midpoint"", ""target_r"": 1.5}",46,0.5217391304347826,1.2511085922368637,0.0006739701845433056,-0.03591278574934287,8.732050348909452
M&M,220,opening_range_breakout,"{""gap_alignment"": false, ""latest"": ""11:30"", ""position"": 0.7, ""rvol_cutoff"": 0.9647397409814916, ""rvol_name"": ""median"", ""stop_mode"": ""midpoint"", ""target_r"": 1.5}",32,0.4375,0.8568078125294019,-0.0005174322552802358,-0.035691054870855665,4.4320082118762585
M&M,221,opening_range_breakout,"{""gap_alignment"": true, ""latest"": ""11:30"", ""position"": 0.7, ""rvol_cutoff"": 0.9647397409814916, ""rvol_name"": ""median"", ""stop_mode"": ""midpoint"", ""target_r"": 1.5}",17,0.5882352941176471,1.6147042478032814,0.0016041159002393838,-0.025516890414894466,-inf
M&M,222,opening_range_breakout,"{""gap_alignment"": false, ""latest"": ""11:30"", ""position"": 0.7, ""rvol_cutoff"": 0.0, ""rvol_name"": ""none"", ""stop_mode"": ""opposite_boundary"", ""target_r"": 1.0}",23,0.4782608695652174,0.7032618308764368,-0.0011127258186069092,-0.03846889062837755,2.8821254723053054
M&M,223,opening_range_breakout,"{""gap_alignment"": true, ""latest"": ""11:30"", ""position"": 0.7, ""rvol_cutoff"": 0.0, ""rvol_name"": ""none"", ""stop_mode"": ""opposite_boundary"", ""target_r"": 1.0}",10,0.5,0.6163261614357476,-0.0014852357916545036,-0.027714734774573757,-inf
M&M,224,opening_range_breakout,"{""gap_alignment"": false, ""latest"": ""11:30"", ""position"": 0.7, ""rvol_cutoff"": 0.9647397409814916, ""rvol_name"": ""median"", ""stop_mode"": ""opposite_boundary"", ""target_r"": 1.0}",3,0.0,0.0,-0.007145236987004681,-0.01269660712773013,-inf
M&M,225,opening_range_breakout,"{""gap_alignment"": true, ""latest"": ""11:30"", ""position"": 0.7, ""rvol_cutoff"": 0.9647397409814916, ""rvol_name"": ""median"", ""stop_mode"": ""opposite_boundary"", ""target_r"": 1.0}",1,0.0,0.0,-0.0077075507857417005,0.0,-inf
M&M,226,opening_range_breakout,"{""gap_alignment"": false, ""latest"": ""11:30"", ""position"": 0.7, ""rvol_cutoff"": 0.0, ""rvol_name"": ""none"", ""stop_mode"": ""opposite_boundary"", ""target_r"": 1.5}",23,0.43478260869565216,0.9574282585490734,-0.0001613114015810094,-0.030612504217293002,4.379300916412254
M&M,227,opening_range_breakout,"{""gap_alignment"": true, ""latest"": ""11:30"", ""position"": 0.7, ""rvol_cutoff"": 0.0, ""rvol_name"": ""none"", ""stop_mode"": ""opposite_boundary"", ""target_r"": 1.5}",10,0.5,0.9323194142461596,-0.00026199760905749544,-0.02539469724141863,-inf
M&M,228,opening_range_breakout,"{""gap_alignment"": false, ""latest"": ""11:30"", ""position"": 0.7, ""rvol_cutoff"": 0.9647397409814916, ""rvol_name"": ""median"", ""stop_mode"": ""opposite_boundary"", ""target_r"": 1.5}",3,0.0,0.0,-0.007145236987004681,-0.01269660712773013,-inf
M&M,229,opening_range_breakout,"{""gap_alignment"": true, ""latest"": ""11:30"", ""position"": 0.7, ""rvol_cutoff"": 0.9647397409814916, ""rvol_name"": ""median"", ""stop_mode"": ""opposite_boundary"", ""target_r"": 1.5}",1,0.0,0.0,-0.0077075507857417005,0.0,-inf
