variant,set_name,symbol,date,direction,sweep_reference,entry_trigger,sweep_time,sweep_level,sweep_extreme,confirmation_time,entry_time,entry_price,stop_price,target_price,exit_time,exit_price,outcome,pnl_per_share,r_multiple,risk_per_share,stop_pct,mfe_r,mae_r,minutes_held,bias_15m,bias_1h,fvg_time,fvg_size,order_block_low,order_block_high,failure_reason
previous_day__direct_5m_ob__no_bank_filter,train,SBIN,2025-09-03,SHORT,previous_day,direct_5m_ob,2025-09-03 10:05:00,810.5,810.75,2025-09-03 10:15:00,2025-09-03 10:22:00,810.35,810.8,809.4500000000002,2025-09-03 10:22:00,810.8,stop,-0.4499999999999318,-1.0,0.4499999999999318,0.0005553156043683986,0.5555555555556397,1.444444444444613,0.0,1,-1,2025-09-03 10:18:00,0.1999999999999318,809.95,810.75,Fast continuation through the swept level
previous_day__direct_5m_ob__no_bank_filter,train,SBIN,2025-09-29,SHORT,previous_day,direct_5m_ob,2025-09-29 09:35:00,864.35,864.8,2025-09-29 09:55:00,2025-09-29 10:19:00,863.55,864.8499999999999,860.95,2025-09-29 10:54:00,860.95,target,2.599999999999909,2.0,1.2999999999999545,0.0015054136992646108,2.038461538461592,0.8461538461538932,35.0,1,-1,2025-09-29 09:57:00,0.2999999999999545,863.15,863.95,
previous_day__direct_5m_ob__no_bank_filter,train,SBIN,2025-11-25,SHORT,previous_day,direct_5m_ob,2025-11-25 09:45:00,977.7,978.5,2025-11-25 10:15:00,2025-11-25 10:24:00,979.025,979.4499999999999,978.1750000000001,2025-11-25 10:25:00,979.4499999999999,stop,-0.4249999999999545,-1.0,0.4249999999999545,0.00043410535992436815,0.1764705882351525,1.0000000000002676,1.0,1,-1,2025-11-25 10:17:00,0.4500000000000455,978.65,979.4,SMC trap: sweep kept running with almost no follow-through
previous_day__direct_5m_ob__no_bank_filter,train,SBIN,2025-12-30,SHORT,previous_day,direct_5m_ob,2025-12-30 10:35:00,968.9,969.45,2025-12-30 10:50:00,2025-12-30 11:18:00,968.925,969.5,967.7749999999999,2025-12-30 11:19:00,969.5,stop,-0.5750000000000455,-1.0,0.5750000000000455,0.0005934411848182733,0.6521739130434266,1.1739130434782867,1.0,1,-1,2025-12-30 10:52:00,0.25,968.55,969.3,Fast continuation through the swept level
previous_day__direct_5m_ob__no_bank_filter,train,SBIN,2026-01-01,SHORT,previous_day,direct_5m_ob,2026-01-01 10:05:00,985.65,986.9,2026-01-01 10:10:00,2026-01-01 10:30:00,985.525,986.9499999999999,982.6750000000001,2026-01-01 10:36:00,985.525,breakeven,0.0,0.0,1.4249999999999545,0.0014459298343522027,1.3157894736842526,0.26315789473685053,6.0,-1,1,2026-01-01 10:10:00,0.7000000000000455,984.55,986.5,
previous_day__direct_5m_ob__no_bank_filter,train,SBIN,2026-03-27,LONG,previous_day,direct_5m_ob,2026-03-27 09:40:00,1043.0,1040.8,2026-03-27 10:00:00,2026-03-27 10:13:00,1040.4,1039.45,1042.3000000000002,2026-03-27 10:15:00,1042.3000000000002,target,1.900000000000091,2.0,0.9500000000000455,0.0009131103421761297,2.736842105262931,0.526315789473659,2.0,-1,1,2026-03-27 10:00:00,0.40000000000009095,1039.5,1041.3,
previous_day__direct_5m_ob__no_bank_filter,test,SBIN,2026-05-08,LONG,previous_day,direct_5m_ob,2026-05-08 09:45:00,1086.1,1084.0,2026-05-08 10:10:00,2026-05-08 10:47:00,1088.75,1083.95,1098.35,2026-05-08 11:30:00,1088.75,breakeven,0.0,0.0,4.7999999999999545,0.004408725602755412,1.3020833333333457,0.5729166666666721,43.0,-1,1,2026-05-08 10:14:00,0.2999999999999545,1088.0,1089.5,
previous_day__direct_5m_ob__no_bank_filter,test,SBIN,2026-05-29,LONG,previous_day,direct_5m_ob,2026-05-29 10:00:00,966.6,966.0,2026-05-29 10:05:00,2026-05-29 10:45:00,966.1,965.5500000000001,967.1999999999999,2026-05-29 10:45:00,965.5500000000001,stop,-0.5499999999999545,-1.0,0.5499999999999545,0.0005692992443845922,0.36363636363626967,1.6363636363637304,0.0,-1,1,2026-05-29 10:05:00,0.6999999999999318,965.6,966.6,Fast continuation through the swept level
previous_day__direct_5m_ob__no_bank_filter,test,SBIN,2026-06-03,LONG,previous_day,direct_5m_ob,2026-06-03 10:45:00,939.9,939.2,2026-06-03 11:15:00,2026-06-03 11:42:00,939.025,938.0,941.0749999999999,2026-06-03 12:03:00,938.0,stop,-1.0249999999999773,-1.0,1.0249999999999773,0.0010915577327546948,0.9512195121951652,1.3414634146341762,21.0,-1,1,2026-06-03 11:18:00,1.0500000000000682,938.05,940.0,"Partial follow-through, then reversal into stop"
previous_day__direct_5m_ob__no_bank_filter,test,SBIN,2026-06-09,SHORT,previous_day,direct_5m_ob,2026-06-09 09:50:00,988.65,989.0,2026-06-09 10:00:00,2026-06-09 10:15:00,987.55,989.05,984.55,2026-06-09 10:21:00,989.05,stop,-1.5,-1.0,1.5,0.0015189104349146879,0.8333333333333334,1.966666666666697,6.0,1,-1,2026-06-09 10:04:00,0.20000000000004547,986.1,989.0,Fast continuation through the swept level
previous_day__direct_5m_ob__no_bank_filter,test,SBIN,2026-06-11,LONG,previous_day,direct_5m_ob,2026-06-11 09:35:00,999.5,999.0,2026-06-11 09:40:00,2026-06-11 09:58:00,1001.45,998.95,1006.45,2026-06-11 10:53:00,1001.45,breakeven,0.0,0.0,2.5,0.0024963802486394726,1.7799999999999727,0.5200000000000273,55.0,-1,1,2026-06-11 09:44:00,2.300000000000068,1000.0,1002.9,
previous_day__direct_5m_ob__no_bank_filter,test,SBIN,2026-07-15,SHORT,previous_day,direct_5m_ob,2026-07-15 09:35:00,1033.7,1035.0,2026-07-15 10:00:00,2026-07-15 10:08:00,1034.0,1035.05,1031.9,2026-07-15 10:08:00,1031.9,target,2.099999999999909,2.0,1.0499999999999545,0.0010154738878142694,2.0952380952382295,0.09523809523801274,0.0,1,-1,2026-07-15 10:01:00,1.5,1033.2,1034.8,
previous_day__direct_5m_ob__bank_vwap,test,SBIN,2026-06-11,LONG,previous_day,direct_5m_ob,2026-06-11 09:35:00,999.5,999.0,2026-06-11 09:40:00,2026-06-11 09:58:00,1001.45,998.95,1006.45,2026-06-11 10:53:00,1001.45,breakeven,0.0,0.0,2.5,0.0024963802486394726,1.7799999999999727,0.5200000000000273,55.0,-1,1,2026-06-11 09:44:00,2.300000000000068,1000.0,1002.9,
previous_day__market_1m_mss__no_bank_filter,train,SBIN,2025-09-01,SHORT,previous_day,market_1m_mss,2025-09-01 09:50:00,806.7,807.5,2025-09-01 10:05:00,2025-09-01 09:55:00,805.7,807.55,802.0000000000002,2025-09-01 11:23:00,805.7,breakeven,0.0,0.0,1.849999999999909,0.0022961400024822005,1.6486486486487666,0.4324324324324291,88.0,1,-1,2025-09-01 09:55:00,0.6499999999999773,806.4,807.5,
previous_day__market_1m_mss__no_bank_filter,train,SBIN,2025-09-29,SHORT,previous_day,market_1m_mss,2025-09-29 09:40:00,864.35,865.0,2025-09-29 09:55:00,2025-09-29 09:57:00,861.95,865.05,855.7500000000002,2025-09-29 12:58:00,861.95,breakeven,0.0,0.0,3.099999999999909,0.00359649631649157,1.9193548387097483,0.8709677419354874,181.0,1,-1,2025-09-29 09:57:00,0.2999999999999545,863.15,863.95,
previous_day__market_1m_mss__no_bank_filter,train,SBIN,2025-12-30,SHORT,previous_day,market_1m_mss,2025-12-30 10:35:00,968.9,969.45,2025-12-30 10:50:00,2025-12-30 10:53:00,968.15,969.5,965.4499999999999,2025-12-30 11:15:00,968.15,breakeven,0.0,0.0,1.3500000000000227,0.0013944120229303545,1.1111111111110923,0.03703703703708694,22.0,1,-1,2025-12-30 10:53:00,0.10000000000002274,968.55,969.3,
previous_day__market_1m_mss__no_bank_filter,train,SBIN,2026-01-01,SHORT,previous_day,market_1m_mss,2026-01-01 10:05:00,985.65,986.9,2026-01-01 10:10:00,2026-01-01 10:09:00,984.8,986.9499999999999,980.5,2026-01-01 10:27:00,984.8,breakeven,0.0,0.0,2.1499999999999773,0.0021831844029244285,1.4186046511627846,0.06976744186050815,18.0,-1,1,2026-01-01 10:09:00,0.8999999999999773,984.55,986.5,
previous_day__market_1m_mss__no_bank_filter,train,SBIN,2026-03-27,LONG,previous_day,market_1m_mss,2026-03-27 09:40:00,1043.0,1040.8,2026-03-27 10:00:00,2026-03-27 10:00:00,1041.4,1039.45,1045.3000000000002,2026-03-27 10:24:00,1045.3000000000002,target,3.900000000000091,2.0,1.9500000000000455,0.0018724793547148504,2.2051282051281302,0.7692307692307513,24.0,-1,1,2026-03-27 10:00:00,0.40000000000009095,1039.5,1041.3,
previous_day__market_1m_mss__no_bank_filter,train,SBIN,2026-04-01,SHORT,previous_day,market_1m_mss,2026-04-01 09:30:00,1009.4,1013.0,2026-04-01 09:35:00,2026-04-01 09:31:00,1006.85,1014.5,991.5500000000001,2026-04-01 11:30:00,1006.85,breakeven,0.0,0.0,7.649999999999977,0.007597954014997246,1.0980392156862748,0.3986928104575116,119.0,1,-1,2026-04-01 09:31:00,0.5500000000000682,1011.8,1014.45,
previous_day__market_1m_mss__no_bank_filter,test,SBIN,2026-04-28,LONG,previous_day,market_1m_mss,2026-04-28 09:30:00,1103.4,1099.35,2026-04-28 09:55:00,2026-04-28 09:32:00,1102.35,1099.3,1108.4499999999998,2026-04-28 09:43:00,1102.35,breakeven,0.0,0.0,3.0499999999999545,0.0027668163468952283,1.2786885245902129,0.27868852459013826,11.0,-1,1,2026-04-28 09:32:00,0.4500000000000455,1102.25,1104.3,
previous_day__market_1m_mss__no_bank_filter,test,SBIN,2026-05-08,LONG,previous_day,market_1m_mss,2026-05-08 09:45:00,1086.1,1084.0,2026-05-08 10:10:00,2026-05-08 09:54:00,1088.6,1083.95,1097.8999999999996,2026-05-08 10:47:00,1088.6,breakeven,0.0,0.0,4.649999999999864,0.004271541429358684,1.1397849462366316,0.12903225806450036,53.0,-1,1,2026-05-08 09:54:00,0.10000000000013642,1088.0,1089.5,
previous_day__market_1m_mss__no_bank_filter,test,SBIN,2026-05-29,LONG,previous_day,market_1m_mss,2026-05-29 10:00:00,966.6,966.0,2026-05-29 10:05:00,2026-05-29 10:06:00,969.1,965.5500000000001,976.1999999999999,2026-05-29 10:45:00,965.5500000000001,stop,-3.5499999999999545,-1.0,3.5499999999999545,0.003663192652976942,0.47887323943660665,1.0985915492957823,39.0,-1,1,2026-05-29 10:06:00,1.0,965.6,966.6,"Partial follow-through, then reversal into stop"
previous_day__market_1m_mss__no_bank_filter,test,SBIN,2026-06-03,LONG,previous_day,market_1m_mss,2026-06-03 10:45:00,939.9,939.2,2026-06-03 11:15:00,2026-06-03 10:55:00,941.0,938.0,947.0,2026-06-03 12:03:00,938.0,stop,-3.0,-1.0,3.0,0.003188097768331562,0.2000000000000076,1.1166666666666742,68.0,-1,1,2026-06-03 10:55:00,1.0,938.05,940.0,SMC trap: sweep kept running with almost no follow-through
previous_day__market_1m_mss__no_bank_filter,test,SBIN,2026-06-09,SHORT,previous_day,market_1m_mss,2026-06-09 09:50:00,988.65,989.0,2026-06-09 10:00:00,2026-06-09 09:58:00,986.15,989.05,980.35,2026-06-09 10:21:00,989.05,stop,-2.8999999999999773,-1.0,2.8999999999999773,0.0029407290980073796,0.379310344827597,1.5000000000000195,23.0,1,-1,2026-06-09 09:58:00,0.6000000000000227,986.1,989.0,"Partial follow-through, then reversal into stop"
previous_day__market_1m_mss__no_bank_filter,test,SBIN,2026-06-11,LONG,previous_day,market_1m_mss,2026-06-11 09:35:00,999.5,999.0,2026-06-11 09:40:00,2026-06-11 09:38:00,1001.75,998.95,1007.3499999999999,2026-06-11 09:58:00,1001.75,breakeven,0.0,0.0,2.7999999999999545,0.0027951085600199195,1.3750000000000304,0.6071428571428833,20.0,-1,1,2026-06-11 09:38:00,0.3000000000000682,1000.0,1002.9,
previous_day__market_1m_mss__no_bank_filter,test,SBIN,2026-07-30,LONG,previous_day,market_1m_mss,2026-07-30 10:40:00,1012.0,1011.7,2026-07-30 10:45:00,2026-07-30 10:44:00,1013.3,1011.6500000000001,1016.5999999999997,2026-07-30 11:43:00,1016.5999999999997,target,3.299999999999727,2.0,1.6499999999998636,0.0016283430375997865,2.1212121212122965,0.0,59.0,1,-1,2026-07-30 10:44:00,0.5,1012.0,1013.6,
previous_day__market_1m_mss__bank_vwap,train,SBIN,2026-04-01,SHORT,previous_day,market_1m_mss,2026-04-01 09:50:00,1009.4,1009.9,2026-04-01 10:05:00,2026-04-01 10:07:00,1005.55,1009.9499999999999,996.75,2026-04-01 11:26:00,1005.55,breakeven,0.0,0.0,4.399999999999977,0.00437571478295458,1.6136363636363513,0.06818181818183404,79.0,1,-1,2026-04-01 10:07:00,0.5500000000000682,1006.55,1008.9,
previous_day__market_1m_mss__bank_vwap,test,SBIN,2026-04-28,LONG,previous_day,market_1m_mss,2026-04-28 09:30:00,1103.4,1099.35,2026-04-28 09:55:00,2026-04-28 09:32:00,1102.35,1099.3,1108.4499999999998,2026-04-28 09:43:00,1102.35,breakeven,0.0,0.0,3.0499999999999545,0.0027668163468952283,1.2786885245902129,0.27868852459013826,11.0,-1,1,2026-04-28 09:32:00,0.4500000000000455,1102.25,1104.3,
previous_day__market_1m_mss__bank_vwap,test,SBIN,2026-06-11,LONG,previous_day,market_1m_mss,2026-06-11 09:35:00,999.5,999.0,2026-06-11 09:40:00,2026-06-11 09:38:00,1001.75,998.95,1007.3499999999999,2026-06-11 09:58:00,1001.75,breakeven,0.0,0.0,2.7999999999999545,0.0027951085600199195,1.3750000000000304,0.6071428571428833,20.0,-1,1,2026-06-11 09:38:00,0.3000000000000682,1000.0,1002.9,
opening_15m__direct_5m_ob__no_bank_filter,train,SBIN,2025-08-26,SHORT,opening_15m,direct_5m_ob,2025-08-26 10:10:00,815.5,815.85,2025-08-26 10:30:00,2025-08-26 10:37:00,813.85,815.9,809.7500000000001,2025-08-26 14:57:00,809.7500000000001,target,4.099999999999909,2.0,2.0499999999999545,0.0025188916876573747,2.0000000000000555,0.5121951219512086,260.0,-1,-1,2025-08-26 10:32:00,0.14999999999997726,813.7,814.0,
opening_15m__direct_5m_ob__no_bank_filter,train,SBIN,2025-09-08,SHORT,opening_15m,direct_5m_ob,2025-09-08 09:55:00,811.2,811.4,2025-09-08 10:20:00,2025-09-08 10:41:00,810.8,811.4499999999999,809.5,2025-09-08 10:48:00,809.5,target,1.2999999999999545,2.0,0.6499999999999773,0.0008016773556980479,2.0769230769230096,0.5384615384615923,7.0,1,-1,2025-09-08 10:20:00,0.049999999999954525,810.45,811.15,
opening_15m__direct_5m_ob__no_bank_filter,train,SBIN,2025-09-25,SHORT,opening_15m,direct_5m_ob,2025-09-25 10:10:00,867.85,868.4,2025-09-25 10:35:00,2025-09-25 11:11:00,869.35,869.8,868.4500000000002,2025-09-25 11:12:00,869.35,breakeven,0.0,0.0,0.4499999999999318,0.0005176281129578786,1.2222222222225592,0.3333333333333333,1.0,-1,-1,2025-09-25 10:37:00,0.25,868.95,869.75,
opening_15m__direct_5m_ob__no_bank_filter,train,SBIN,2025-10-07,LONG,opening_15m,direct_5m_ob,2025-10-07 09:30:00,870.0,868.7,2025-10-07 09:45:00,2025-10-07 09:53:00,871.4749999999999,868.6500000000001,877.1249999999995,2025-10-07 10:18:00,868.6500000000001,stop,-2.824999999999818,-1.0,2.824999999999818,0.003241630568862926,0.06194690265489539,1.1238938053097909,25.0,1,1,2025-10-07 09:48:00,0.10000000000002274,871.15,871.8,SMC trap: sweep kept running with almost no follow-through
opening_15m__direct_5m_ob__no_bank_filter,train,SBIN,2025-11-04,LONG,opening_15m,direct_5m_ob,2025-11-04 10:20:00,944.5,944.0,2025-11-04 10:25:00,2025-11-04 10:43:00,944.775,943.95,946.4249999999998,2025-11-04 10:55:00,946.4249999999998,target,1.6499999999998636,2.0,0.8249999999999318,0.0008732237834404295,2.0303030303032807,0.8181818181818307,12.0,-1,1,2025-11-04 10:25:00,0.14999999999997726,944.0,945.55,
opening_15m__direct_5m_ob__no_bank_filter,train,SBIN,2025-11-06,LONG,opening_15m,direct_5m_ob,2025-11-06 10:05:00,961.4,961.1,2025-11-06 10:25:00,2025-11-06 11:10:00,960.625,959.5500000000001,962.7749999999999,2025-11-06 11:11:00,960.625,breakeven,0.0,0.0,1.0749999999999318,0.0011190631099543857,1.2790697674419416,0.11627906976744924,1.0,1,1,2025-11-06 10:28:00,0.25,959.6,961.65,
opening_15m__direct_5m_ob__no_bank_filter,train,SBIN,2025-11-21,LONG,opening_15m,direct_5m_ob,2025-11-21 10:00:00,977.35,976.6,2025-11-21 10:30:00,2025-11-21 10:41:00,973.6,973.1500000000001,974.4999999999999,2025-11-21 10:46:00,973.1500000000001,stop,-0.4499999999999318,-1.0,0.4499999999999318,0.00046220213640091594,0.8888888888889731,2.3333333333338384,5.0,-1,1,2025-11-21 10:30:00,0.25,973.2,974.0,Fast continuation through the swept level
opening_15m__direct_5m_ob__no_bank_filter,train,SBIN,2025-12-02,LONG,opening_15m,direct_5m_ob,2025-12-02 10:30:00,975.55,975.0,2025-12-02 11:00:00,2025-12-02 11:14:00,975.6,974.95,976.9,2025-12-02 11:21:00,974.95,stop,-0.6499999999999773,-1.0,0.6499999999999773,0.0006662566625666023,0.615384615384602,1.0,7.0,1,-1,2025-12-02 11:01:00,0.4500000000000455,975.45,975.75,Fast continuation through the swept level
opening_15m__direct_5m_ob__no_bank_filter,train,SBIN,2025-12-10,SHORT,opening_15m,direct_5m_ob,2025-12-10 10:10:00,961.45,961.8,2025-12-10 10:25:00,2025-12-10 10:33:00,960.4,961.8499999999999,957.5000000000001,2025-12-10 11:24:00,957.5000000000001,target,2.8999999999998636,2.0,1.4499999999999318,0.0015097875885047188,2.0000000000000786,0.20689655172419472,51.0,-1,1,2025-12-10 10:29:00,0.5499999999999545,960.15,960.65,
opening_15m__direct_5m_ob__no_bank_filter,train,SBIN,2026-01-01,SHORT,opening_15m,direct_5m_ob,2026-01-01 09:55:00,984.6,984.9,2026-01-01 10:10:00,2026-01-01 10:30:00,985.525,986.55,983.475,2026-01-01 10:36:00,985.525,breakeven,0.0,0.0,1.0249999999999773,0.0010400547931305418,1.8292682926829673,0.36585365853659346,6.0,-1,1,2026-01-01 10:10:00,0.7000000000000455,984.55,986.5,
opening_15m__direct_5m_ob__no_bank_filter,train,SBIN,2026-01-12,LONG,opening_15m,direct_5m_ob,2026-01-12 09:45:00,998.05,997.5,2026-01-12 10:15:00,2026-01-12 10:34:00,998.3,997.3000000000001,1000.2999999999997,2026-01-12 10:38:00,997.3000000000001,stop,-0.9999999999998863,-1.0,0.9999999999998863,0.0010017028949212525,0.7000000000001251,1.9500000000001534,4.0,-1,1,2026-01-12 10:18:00,0.14999999999997726,997.35,999.25,Fast continuation through the swept level
opening_15m__direct_5m_ob__no_bank_filter,train,SBIN,2026-01-19,SHORT,opening_15m,direct_5m_ob,2026-01-19 10:35:00,1042.3,1043.4,2026-01-19 10:45:00,2026-01-19 11:22:00,1042.2,1043.45,1039.7,2026-01-19 11:42:00,1039.7,target,2.5,2.0,1.25,0.001199385914411821,2.239999999999964,0.23999999999996363,20.0,-1,1,2026-01-19 10:46:00,0.15000000000009095,1041.5,1042.9,
opening_15m__direct_5m_ob__no_bank_filter,train,SBIN,2026-01-20,LONG,opening_15m,direct_5m_ob,2026-01-20 10:35:00,1039.0,1038.1,2026-01-20 10:45:00,2026-01-20 11:13:00,1039.175,1038.05,1041.425,2026-01-20 11:32:00,1041.425,target,2.25,2.0,1.125,0.0010825895542136792,2.155555555555515,0.955555555555596,19.0,1,1,2026-01-20 10:47:00,0.599999999999909,1038.1,1040.25,
opening_15m__direct_5m_ob__no_bank_filter,train,SBIN,2026-01-27,SHORT,opening_15m,direct_5m_ob,2026-01-27 10:40:00,1038.55,1041.8,2026-01-27 10:50:00,2026-01-27 11:26:00,1039.025,1041.85,1033.3750000000005,2026-01-27 11:42:00,1041.85,stop,-2.824999999999818,-1.0,2.824999999999818,0.0027188951180191216,0.1681415929204131,1.053097345132779,16.0,1,-1,2026-01-27 10:52:00,0.650000000000091,1038.45,1039.6,SMC trap: sweep kept running with almost no follow-through
opening_15m__direct_5m_ob__no_bank_filter,train,SBIN,2026-02-06,LONG,opening_15m,direct_5m_ob,2026-02-06 10:05:00,1067.2,1066.2,2026-02-06 10:20:00,2026-02-06 10:27:00,1065.85,1064.55,1068.4499999999998,2026-02-06 10:27:00,1064.55,stop,-1.2999999999999545,-1.0,1.2999999999999545,0.0012196838204249704,0.9615384615384952,1.576923076923097,0.0,-1,1,2026-02-06 10:22:00,0.5,1064.6,1067.1,Fast continuation through the swept level
opening_15m__direct_5m_ob__no_bank_filter,train,SBIN,2026-02-25,LONG,opening_15m,direct_5m_ob,2026-02-25 10:00:00,1217.0,1215.6,2026-02-25 10:05:00,2026-02-25 10:43:00,1216.15,1214.95,1218.5500000000002,2026-02-25 10:44:00,1214.95,stop,-1.2000000000000455,-1.0,1.2000000000000455,0.0009867203881100566,0.2916666666665798,1.458333333333278,1.0,-1,1,2026-02-25 10:06:00,1.3999999999998636,1215.0,1217.3,Fast continuation through the swept level
opening_15m__direct_5m_ob__no_bank_filter,train,SBIN,2026-03-11,LONG,opening_15m,direct_5m_ob,2026-03-11 10:40:00,1106.3,1105.9,2026-03-11 10:50:00,2026-03-11 11:20:00,1105.4,1104.45,1107.3000000000002,2026-03-11 11:20:00,1104.45,stop,-0.9500000000000455,-1.0,0.9500000000000455,0.0008594174054641265,0.526315789473659,1.3684210526317049,0.0,1,1,2026-03-11 10:52:00,0.20000000000004547,1104.5,1106.3,Fast continuation through the swept level
opening_15m__direct_5m_ob__no_bank_filter,train,SBIN,2026-03-17,LONG,opening_15m,direct_5m_ob,2026-03-17 10:20:00,1056.7,1056.1,2026-03-17 10:45:00,2026-03-17 11:03:00,1052.95,1051.95,1054.95,2026-03-17 11:08:00,1052.95,breakeven,0.0,0.0,1.0,0.0009497127119046489,1.5499999999999545,1.75,5.0,1,1,2026-03-17 10:49:00,0.20000000000004547,1052.0,1053.9,
opening_15m__direct_5m_ob__no_bank_filter,train,SBIN,2026-03-18,LONG,opening_15m,direct_5m_ob,2026-03-18 10:15:00,1064.2,1063.1,2026-03-18 10:20:00,2026-03-18 10:50:00,1063.0,1061.95,1065.1,2026-03-18 10:54:00,1063.0,breakeven,0.0,0.0,1.0499999999999545,0.0009877704609595056,1.1428571428572356,0.6666666666667388,4.0,1,1,2026-03-18 10:20:00,0.7000000000000455,1062.0,1064.0,
opening_15m__direct_5m_ob__no_bank_filter,train,SBIN,2026-03-27,LONG,opening_15m,direct_5m_ob,2026-03-27 09:35:00,1040.1,1038.5,2026-03-27 10:00:00,2026-03-27 10:13:00,1040.4,1038.45,1044.3000000000002,2026-03-27 10:21:00,1044.3000000000002,target,3.900000000000091,2.0,1.9500000000000455,0.001874279123414115,2.1025641025640067,0.25641025641025045,8.0,-1,1,2026-03-27 10:00:00,0.40000000000009095,1039.5,1041.3,
opening_15m__direct_5m_ob__no_bank_filter,train,SBIN,2026-04-01,LONG,opening_15m,direct_5m_ob,2026-04-01 10:35:00,1002.45,1002.0,2026-04-01 11:05:00,2026-04-01 11:14:00,1000.425,999.6500000000001,1001.9749999999997,2026-04-01 11:14:00,999.6500000000001,stop,-0.7749999999998636,-1.0,0.7749999999998636,0.0007746707649247705,1.0000000000002933,1.0645161290323575,0.0,1,1,2026-04-01 11:09:00,0.4500000000000455,999.7,1001.15,Fast continuation through the swept level
opening_15m__direct_5m_ob__no_bank_filter,test,SBIN,2026-04-24,LONG,opening_15m,direct_5m_ob,2026-04-24 09:45:00,1091.35,1090.05,2026-04-24 10:00:00,2026-04-24 10:28:00,1092.9,1090.0,1098.7000000000003,2026-04-24 12:25:00,1092.9,breakeven,0.0,0.0,2.900000000000091,0.0026534907127825883,1.8965517241378715,0.2758620689655713,117.0,1,-1,2026-04-24 10:01:00,0.849999999999909,1092.25,1093.55,
opening_15m__direct_5m_ob__no_bank_filter,test,SBIN,2026-04-27,LONG,opening_15m,direct_5m_ob,2026-04-27 09:35:00,1108.2,1106.65,2026-04-27 09:45:00,2026-04-27 10:01:00,1109.225,1106.6000000000001,1114.4749999999995,2026-04-27 10:21:00,1106.6000000000001,stop,-2.6249999999997726,-1.0,2.6249999999997726,0.002366517162883791,0.5619047619048625,1.0000000000000866,20.0,1,1,2026-04-27 09:46:00,0.650000000000091,1108.25,1110.2,Fast continuation through the swept level
opening_15m__direct_5m_ob__no_bank_filter,test,SBIN,2026-04-28,SHORT,opening_15m,direct_5m_ob,2026-04-28 09:40:00,1104.0,1104.95,2026-04-28 10:10:00,2026-04-28 10:47:00,1108.3000000000002,1108.5,1107.9000000000005,2026-04-28 10:47:00,1108.5,stop,-0.1999999999998181,-1.0,0.1999999999998181,0.0001804565550841993,4.750000000005684,3.0000000000022737,0.0,-1,1,2026-04-28 10:13:00,0.049999999999954525,1108.15,1108.45,Fast continuation through the swept level
opening_15m__direct_5m_ob__no_bank_filter,test,SBIN,2026-05-07,LONG,opening_15m,direct_5m_ob,2026-05-07 10:10:00,1092.5,1092.2,2026-05-07 10:40:00,2026-05-07 10:52:00,1094.5,1092.15,1099.1999999999998,2026-05-07 11:08:00,1092.15,stop,-2.349999999999909,-1.0,2.349999999999909,0.002147099132023672,0.6382978723404502,1.0638297872340838,16.0,1,1,2026-05-07 10:42:00,1.0,1094.1,1094.9,Fast continuation through the swept level
opening_15m__direct_5m_ob__no_bank_filter,test,SBIN,2026-05-08,SHORT,opening_15m,direct_5m_ob,2026-05-08 10:25:00,1093.4,1093.9,2026-05-08 10:45:00,2026-05-08 11:10:00,1092.25,1093.95,1088.85,2026-05-08 11:15:00,1093.95,stop,-1.7000000000000455,-1.0,1.7000000000000455,0.0015564202334630768,0.4411764705882235,1.6176470588234861,5.0,-1,1,2026-05-08 10:48:00,0.1999999999998181,1091.5,1093.0,Fast continuation through the swept level
opening_15m__direct_5m_ob__no_bank_filter,test,SBIN,2026-05-20,SHORT,opening_15m,direct_5m_ob,2026-05-20 10:40:00,941.4,942.0,2026-05-20 10:45:00,2026-05-20 10:52:00,941.4000000000001,943.25,937.7000000000003,2026-05-20 10:56:00,943.25,stop,-1.849999999999909,-1.0,1.849999999999909,0.0019651582749096123,0.270270270270345,1.0270270270270039,4.0,-1,-1,2026-05-20 10:49:00,0.20000000000004547,939.6,943.2,Fast continuation through the swept level
opening_15m__direct_5m_ob__no_bank_filter,test,SBIN,2026-05-21,LONG,opening_15m,direct_5m_ob,2026-05-21 11:05:00,954.3,953.8,2026-05-21 11:25:00,2026-05-21 11:37:00,952.25,951.1500000000001,954.4499999999998,2026-05-21 11:49:00,951.1500000000001,stop,-1.099999999999909,-1.0,1.099999999999909,0.0011551588343396261,0.6818181818182382,1.0454545454546111,12.0,1,1,2026-05-21 11:25:00,0.39999999999997726,951.2,953.3,Fast continuation through the swept level
opening_15m__direct_5m_ob__no_bank_filter,test,SBIN,2026-05-29,LONG,opening_15m,direct_5m_ob,2026-05-29 10:05:00,967.8,967.3,2026-05-29 10:10:00,2026-05-29 10:45:00,966.1,965.5500000000001,967.1999999999999,2026-05-29 10:45:00,965.5500000000001,stop,-0.5499999999999545,-1.0,0.5499999999999545,0.0005692992443845922,0.36363636363626967,1.6363636363637304,0.0,-1,1,2026-05-29 10:10:00,0.2999999999999545,965.6,966.6,Fast continuation through the swept level
opening_15m__direct_5m_ob__no_bank_filter,test,SBIN,2026-06-03,LONG,opening_15m,direct_5m_ob,2026-06-03 09:30:00,943.2,942.55,2026-06-03 09:55:00,2026-06-03 10:10:00,943.7,942.5,946.1000000000001,2026-06-03 10:27:00,943.7,breakeven,0.0,0.0,1.2000000000000455,0.0012715905478436426,1.2499999999999527,3.0833333333332544,17.0,-1,1,2026-06-03 09:59:00,0.75,943.3,944.1,
opening_15m__direct_5m_ob__no_bank_filter,test,SBIN,2026-06-08,SHORT,opening_15m,direct_5m_ob,2026-06-08 10:05:00,982.7,983.35,2026-06-08 10:25:00,2026-06-08 10:33:00,981.575,983.4,977.9250000000002,2026-06-08 10:46:00,977.9250000000002,target,3.6499999999998636,2.0,1.8249999999999318,0.0018592568066626918,2.013698630137099,0.7808219178082234,13.0,1,-1,2026-06-08 10:28:00,0.049999999999954525,980.8,982.35,
opening_15m__direct_5m_ob__no_bank_filter,test,SBIN,2026-06-11,SHORT,opening_15m,direct_5m_ob,2026-06-11 09:45:00,1004.55,1005.6,2026-06-11 09:55:00,2026-06-11 10:18:00,1004.7249999999999,1005.65,1002.8749999999998,2026-06-11 10:20:00,1005.65,stop,-0.9250000000000682,-1.0,0.9250000000000682,0.000920649929085141,0.8918918918917523,1.2702702702702504,2.0,-1,1,2026-06-11 09:55:00,0.599999999999909,1004.05,1005.4,Fast continuation through the swept level
opening_15m__direct_5m_ob__no_bank_filter,test,SBIN,2026-06-12,LONG,opening_15m,direct_5m_ob,2026-06-12 10:20:00,1010.0,1006.0,2026-06-12 10:40:00,2026-06-12 11:03:00,1011.0,1005.95,1021.0999999999999,2026-06-12 12:42:00,1005.95,stop,-5.0499999999999545,-1.0,5.0499999999999545,0.004995054401582546,0.2871287128712987,1.1089108910891234,99.0,1,1,2026-06-12 10:41:00,0.25,1010.5,1011.5,Opening-range whipsaw after liquidity grab
opening_15m__direct_5m_ob__no_bank_filter,test,SBIN,2026-06-15,LONG,opening_15m,direct_5m_ob,2026-06-15 10:25:00,1026.1,1025.4,2026-06-15 10:45:00,2026-06-15 11:05:00,1025.35,1024.2,1027.6499999999996,2026-06-15 11:06:00,1025.35,breakeven,0.0,0.0,1.1499999999998636,0.0011215682449893828,1.0434782608697286,0.1304347826085925,1.0,1,1,2026-06-15 10:46:00,0.7000000000000455,1024.25,1026.45,
opening_15m__direct_5m_ob__no_bank_filter,test,SBIN,2026-06-22,LONG,opening_15m,direct_5m_ob,2026-06-22 10:25:00,1036.05,1035.25,2026-06-22 10:40:00,2026-06-22 10:47:00,1035.625,1035.2,1036.475,2026-06-22 10:47:00,1035.2,stop,-0.4249999999999545,-1.0,0.4249999999999545,0.0004103802051900587,1.94117647058855,1.470588235294275,0.0,1,1,2026-06-22 10:43:00,0.25,1035.25,1036.0,Fast continuation through the swept level
opening_15m__direct_5m_ob__no_bank_filter,test,SBIN,2026-07-03,LONG,opening_15m,direct_5m_ob,2026-07-03 10:15:00,1048.0,1046.3,2026-07-03 10:35:00,2026-07-03 10:44:00,1049.9499999999998,1046.25,1057.3499999999995,2026-07-03 11:07:00,1046.25,stop,-3.699999999999818,-1.0,3.699999999999818,0.0035239773322537442,0.09459459459463612,1.2027027027027126,23.0,-1,1,2026-07-03 10:38:00,0.3999999999998636,1049.6,1050.3,SMC trap: sweep kept running with almost no follow-through
opening_15m__direct_5m_ob__no_bank_filter,test,SBIN,2026-07-10,LONG,opening_15m,direct_5m_ob,2026-07-10 10:05:00,1027.5,1026.5,2026-07-10 10:20:00,2026-07-10 10:33:00,1027.4,1026.45,1029.3000000000002,2026-07-10 10:39:00,1026.45,stop,-0.9500000000000455,-1.0,0.9500000000000455,0.0009246642008955084,0.526315789473659,2.0,6.0,1,-1,2026-07-10 10:21:00,0.20000000000004547,1026.5,1028.3,Fast continuation through the swept level
opening_15m__direct_5m_ob__no_bank_filter,test,SBIN,2026-07-23,SHORT,opening_15m,direct_5m_ob,2026-07-23 10:00:00,1022.0,1022.9,2026-07-23 10:30:00,2026-07-23 10:38:00,1021.75,1022.9499999999999,1019.3500000000001,2026-07-23 10:52:00,1019.3500000000001,target,2.3999999999998636,2.0,1.1999999999999318,0.0011744555908979025,2.0416666666668206,0.7083333333333925,14.0,-1,-1,2026-07-23 10:31:00,0.39999999999997726,1021.1,1022.4,
opening_15m__direct_5m_ob__no_bank_filter,test,SBIN,2026-07-28,SHORT,opening_15m,direct_5m_ob,2026-07-28 10:45:00,1020.0,1020.3,2026-07-28 10:55:00,2026-07-28 11:00:00,1018.4,1020.3499999999999,1014.5000000000001,2026-07-28 13:14:00,1014.5000000000001,target,3.8999999999998636,2.0,1.9499999999999318,0.0019147682639433737,2.205128205128259,0.10256410256412947,134.0,-1,-1,2026-07-28 10:57:00,0.2999999999999545,1016.8,1020.0,
opening_15m__direct_5m_ob__no_bank_filter,test,SBIN,2026-07-31,LONG,opening_15m,direct_5m_ob,2026-07-31 10:25:00,1027.8,1027.3,2026-07-31 10:35:00,2026-07-31 10:44:00,1027.25,1026.45,1028.85,2026-07-31 10:50:00,1027.25,breakeven,0.0,0.0,0.7999999999999545,0.0007787782915550786,1.0624999999999467,0.31250000000001776,6.0,1,1,2026-07-31 10:37:00,0.7999999999999545,1026.5,1028.0,
opening_15m__direct_5m_ob__no_bank_filter,test,SBIN,2026-08-12,SHORT,opening_15m,direct_5m_ob,2026-08-12 09:35:00,1081.8,1083.0,2026-08-12 09:55:00,2026-08-12 10:23:00,1081.45,1083.05,1078.2500000000002,2026-08-12 10:33:00,1081.45,breakeven,0.0,0.0,1.599999999999909,0.0014794951222894346,1.2812500000000444,0.3437499999999911,10.0,1,-1,2026-08-12 09:59:00,0.2999999999999545,1081.0,1081.9,
opening_15m__direct_5m_ob__bank_vwap,train,SBIN,2025-08-26,SHORT,opening_15m,direct_5m_ob,2025-08-26 10:10:00,815.5,815.85,2025-08-26 10:30:00,2025-08-26 10:37:00,813.85,815.9,809.7500000000001,2025-08-26 14:57:00,809.7500000000001,target,4.099999999999909,2.0,2.0499999999999545,0.0025188916876573747,2.0000000000000555,0.5121951219512086,260.0,-1,-1,2025-08-26 10:32:00,0.14999999999997726,813.7,814.0,
opening_15m__direct_5m_ob__bank_vwap,train,SBIN,2025-09-08,SHORT,opening_15m,direct_5m_ob,2025-09-08 09:55:00,811.2,811.4,2025-09-08 10:20:00,2025-09-08 10:41:00,810.8,811.4499999999999,809.5,2025-09-08 10:48:00,809.5,target,1.2999999999999545,2.0,0.6499999999999773,0.0008016773556980479,2.0769230769230096,0.5384615384615923,7.0,1,-1,2025-09-08 10:20:00,0.049999999999954525,810.45,811.15,
opening_15m__direct_5m_ob__bank_vwap,train,SBIN,2025-10-07,LONG,opening_15m,direct_5m_ob,2025-10-07 09:30:00,870.0,868.7,2025-10-07 09:45:00,2025-10-07 09:53:00,871.4749999999999,868.6500000000001,877.1249999999995,2025-10-07 10:18:00,868.6500000000001,stop,-2.824999999999818,-1.0,2.824999999999818,0.003241630568862926,0.06194690265489539,1.1238938053097909,25.0,1,1,2025-10-07 09:48:00,0.10000000000002274,871.15,871.8,SMC trap: sweep kept running with almost no follow-through
opening_15m__direct_5m_ob__bank_vwap,train,SBIN,2025-12-02,LONG,opening_15m,direct_5m_ob,2025-12-02 10:30:00,975.55,975.0,2025-12-02 11:00:00,2025-12-02 11:14:00,975.6,974.95,976.9,2025-12-02 11:21:00,974.95,stop,-0.6499999999999773,-1.0,0.6499999999999773,0.0006662566625666023,0.615384615384602,1.0,7.0,1,-1,2025-12-02 11:01:00,0.4500000000000455,975.45,975.75,Fast continuation through the swept level
opening_15m__direct_5m_ob__bank_vwap,train,SBIN,2026-01-19,SHORT,opening_15m,direct_5m_ob,2026-01-19 10:35:00,1042.3,1043.4,2026-01-19 10:45:00,2026-01-19 11:22:00,1042.2,1043.45,1039.7,2026-01-19 11:42:00,1039.7,target,2.5,2.0,1.25,0.001199385914411821,2.239999999999964,0.23999999999996363,20.0,-1,1,2026-01-19 10:46:00,0.15000000000009095,1041.5,1042.9,
opening_15m__direct_5m_ob__bank_vwap,train,SBIN,2026-01-27,SHORT,opening_15m,direct_5m_ob,2026-01-27 10:50:00,1038.55,1039.6,2026-01-27 10:55:00,2026-01-27 11:26:00,1039.025,1039.6499999999999,1037.7750000000005,2026-01-27 11:26:00,1039.6499999999999,stop,-0.6249999999997726,-1.0,0.6249999999997726,0.0006015254685881211,0.4400000000003056,2.680000000000902,0.0,1,-1,2026-01-27 10:55:00,0.34999999999990905,1038.45,1039.6,Fast continuation through the swept level
opening_15m__direct_5m_ob__bank_vwap,train,SBIN,2026-03-17,LONG,opening_15m,direct_5m_ob,2026-03-17 10:20:00,1056.7,1056.1,2026-03-17 10:45:00,2026-03-17 11:03:00,1052.95,1051.95,1054.95,2026-03-17 11:08:00,1052.95,breakeven,0.0,0.0,1.0,0.0009497127119046489,1.5499999999999545,1.75,5.0,1,1,2026-03-17 10:49:00,0.20000000000004547,1052.0,1053.9,
opening_15m__direct_5m_ob__bank_vwap,test,SBIN,2026-05-29,LONG,opening_15m,direct_5m_ob,2026-05-29 10:05:00,967.8,967.3,2026-05-29 10:10:00,2026-05-29 10:45:00,966.1,965.5500000000001,967.1999999999999,2026-05-29 10:45:00,965.5500000000001,stop,-0.5499999999999545,-1.0,0.5499999999999545,0.0005692992443845922,0.36363636363626967,1.6363636363637304,0.0,-1,1,2026-05-29 10:10:00,0.2999999999999545,965.6,966.6,Fast continuation through the swept level
opening_15m__direct_5m_ob__bank_vwap,test,SBIN,2026-06-08,SHORT,opening_15m,direct_5m_ob,2026-06-08 10:05:00,982.7,983.35,2026-06-08 10:25:00,2026-06-08 10:33:00,981.575,983.4,977.9250000000002,2026-06-08 10:46:00,977.9250000000002,target,3.6499999999998636,2.0,1.8249999999999318,0.0018592568066626918,2.013698630137099,0.7808219178082234,13.0,1,-1,2026-06-08 10:28:00,0.049999999999954525,980.8,982.35,
opening_15m__direct_5m_ob__bank_vwap,test,SBIN,2026-06-22,LONG,opening_15m,direct_5m_ob,2026-06-22 10:25:00,1036.05,1035.25,2026-06-22 10:40:00,2026-06-22 10:47:00,1035.625,1035.2,1036.475,2026-06-22 10:47:00,1035.2,stop,-0.4249999999999545,-1.0,0.4249999999999545,0.0004103802051900587,1.94117647058855,1.470588235294275,0.0,1,1,2026-06-22 10:43:00,0.25,1035.25,1036.0,Fast continuation through the swept level
opening_15m__direct_5m_ob__bank_vwap,test,SBIN,2026-07-03,LONG,opening_15m,direct_5m_ob,2026-07-03 10:15:00,1048.0,1046.3,2026-07-03 10:35:00,2026-07-03 10:44:00,1049.9499999999998,1046.25,1057.3499999999995,2026-07-03 11:07:00,1046.25,stop,-3.699999999999818,-1.0,3.699999999999818,0.0035239773322537442,0.09459459459463612,1.2027027027027126,23.0,-1,1,2026-07-03 10:38:00,0.3999999999998636,1049.6,1050.3,SMC trap: sweep kept running with almost no follow-through
opening_15m__direct_5m_ob__bank_vwap,test,SBIN,2026-07-10,LONG,opening_15m,direct_5m_ob,2026-07-10 10:05:00,1027.5,1026.5,2026-07-10 10:20:00,2026-07-10 10:33:00,1027.4,1026.45,1029.3000000000002,2026-07-10 10:39:00,1026.45,stop,-0.9500000000000455,-1.0,0.9500000000000455,0.0009246642008955084,0.526315789473659,2.0,6.0,1,-1,2026-07-10 10:21:00,0.20000000000004547,1026.5,1028.3,Fast continuation through the swept level
opening_15m__market_1m_mss__no_bank_filter,train,SBIN,2025-08-26,SHORT,opening_15m,market_1m_mss,2025-08-26 10:10:00,815.5,815.85,2025-08-26 10:30:00,2025-08-26 10:14:00,814.25,815.9,810.95,2025-08-26 11:30:00,814.25,breakeven,0.0,0.0,1.6499999999999773,0.0020264046668713263,1.242424242424232,0.12121212121215044,76.0,-1,-1,2025-08-26 10:14:00,0.6000000000000227,813.7,814.0,
opening_15m__market_1m_mss__no_bank_filter,train,SBIN,2025-09-01,LONG,opening_15m,market_1m_mss,2025-09-01 10:35:00,803.1,802.65,2025-09-01 10:40:00,2025-09-01 10:43:00,804.0,802.6,806.8,2025-09-01 11:41:00,804.0,breakeven,0.0,0.0,1.3999999999999773,0.00174129353233828,1.3928571428571979,0.32142857142860914,58.0,1,-1,2025-09-01 10:43:00,0.2999999999999545,802.65,803.55,
opening_15m__market_1m_mss__no_bank_filter,train,SBIN,2025-09-08,SHORT,opening_15m,market_1m_mss,2025-09-08 09:55:00,811.2,811.4,2025-09-08 10:20:00,2025-09-08 10:14:00,810.5,811.4499999999999,808.6000000000001,2025-09-08 10:40:00,810.5,breakeven,0.0,0.0,0.9499999999999318,0.0011721159777914026,1.5263157894738417,0.6842105263158147,26.0,1,-1,2025-09-08 10:14:00,0.14999999999997726,810.45,811.15,
opening_15m__market_1m_mss__no_bank_filter,train,SBIN,2025-10-07,LONG,opening_15m,market_1m_mss,2025-10-07 09:30:00,870.0,868.7,2025-10-07 09:45:00,2025-10-07 09:48:00,872.8,868.6500000000001,881.0999999999997,2025-10-07 10:18:00,868.6500000000001,stop,-4.149999999999864,-1.0,4.149999999999864,0.004754812098991595,-0.012048192771073775,1.084337349397626,30.0,1,1,2025-10-07 09:48:00,0.10000000000002274,871.15,871.8,SMC trap: sweep kept running with almost no follow-through
opening_15m__market_1m_mss__no_bank_filter,train,SBIN,2025-10-08,SHORT,opening_15m,market_1m_mss,2025-10-08 10:00:00,867.6,867.8,2025-10-08 10:15:00,2025-10-08 10:17:00,864.25,867.8499999999999,857.0500000000002,2025-10-08 15:15:00,858.7,time_exit,5.5499999999999545,1.541666666666693,3.599999999999909,0.004165461382701659,1.9305555555556169,0.4861111111111234,298.0,-1,-1,2025-10-08 10:17:00,0.7999999999999545,866.35,867.2,
opening_15m__market_1m_mss__no_bank_filter,train,SBIN,2025-10-13,LONG,opening_15m,market_1m_mss,2025-10-13 09:30:00,876.8,876.0,2025-10-13 09:35:00,2025-10-13 09:38:00,880.0,875.95,888.0999999999999,2025-10-13 10:43:00,888.0999999999999,target,8.099999999999909,2.0,4.0499999999999545,0.004602272727272675,2.000000000000028,0.12345679012345817,65.0,-1,1,2025-10-13 09:38:00,0.5,877.5,879.15,
opening_15m__market_1m_mss__no_bank_filter,train,SBIN,2025-10-15,LONG,opening_15m,market_1m_mss,2025-10-15 09:40:00,877.95,877.15,2025-10-15 09:55:00,2025-10-15 09:57:00,879.15,877.0,883.4499999999999,2025-10-15 10:33:00,883.4499999999999,target,4.2999999999999545,2.0,2.1499999999999773,0.0024455439913552606,2.000000000000053,0.09302325581392275,36.0,1,-1,2025-10-15 09:57:00,0.5,877.05,878.05,
opening_15m__market_1m_mss__no_bank_filter,train,SBIN,2025-10-24,SHORT,opening_15m,market_1m_mss,2025-10-24 09:55:00,912.0,912.5,2025-10-24 10:05:00,2025-10-24 10:09:00,909.35,912.9,902.2500000000001,2025-10-24 13:40:00,902.2500000000001,target,7.099999999999909,2.0,3.5499999999999545,0.0039038873920932034,2.0422535211267867,0.1126760563380232,211.0,-1,-1,2025-10-24 10:09:00,0.1999999999999318,912.0,912.85,
opening_15m__market_1m_mss__no_bank_filter,train,SBIN,2025-10-31,SHORT,opening_15m,market_1m_mss,2025-10-31 09:35:00,939.45,939.9,2025-10-31 10:05:00,2025-10-31 09:39:00,937.3,940.55,930.8,2025-10-31 11:19:00,940.55,stop,-3.25,-1.0,3.25,0.0034674063800277394,0.8307692307692098,1.2615384615384686,100.0,-1,-1,2025-10-31 09:39:00,1.3500000000000227,938.15,940.5,Opening-range whipsaw after liquidity grab
opening_15m__market_1m_mss__no_bank_filter,train,SBIN,2025-11-04,LONG,opening_15m,market_1m_mss,2025-11-04 09:35:00,944.5,943.75,2025-11-04 10:05:00,2025-11-04 09:52:00,945.1,943.5500000000001,948.1999999999999,2025-11-04 10:15:00,945.1,breakeven,0.0,0.0,1.5499999999999545,0.0016400380912072316,1.2258064516129246,0.9677419354838993,23.0,-1,1,2025-11-04 09:52:00,0.05000000000006821,943.6,944.15,
opening_15m__market_1m_mss__no_bank_filter,train,SBIN,2025-11-06,LONG,opening_15m,market_1m_mss,2025-11-06 10:05:00,961.4,961.1,2025-11-06 10:25:00,2025-11-06 10:18:00,962.7,959.5500000000001,969.0,2025-11-06 11:17:00,959.5500000000001,stop,-3.1499999999999773,-1.0,3.1499999999999773,0.003272047366780905,0.9682539682539608,1.0158730158730376,59.0,1,1,2025-11-06 10:18:00,0.20000000000004547,959.6,961.65,Opening-range whipsaw after liquidity grab
opening_15m__market_1m_mss__no_bank_filter,train,SBIN,2025-11-14,SHORT,opening_15m,market_1m_mss,2025-11-14 09:35:00,960.1,960.95,2025-11-14 09:45:00,2025-11-14 09:49:00,959.3,961.0,955.8999999999999,2025-11-14 10:49:00,959.3,breakeven,0.0,0.0,1.7000000000000455,0.0017721255081830976,1.1764705882352626,0.4117647058823687,60.0,-1,1,2025-11-14 09:49:00,0.14999999999997726,959.85,960.8,
opening_15m__market_1m_mss__no_bank_filter,train,SBIN,2025-11-24,SHORT,opening_15m,market_1m_mss,2025-11-24 10:30:00,976.3,976.8,2025-11-24 10:35:00,2025-11-24 10:38:00,974.9,977.75,969.1999999999999,2025-11-24 15:04:00,969.1999999999999,target,5.7000000000000455,2.0,2.8500000000000227,0.0029233767565904427,2.2280701754385865,0.5087719298245733,266.0,1,-1,2025-11-24 10:38:00,0.20000000000004547,976.6,977.7,
opening_15m__market_1m_mss__no_bank_filter,train,SBIN,2025-12-02,LONG,opening_15m,market_1m_mss,2025-12-02 10:15:00,975.55,975.05,2025-12-02 10:20:00,2025-12-02 10:16:00,975.9,973.6500000000001,980.3999999999997,2025-12-02 10:25:00,980.3999999999997,target,4.499999999999773,2.0,2.2499999999998863,0.0023055640946817156,2.022222222222355,0.15555555555557352,9.0,1,-1,2025-12-02 10:16:00,0.14999999999997726,973.7,975.0,
opening_15m__market_1m_mss__no_bank_filter,train,SBIN,2025-12-10,SHORT,opening_15m,market_1m_mss,2025-12-10 09:45:00,961.45,963.4,2025-12-10 09:55:00,2025-12-10 09:55:00,960.7,963.55,955.0000000000002,2025-12-10 15:14:00,960.7,breakeven,0.0,0.0,2.849999999999909,0.002966586863745091,1.912280701754463,0.42105263157893685,319.0,-1,1,2025-12-10 09:55:00,0.10000000000002274,960.75,963.5,
opening_15m__market_1m_mss__no_bank_filter,train,SBIN,2025-12-11,LONG,opening_15m,market_1m_mss,2025-12-11 09:50:00,959.35,959.1,2025-12-11 10:05:00,2025-12-11 10:05:00,961.05,959.0500000000001,965.0499999999997,2025-12-11 10:30:00,961.05,breakeven,0.0,0.0,1.9999999999998863,0.002081057177045821,1.2250000000000925,0.0,25.0,1,1,2025-12-11 10:05:00,0.10000000000002274,959.1,960.95,
opening_15m__market_1m_mss__no_bank_filter,train,SBIN,2025-12-18,LONG,opening_15m,market_1m_mss,2025-12-18 10:05:00,976.0,974.55,2025-12-18 10:15:00,2025-12-18 10:06:00,976.1,973.75,980.8000000000001,2025-12-18 13:58:00,976.1,breakeven,0.0,0.0,2.3500000000000227,0.0024075402110439736,1.829787234042516,0.08510638297874193,232.0,-1,1,2025-12-18 10:06:00,0.5500000000000682,973.8,975.0,
opening_15m__market_1m_mss__no_bank_filter,train,SBIN,2026-01-01,SHORT,opening_15m,market_1m_mss,2026-01-01 09:55:00,984.6,984.9,2026-01-01 10:10:00,2026-01-01 10:09:00,984.8,986.55,981.3,2026-01-01 10:27:00,984.8,breakeven,0.0,0.0,1.75,0.0017770105605199025,1.742857142857117,0.08571428571433769,18.0,-1,1,2026-01-01 10:09:00,0.8999999999999773,984.55,986.5,
opening_15m__market_1m_mss__no_bank_filter,train,SBIN,2026-01-12,LONG,opening_15m,market_1m_mss,2026-01-12 09:45:00,998.05,997.5,2026-01-12 10:15:00,2026-01-12 10:05:00,999.0,997.3000000000001,1002.3999999999999,2026-01-12 10:31:00,999.0,breakeven,0.0,0.0,1.6999999999999318,0.0017017017017016333,1.1470588235294845,0.9705882352941432,26.0,-1,1,2026-01-12 10:05:00,0.35000000000002274,997.35,999.25,
opening_15m__market_1m_mss__no_bank_filter,train,SBIN,2026-01-14,LONG,opening_15m,market_1m_mss,2026-01-14 10:25:00,1025.0,1022.2,2026-01-14 10:55:00,2026-01-14 10:29:00,1025.25,1021.1500000000001,1033.4499999999998,2026-01-14 12:16:00,1021.1500000000001,stop,-4.099999999999909,-1.0,4.099999999999909,0.00399902462813939,0.6707317073170881,1.1585365853658793,107.0,1,1,2026-01-14 10:29:00,0.900000000000091,1021.2,1022.0,Opening-range whipsaw after liquidity grab
opening_15m__market_1m_mss__no_bank_filter,train,SBIN,2026-01-16,LONG,opening_15m,market_1m_mss,2026-01-16 09:35:00,1029.15,1028.7,2026-01-16 09:40:00,2026-01-16 09:37:00,1032.15,1028.3500000000001,1039.75,2026-01-16 10:33:00,1039.75,target,7.599999999999909,2.0,3.7999999999999545,0.0036816354212081135,2.052631578947381,0.32894736842105654,56.0,1,1,2026-01-16 09:37:00,1.2000000000000455,1028.4,1031.55,
opening_15m__market_1m_mss__no_bank_filter,train,SBIN,2026-01-20,LONG,opening_15m,market_1m_mss,2026-01-20 10:35:00,1039.0,1038.1,2026-01-20 10:45:00,2026-01-20 10:38:00,1041.0,1038.05,1046.9,2026-01-20 12:23:00,1038.05,stop,-2.9500000000000455,-1.0,2.9500000000000455,0.002833813640730111,0.4915254237288214,1.2203389830507978,105.0,1,1,2026-01-20 10:38:00,0.900000000000091,1038.1,1040.25,Opening-range whipsaw after liquidity grab
opening_15m__market_1m_mss__no_bank_filter,train,SBIN,2026-01-21,SHORT,opening_15m,market_1m_mss,2026-01-21 10:00:00,1038.5,1039.05,2026-01-21 10:05:00,2026-01-21 10:16:00,1036.4,1040.6499999999999,1027.9000000000005,2026-01-21 10:51:00,1027.9000000000005,target,8.499999999999545,2.0,4.249999999999773,0.0041007333076030225,2.141176470588382,0.15294117647056432,35.0,-1,-1,2026-01-21 10:16:00,0.3000000000001819,1038.55,1040.6,
opening_15m__market_1m_mss__no_bank_filter,train,SBIN,2026-01-22,SHORT,opening_15m,market_1m_mss,2026-01-22 09:35:00,1052.95,1053.65,2026-01-22 09:45:00,2026-01-22 09:48:00,1049.0,1055.55,1035.9,2026-01-22 15:15:00,1048.85,time_exit,0.15000000000009095,0.02290076335879267,6.5499999999999545,0.006244041944709204,1.1450381679389392,0.07633587786259595,327.0,1,-1,2026-01-22 09:48:00,0.9500000000000455,1052.05,1055.5,
opening_15m__market_1m_mss__no_bank_filter,train,SBIN,2026-01-23,LONG,opening_15m,market_1m_mss,2026-01-23 10:00:00,1044.5,1043.55,2026-01-23 10:25:00,2026-01-23 10:06:00,1046.95,1043.5,1053.8500000000001,2026-01-23 11:55:00,1046.95,breakeven,0.0,0.0,3.4500000000000455,0.0032952863078466454,1.4347826086956463,0.3333333333333553,109.0,1,1,2026-01-23 10:06:00,1.1499999999998636,1046.75,1047.55,
opening_15m__market_1m_mss__no_bank_filter,train,SBIN,2026-01-27,SHORT,opening_15m,market_1m_mss,2026-01-27 10:40:00,1038.55,1041.8,2026-01-27 10:50:00,2026-01-27 10:42:00,1039.25,1041.85,1034.0500000000002,2026-01-27 11:26:00,1039.25,breakeven,0.0,0.0,2.599999999999909,0.0025018041857107617,1.6923076923077864,0.5576923076923447,44.0,1,-1,2026-01-27 10:42:00,1.0499999999999545,1038.45,1039.6,
opening_15m__market_1m_mss__no_bank_filter,train,SBIN,2026-02-03,LONG,opening_15m,market_1m_mss,2026-02-03 10:15:00,1049.7,1048.4,2026-02-03 10:25:00,2026-02-03 10:30:00,1054.6,1046.75,1070.2999999999997,2026-02-03 15:15:00,1065.7,time_exit,11.100000000000136,1.4140127388535368,7.849999999999909,0.007443580504456581,1.7324840764331584,0.07643312101909758,285.0,1,1,2026-02-03 10:30:00,1.1000000000001364,1046.8,1048.8,
opening_15m__market_1m_mss__no_bank_filter,train,SBIN,2026-02-18,SHORT,opening_15m,market_1m_mss,2026-02-18 10:15:00,1220.9,1221.2,2026-02-18 10:35:00,2026-02-18 10:34:00,1219.5,1221.25,1216.0,2026-02-18 10:44:00,1216.0,target,3.5,2.0,1.75,0.0014350143501435015,2.2285714285714806,0.0,10.0,1,-1,2026-02-18 10:34:00,0.40000000000009095,1219.6,1221.0,
opening_15m__market_1m_mss__no_bank_filter,train,SBIN,2026-02-25,LONG,opening_15m,market_1m_mss,2026-02-25 10:00:00,1217.0,1215.6,2026-02-25 10:05:00,2026-02-25 10:06:00,1219.7,1214.95,1229.2,2026-02-25 10:44:00,1214.95,stop,-4.75,-1.0,4.75,0.0038944002623595964,0.6526315789473492,1.115789473684201,38.0,-1,1,2026-02-25 10:06:00,1.3999999999998636,1215.0,1217.3,Opening-range whipsaw after liquidity grab
opening_15m__market_1m_mss__no_bank_filter,train,SBIN,2026-03-11,LONG,opening_15m,market_1m_mss,2026-03-11 10:40:00,1106.3,1105.9,2026-03-11 10:50:00,2026-03-11 10:52:00,1107.0,1104.45,1112.1,2026-03-11 11:14:00,1107.0,breakeven,0.0,0.0,2.5499999999999545,0.0023035230352303113,1.2941176470588287,0.07843137254903884,22.0,1,1,2026-03-11 10:52:00,0.20000000000004547,1104.5,1106.3,
opening_15m__market_1m_mss__no_bank_filter,train,SBIN,2026-03-12,SHORT,opening_15m,market_1m_mss,2026-03-12 09:50:00,1080.2,1080.9,2026-03-12 10:05:00,2026-03-12 10:02:00,1077.9,1081.85,1070.0000000000005,2026-03-12 10:37:00,1077.9,breakeven,0.0,0.0,3.949999999999818,0.0036645328880228387,1.518987341772222,0.07594936708859958,35.0,-1,-1,2026-03-12 10:02:00,1.1000000000001364,1079.0,1081.8,
opening_15m__market_1m_mss__no_bank_filter,train,SBIN,2026-03-16,SHORT,opening_15m,market_1m_mss,2026-03-16 09:55:00,1057.9,1059.9,2026-03-16 10:15:00,2026-03-16 10:09:00,1055.2,1059.95,1045.7,2026-03-16 10:25:00,1045.7,target,9.5,2.0,4.75,0.004501516300227445,2.0631578947368325,0.252631578947378,16.0,-1,-1,2026-03-16 10:09:00,0.2999999999999545,1056.4,1058.6,
opening_15m__market_1m_mss__no_bank_filter,train,SBIN,2026-03-17,LONG,opening_15m,market_1m_mss,2026-03-17 10:20:00,1056.7,1056.1,2026-03-17 10:45:00,2026-03-17 10:23:00,1059.9,1051.95,1075.8000000000002,2026-03-17 10:30:00,1051.95,stop,-7.9500000000000455,-1.0,7.9500000000000455,0.007500707613925885,0.06289308176100593,1.069182389937101,7.0,1,1,2026-03-17 10:23:00,0.5,1052.0,1053.9,SMC trap: sweep kept running with almost no follow-through
opening_15m__market_1m_mss__no_bank_filter,train,SBIN,2026-03-18,LONG,opening_15m,market_1m_mss,2026-03-18 10:15:00,1064.2,1063.1,2026-03-18 10:20:00,2026-03-18 10:18:00,1065.3,1061.95,1071.9999999999998,2026-03-18 11:07:00,1061.95,stop,-3.349999999999909,-1.0,3.349999999999909,0.003144654088050229,0.6567164179104792,1.104477611940342,49.0,1,1,2026-03-18 10:18:00,0.40000000000009095,1062.0,1064.0,Opening-range whipsaw after liquidity grab
opening_15m__market_1m_mss__no_bank_filter,train,SBIN,2026-03-20,SHORT,opening_15m,market_1m_mss,2026-03-20 09:55:00,1081.0,1082.6,2026-03-20 10:00:00,2026-03-20 09:58:00,1079.9,1085.05,1069.6000000000004,2026-03-20 11:54:00,1069.6000000000004,target,10.299999999999727,2.0,5.149999999999864,0.004768960088896993,2.0000000000000884,0.38834951456311706,116.0,1,-1,2026-03-20 09:58:00,0.599999999999909,1083.9,1085.0,
opening_15m__market_1m_mss__no_bank_filter,train,SBIN,2026-03-27,LONG,opening_15m,market_1m_mss,2026-03-27 09:50:00,1040.1,1039.5,2026-03-27 10:00:00,2026-03-27 10:00:00,1041.4,1039.45,1045.3000000000002,2026-03-27 10:24:00,1045.3000000000002,target,3.900000000000091,2.0,1.9500000000000455,0.0018724793547148504,2.2051282051281302,0.7692307692307513,24.0,-1,1,2026-03-27 10:00:00,0.40000000000009095,1039.5,1041.3,
opening_15m__market_1m_mss__no_bank_filter,train,SBIN,2026-03-30,SHORT,opening_15m,market_1m_mss,2026-03-30 10:00:00,1006.2,1006.7,2026-03-30 10:15:00,2026-03-30 10:16:00,1001.6,1006.75,991.3000000000001,2026-03-30 10:53:00,991.3000000000001,target,10.299999999999955,2.0,5.149999999999977,0.005141773162939275,2.0388349514563195,0.0,37.0,-1,-1,2026-03-30 10:16:00,0.7999999999999545,1004.2,1004.8,
opening_15m__market_1m_mss__no_bank_filter,train,SBIN,2026-04-01,LONG,opening_15m,market_1m_mss,2026-04-01 10:35:00,1002.45,1002.0,2026-04-01 11:05:00,2026-04-01 10:38:00,1004.2,999.6500000000001,1013.3,2026-04-01 11:00:00,999.6500000000001,stop,-4.5499999999999545,-1.0,4.5499999999999545,0.004530969926309455,0.1758241758241676,1.010989010989026,22.0,1,1,2026-04-01 10:38:00,0.3000000000000682,999.7,1001.15,SMC trap: sweep kept running with almost no follow-through
opening_15m__market_1m_mss__no_bank_filter,test,SBIN,2026-04-24,LONG,opening_15m,market_1m_mss,2026-04-24 09:45:00,1091.35,1090.05,2026-04-24 10:00:00,2026-04-24 09:52:00,1094.6,1090.0,1103.7999999999997,2026-04-24 14:44:00,1103.7999999999997,target,9.199999999999818,2.0,4.599999999999909,0.004202448382970865,2.478260869565286,0.543478260869576,292.0,1,-1,2026-04-24 09:52:00,0.40000000000009095,1092.25,1093.55,
opening_15m__market_1m_mss__no_bank_filter,test,SBIN,2026-04-27,LONG,opening_15m,market_1m_mss,2026-04-27 09:35:00,1108.2,1106.65,2026-04-27 09:45:00,2026-04-27 09:46:00,1111.0,1106.6000000000001,1119.7999999999997,2026-04-27 10:21:00,1106.6000000000001,stop,-4.399999999999864,-1.0,4.399999999999864,0.003960396039603837,0.2954545454545443,1.0000000000000517,35.0,1,1,2026-04-27 09:46:00,0.650000000000091,1108.25,1110.2,Opening-range whipsaw after liquidity grab
opening_15m__market_1m_mss__no_bank_filter,test,SBIN,2026-05-07,LONG,opening_15m,market_1m_mss,2026-05-07 10:10:00,1092.5,1092.2,2026-05-07 10:40:00,2026-05-07 10:18:00,1094.1,1092.15,1097.9999999999995,2026-05-07 10:53:00,1094.1,breakeven,0.0,0.0,1.949999999999818,0.001782286811077432,1.9487179487182238,0.5641025641025701,35.0,1,1,2026-05-07 10:18:00,0.3999999999998636,1094.1,1094.9,
opening_15m__market_1m_mss__no_bank_filter,test,SBIN,2026-05-08,SHORT,opening_15m,market_1m_mss,2026-05-08 11:15:00,1093.4,1095.0,2026-05-08 11:20:00,2026-05-08 11:23:00,1090.4,1095.05,1081.1000000000004,2026-05-08 12:08:00,1081.1000000000004,target,9.299999999999727,2.0,4.649999999999864,0.004264490095377717,2.2150537634409644,0.21505376344086652,45.0,-1,1,2026-05-08 11:23:00,0.5,1091.8,1093.9,
opening_15m__market_1m_mss__no_bank_filter,test,SBIN,2026-05-19,LONG,opening_15m,market_1m_mss,2026-05-19 09:35:00,940.6,939.5,2026-05-19 09:40:00,2026-05-19 09:37:00,944.2,939.45,953.7,2026-05-19 14:16:00,953.7,target,9.5,2.0,4.75,0.005030713831815293,2.084210526315785,0.23157894736842585,279.0,1,-1,2026-05-19 09:37:00,0.10000000000002274,941.5,944.0,
opening_15m__market_1m_mss__no_bank_filter,test,SBIN,2026-05-21,LONG,opening_15m,market_1m_mss,2026-05-21 10:20:00,954.3,953.2,2026-05-21 10:25:00,2026-05-21 10:25:00,954.6,952.1500000000001,959.4999999999999,2026-05-21 11:04:00,954.6,breakeven,0.0,0.0,2.449999999999932,0.002566520008380402,1.3877551020408456,0.0,39.0,1,1,2026-05-21 10:25:00,0.10000000000002274,952.2,954.3,
opening_15m__market_1m_mss__no_bank_filter,test,SBIN,2026-05-25,LONG,opening_15m,market_1m_mss,2026-05-25 09:50:00,958.0,957.5,2026-05-25 10:00:00,2026-05-25 10:01:00,959.6,957.45,963.9,2026-05-25 11:18:00,963.9,target,4.2999999999999545,2.0,2.1499999999999773,0.002240516882034157,2.046511627906988,0.279069767441874,77.0,1,-1,2026-05-25 10:01:00,0.20000000000004547,958.4,959.2,
opening_15m__market_1m_mss__no_bank_filter,test,SBIN,2026-05-27,LONG,opening_15m,market_1m_mss,2026-05-27 09:45:00,968.6,967.7,2026-05-27 10:00:00,2026-05-27 10:04:00,970.9,967.6500000000001,977.3999999999997,2026-05-27 10:31:00,970.9,breakeven,0.0,0.0,3.2499999999998863,0.0033474096199401448,1.5384615384615923,0.09230769230768154,27.0,1,-1,2026-05-27 10:04:00,0.5,968.1,969.6,
opening_15m__market_1m_mss__no_bank_filter,test,SBIN,2026-05-29,LONG,opening_15m,market_1m_mss,2026-05-29 10:05:00,967.8,967.3,2026-05-29 10:10:00,2026-05-29 10:06:00,969.1,965.5500000000001,976.1999999999999,2026-05-29 10:45:00,965.5500000000001,stop,-3.5499999999999545,-1.0,3.5499999999999545,0.003663192652976942,0.47887323943660665,1.0985915492957823,39.0,-1,1,2026-05-29 10:06:00,1.0,965.6,966.6,Opening-range whipsaw after liquidity grab
opening_15m__market_1m_mss__no_bank_filter,test,SBIN,2026-06-02,SHORT,opening_15m,market_1m_mss,2026-06-02 10:05:00,950.95,951.85,2026-06-02 10:10:00,2026-06-02 10:07:00,949.35,951.9,944.2500000000001,2026-06-02 10:27:00,949.35,breakeven,0.0,0.0,2.5499999999999545,0.0026860483488702317,1.3725490196078676,0.11764705882351367,20.0,-1,-1,2026-06-02 10:07:00,1.1000000000000227,950.4,951.5,
opening_15m__market_1m_mss__no_bank_filter,test,SBIN,2026-06-03,LONG,opening_15m,market_1m_mss,2026-06-03 09:45:00,943.2,942.3,2026-06-03 09:55:00,2026-06-03 09:59:00,946.35,942.25,954.5500000000001,2026-06-03 10:27:00,942.25,stop,-4.100000000000023,-1.0,4.100000000000023,0.004332435145559278,0.03658536585365279,1.548780487804875,28.0,-1,1,2026-06-03 09:59:00,0.75,943.3,944.1,SMC trap: sweep kept running with almost no follow-through
opening_15m__market_1m_mss__no_bank_filter,test,SBIN,2026-06-05,LONG,opening_15m,market_1m_mss,2026-06-05 10:45:00,977.45,972.15,2026-06-05 10:50:00,2026-06-05 10:49:00,978.05,972.1,989.9499999999998,2026-06-05 11:07:00,989.9499999999998,target,11.899999999999864,2.0,5.949999999999932,0.006083533561678781,2.000000000000038,0.04201680672268956,18.0,1,1,2026-06-05 10:49:00,0.6499999999999773,974.7,980.5,
opening_15m__market_1m_mss__no_bank_filter,test,SBIN,2026-06-11,SHORT,opening_15m,market_1m_mss,2026-06-11 09:45:00,1004.55,1005.6,2026-06-11 09:55:00,2026-06-11 09:55:00,1003.15,1005.65,998.15,2026-06-11 10:01:00,1003.15,breakeven,0.0,0.0,2.5,0.0024921497283556795,1.2,0.0800000000000182,6.0,-1,1,2026-06-11 09:55:00,0.599999999999909,1004.05,1005.4,
opening_15m__market_1m_mss__no_bank_filter,test,SBIN,2026-06-12,LONG,opening_15m,market_1m_mss,2026-06-12 10:20:00,1010.0,1006.0,2026-06-12 10:40:00,2026-06-12 10:21:00,1009.65,1005.95,1017.0499999999998,2026-06-12 11:29:00,1009.65,breakeven,0.0,0.0,3.699999999999932,0.003664636260090063,1.905405405405459,0.10810810810810395,68.0,1,1,2026-06-12 10:21:00,0.25,1010.5,1011.5,
opening_15m__market_1m_mss__no_bank_filter,test,SBIN,2026-06-17,LONG,opening_15m,market_1m_mss,2026-06-17 10:05:00,1014.55,1013.45,2026-06-17 10:15:00,2026-06-17 10:09:00,1015.8,1013.4000000000001,1020.5999999999997,2026-06-17 10:33:00,1015.8,breakeven,0.0,0.0,2.3999999999998636,0.002362669816892955,1.333333333333428,0.5,24.0,1,-1,2026-06-17 10:09:00,0.4499999999999318,1015.0,1015.55,
opening_15m__market_1m_mss__no_bank_filter,test,SBIN,2026-06-18,LONG,opening_15m,market_1m_mss,2026-06-18 10:40:00,1025.05,1024.45,2026-06-18 10:50:00,2026-06-18 10:52:00,1027.9,1024.4,1034.9,2026-06-18 11:33:00,1034.9,target,7.0,2.0,3.5,0.0034050004864286405,2.0,0.10000000000003897,41.0,1,1,2026-06-18 10:52:00,1.0,1025.6,1027.7,
opening_15m__market_1m_mss__no_bank_filter,test,SBIN,2026-06-22,LONG,opening_15m,market_1m_mss,2026-06-22 10:25:00,1036.05,1035.25,2026-06-22 10:40:00,2026-06-22 10:43:00,1036.85,1035.2,1040.1499999999996,2026-06-22 10:47:00,1035.2,stop,-1.6499999999998636,-1.0,1.6499999999998636,0.0015913584414330557,0.09090909090915354,1.1212121212121589,4.0,1,1,2026-06-22 10:43:00,0.25,1035.25,1036.0,SMC trap: sweep kept running with almost no follow-through
opening_15m__market_1m_mss__no_bank_filter,test,SBIN,2026-07-03,LONG,opening_15m,market_1m_mss,2026-07-03 10:15:00,1048.0,1046.3,2026-07-03 10:35:00,2026-07-03 10:16:00,1049.2,1046.25,1055.1000000000001,2026-07-03 11:07:00,1046.25,stop,-2.9500000000000455,-1.0,2.9500000000000455,0.002811666031261957,0.847457627118631,1.2542372881355892,51.0,-1,1,2026-07-03 10:16:00,0.7000000000000455,1049.6,1050.3,Opening-range whipsaw after liquidity grab
opening_15m__market_1m_mss__no_bank_filter,test,SBIN,2026-07-06,SHORT,opening_15m,market_1m_mss,2026-07-06 09:50:00,1045.0,1048.0,2026-07-06 10:10:00,2026-07-06 09:52:00,1046.2,1048.05,1042.5000000000002,2026-07-06 10:13:00,1042.5000000000002,target,3.699999999999818,2.0,1.849999999999909,0.0017683043395143462,2.1621621621622684,0.0,21.0,1,-1,2026-07-06 09:52:00,0.6000000000001364,1044.3,1045.2,
opening_15m__market_1m_mss__no_bank_filter,test,SBIN,2026-07-10,LONG,opening_15m,market_1m_mss,2026-07-10 10:05:00,1027.5,1026.5,2026-07-10 10:20:00,2026-07-10 10:21:00,1029.7,1026.45,1036.2,2026-07-10 10:39:00,1026.45,stop,-3.25,-1.0,3.25,0.003156259104593571,0.36923076923078324,1.2923076923077064,18.0,1,-1,2026-07-10 10:21:00,0.20000000000004547,1026.5,1028.3,Fast continuation through the swept level
opening_15m__market_1m_mss__no_bank_filter,test,SBIN,2026-07-23,SHORT,opening_15m,market_1m_mss,2026-07-23 10:15:00,1022.0,1022.5,2026-07-23 10:30:00,2026-07-23 10:34:00,1020.4,1022.55,1016.1,2026-07-23 10:40:00,1022.55,stop,-2.1499999999999773,-1.0,2.1499999999999773,0.002107016856134827,0.09302325581392275,1.0232558139535204,6.0,-1,-1,2026-07-23 10:34:00,0.20000000000004547,1021.1,1022.4,SMC trap: sweep kept running with almost no follow-through
opening_15m__market_1m_mss__no_bank_filter,test,SBIN,2026-07-27,LONG,opening_15m,market_1m_mss,2026-07-27 10:40:00,1018.5,1016.2,2026-07-27 10:50:00,2026-07-27 10:53:00,1019.5,1016.1500000000001,1026.1999999999998,2026-07-27 15:15:00,1020.9,time_exit,1.3999999999999773,0.41791044776119857,3.349999999999909,0.0032859244727806857,0.9850746268656848,0.5671641791044862,262.0,1,1,2026-07-27 10:53:00,0.7999999999999545,1018.0,1018.9,
opening_15m__market_1m_mss__no_bank_filter,test,SBIN,2026-07-28,SHORT,opening_15m,market_1m_mss,2026-07-28 10:45:00,1020.0,1020.3,2026-07-28 10:55:00,2026-07-28 11:01:00,1017.0,1020.3499999999999,1010.3000000000002,2026-07-28 15:00:00,1010.3000000000002,target,6.699999999999818,2.0,3.349999999999909,0.003294001966568249,2.089552238806027,0.29850746268657524,239.0,-1,-1,2026-07-28 11:01:00,0.10000000000002274,1016.8,1020.0,
opening_15m__market_1m_mss__no_bank_filter,test,SBIN,2026-07-31,LONG,opening_15m,market_1m_mss,2026-07-31 10:25:00,1027.8,1027.3,2026-07-31 10:35:00,2026-07-31 10:37:00,1028.1,1026.45,1031.3999999999996,2026-07-31 11:02:00,1026.45,stop,-1.6499999999998636,-1.0,1.6499999999998636,0.001604902246863013,0.6060606060606561,1.0303030303030052,25.0,1,1,2026-07-31 10:37:00,0.7999999999999545,1026.5,1028.0,Opening-range whipsaw after liquidity grab
opening_15m__market_1m_mss__no_bank_filter,test,SBIN,2026-08-10,LONG,opening_15m,market_1m_mss,2026-08-10 10:05:00,1084.2,1083.0,2026-08-10 10:10:00,2026-08-10 10:08:00,1085.1,1079.95,1095.3999999999996,2026-08-10 11:21:00,1085.1,breakeven,0.0,0.0,5.149999999999864,0.004746106349645069,1.223300970873854,0.09708737864077926,73.0,-1,1,2026-08-10 10:08:00,0.20000000000004547,1080.0,1082.7,
opening_15m__market_1m_mss__no_bank_filter,test,SBIN,2026-08-12,SHORT,opening_15m,market_1m_mss,2026-08-12 09:40:00,1081.8,1084.0,2026-08-12 09:55:00,2026-08-12 09:59:00,1078.8,1084.05,1068.3,2026-08-12 12:40:00,1078.8,breakeven,0.0,0.0,5.25,0.004866518353726363,1.0666666666666493,0.6095238095238182,161.0,1,-1,2026-08-12 09:59:00,0.2999999999999545,1081.0,1081.9,
opening_15m__market_1m_mss__bank_vwap,train,SBIN,2025-08-26,SHORT,opening_15m,market_1m_mss,2025-08-26 10:10:00,815.5,815.85,2025-08-26 10:30:00,2025-08-26 10:14:00,814.25,815.9,810.95,2025-08-26 11:30:00,814.25,breakeven,0.0,0.0,1.6499999999999773,0.0020264046668713263,1.242424242424232,0.12121212121215044,76.0,-1,-1,2025-08-26 10:14:00,0.6000000000000227,813.7,814.0,
opening_15m__market_1m_mss__bank_vwap,train,SBIN,2025-09-08,SHORT,opening_15m,market_1m_mss,2025-09-08 09:55:00,811.2,811.4,2025-09-08 10:20:00,2025-09-08 10:14:00,810.5,811.4499999999999,808.6000000000001,2025-09-08 10:40:00,810.5,breakeven,0.0,0.0,0.9499999999999318,0.0011721159777914026,1.5263157894738417,0.6842105263158147,26.0,1,-1,2025-09-08 10:14:00,0.14999999999997726,810.45,811.15,
opening_15m__market_1m_mss__bank_vwap,train,SBIN,2025-10-07,LONG,opening_15m,market_1m_mss,2025-10-07 09:30:00,870.0,868.7,2025-10-07 09:45:00,2025-10-07 09:48:00,872.8,868.6500000000001,881.0999999999997,2025-10-07 10:18:00,868.6500000000001,stop,-4.149999999999864,-1.0,4.149999999999864,0.004754812098991595,-0.012048192771073775,1.084337349397626,30.0,1,1,2025-10-07 09:48:00,0.10000000000002274,871.15,871.8,SMC trap: sweep kept running with almost no follow-through
opening_15m__market_1m_mss__bank_vwap,train,SBIN,2025-10-08,SHORT,opening_15m,market_1m_mss,2025-10-08 10:00:00,867.6,867.8,2025-10-08 10:15:00,2025-10-08 10:17:00,864.25,867.8499999999999,857.0500000000002,2025-10-08 15:15:00,858.7,time_exit,5.5499999999999545,1.541666666666693,3.599999999999909,0.004165461382701659,1.9305555555556169,0.4861111111111234,298.0,-1,-1,2025-10-08 10:17:00,0.7999999999999545,866.35,867.2,
opening_15m__market_1m_mss__bank_vwap,train,SBIN,2025-10-24,SHORT,opening_15m,market_1m_mss,2025-10-24 09:55:00,912.0,912.5,2025-10-24 10:05:00,2025-10-24 10:09:00,909.35,912.9,902.2500000000001,2025-10-24 13:40:00,902.2500000000001,target,7.099999999999909,2.0,3.5499999999999545,0.0039038873920932034,2.0422535211267867,0.1126760563380232,211.0,-1,-1,2025-10-24 10:09:00,0.1999999999999318,912.0,912.85,
opening_15m__market_1m_mss__bank_vwap,train,SBIN,2025-11-04,LONG,opening_15m,market_1m_mss,2025-11-04 10:00:00,944.5,943.8,2025-11-04 10:05:00,2025-11-04 10:02:00,946.45,943.5500000000001,952.25,2025-11-04 11:09:00,946.45,breakeven,0.0,0.0,2.8999999999999773,0.0030640815679644747,1.2413793103448059,0.8448275862069189,67.0,-1,1,2025-11-04 10:02:00,0.25,943.6,944.15,
opening_15m__market_1m_mss__bank_vwap,train,SBIN,2025-12-18,LONG,opening_15m,market_1m_mss,2025-12-18 10:05:00,976.0,974.55,2025-12-18 10:15:00,2025-12-18 10:06:00,976.1,973.75,980.8000000000001,2025-12-18 13:58:00,976.1,breakeven,0.0,0.0,2.3500000000000227,0.0024075402110439736,1.829787234042516,0.08510638297874193,232.0,-1,1,2025-12-18 10:06:00,0.5500000000000682,973.8,975.0,
opening_15m__market_1m_mss__bank_vwap,train,SBIN,2026-01-12,LONG,opening_15m,market_1m_mss,2026-01-12 10:40:00,998.05,996.4,2026-01-12 10:45:00,2026-01-12 10:48:00,999.0,995.95,1005.0999999999999,2026-01-12 12:21:00,1005.0999999999999,target,6.099999999999909,2.0,3.0499999999999545,0.0030530530530530073,2.1147540983607023,0.5245901639344415,93.0,-1,1,2026-01-12 10:48:00,0.20000000000004547,996.0,998.5,
opening_15m__market_1m_mss__bank_vwap,train,SBIN,2026-01-16,LONG,opening_15m,market_1m_mss,2026-01-16 09:35:00,1029.15,1028.7,2026-01-16 09:40:00,2026-01-16 09:37:00,1032.15,1028.3500000000001,1039.75,2026-01-16 10:33:00,1039.75,target,7.599999999999909,2.0,3.7999999999999545,0.0036816354212081135,2.052631578947381,0.32894736842105654,56.0,1,1,2026-01-16 09:37:00,1.2000000000000455,1028.4,1031.55,
opening_15m__market_1m_mss__bank_vwap,train,SBIN,2026-01-21,SHORT,opening_15m,market_1m_mss,2026-01-21 10:00:00,1038.5,1039.05,2026-01-21 10:05:00,2026-01-21 10:16:00,1036.4,1040.6499999999999,1027.9000000000005,2026-01-21 10:51:00,1027.9000000000005,target,8.499999999999545,2.0,4.249999999999773,0.0041007333076030225,2.141176470588382,0.15294117647056432,35.0,-1,-1,2026-01-21 10:16:00,0.3000000000001819,1038.55,1040.6,
opening_15m__market_1m_mss__bank_vwap,train,SBIN,2026-01-27,SHORT,opening_15m,market_1m_mss,2026-01-27 10:50:00,1038.55,1039.6,2026-01-27 10:55:00,2026-01-27 10:52:00,1037.4,1039.6499999999999,1032.9000000000005,2026-01-27 11:04:00,1037.4,breakeven,0.0,0.0,2.2499999999997726,0.002168883747830897,1.1333333333335287,0.333333333333367,12.0,1,-1,2026-01-27 10:52:00,0.650000000000091,1038.45,1039.6,
opening_15m__market_1m_mss__bank_vwap,train,SBIN,2026-02-18,SHORT,opening_15m,market_1m_mss,2026-02-18 10:15:00,1220.9,1221.2,2026-02-18 10:35:00,2026-02-18 10:34:00,1219.5,1221.25,1216.0,2026-02-18 10:44:00,1216.0,target,3.5,2.0,1.75,0.0014350143501435015,2.2285714285714806,0.0,10.0,1,-1,2026-02-18 10:34:00,0.40000000000009095,1219.6,1221.0,
opening_15m__market_1m_mss__bank_vwap,train,SBIN,2026-03-17,LONG,opening_15m,market_1m_mss,2026-03-17 10:20:00,1056.7,1056.1,2026-03-17 10:45:00,2026-03-17 10:23:00,1059.9,1051.95,1075.8000000000002,2026-03-17 10:30:00,1051.95,stop,-7.9500000000000455,-1.0,7.9500000000000455,0.007500707613925885,0.06289308176100593,1.069182389937101,7.0,1,1,2026-03-17 10:23:00,0.5,1052.0,1053.9,SMC trap: sweep kept running with almost no follow-through
opening_15m__market_1m_mss__bank_vwap,train,SBIN,2026-03-18,LONG,opening_15m,market_1m_mss,2026-03-18 11:20:00,1064.2,1062.9,2026-03-18 11:25:00,2026-03-18 11:21:00,1064.1,1061.25,1069.7999999999997,2026-03-18 12:37:00,1064.1,breakeven,0.0,0.0,2.849999999999909,0.002678319706794389,1.684210526315907,0.2807017543859579,76.0,1,1,2026-03-18 11:21:00,0.20000000000004547,1061.3,1063.9,
opening_15m__market_1m_mss__bank_vwap,train,SBIN,2026-03-30,SHORT,opening_15m,market_1m_mss,2026-03-30 10:00:00,1006.2,1006.7,2026-03-30 10:15:00,2026-03-30 10:16:00,1001.6,1006.75,991.3000000000001,2026-03-30 10:53:00,991.3000000000001,target,10.299999999999955,2.0,5.149999999999977,0.005141773162939275,2.0388349514563195,0.0,37.0,-1,-1,2026-03-30 10:16:00,0.7999999999999545,1004.2,1004.8,
opening_15m__market_1m_mss__bank_vwap,test,SBIN,2026-05-29,LONG,opening_15m,market_1m_mss,2026-05-29 10:05:00,967.8,967.3,2026-05-29 10:10:00,2026-05-29 10:06:00,969.1,965.5500000000001,976.1999999999999,2026-05-29 10:45:00,965.5500000000001,stop,-3.5499999999999545,-1.0,3.5499999999999545,0.003663192652976942,0.47887323943660665,1.0985915492957823,39.0,-1,1,2026-05-29 10:06:00,1.0,965.6,966.6,Opening-range whipsaw after liquidity grab
opening_15m__market_1m_mss__bank_vwap,test,SBIN,2026-06-22,LONG,opening_15m,market_1m_mss,2026-06-22 10:25:00,1036.05,1035.25,2026-06-22 10:40:00,2026-06-22 10:43:00,1036.85,1035.2,1040.1499999999996,2026-06-22 10:47:00,1035.2,stop,-1.6499999999998636,-1.0,1.6499999999998636,0.0015913584414330557,0.09090909090915354,1.1212121212121589,4.0,1,1,2026-06-22 10:43:00,0.25,1035.25,1036.0,SMC trap: sweep kept running with almost no follow-through
opening_15m__market_1m_mss__bank_vwap,test,SBIN,2026-07-03,LONG,opening_15m,market_1m_mss,2026-07-03 10:15:00,1048.0,1046.3,2026-07-03 10:35:00,2026-07-03 10:16:00,1049.2,1046.25,1055.1000000000001,2026-07-03 11:07:00,1046.25,stop,-2.9500000000000455,-1.0,2.9500000000000455,0.002811666031261957,0.847457627118631,1.2542372881355892,51.0,-1,1,2026-07-03 10:16:00,0.7000000000000455,1049.6,1050.3,Opening-range whipsaw after liquidity grab
opening_15m__market_1m_mss__bank_vwap,test,SBIN,2026-07-10,LONG,opening_15m,market_1m_mss,2026-07-10 10:05:00,1027.5,1026.5,2026-07-10 10:20:00,2026-07-10 10:21:00,1029.7,1026.45,1036.2,2026-07-10 10:39:00,1026.45,stop,-3.25,-1.0,3.25,0.003156259104593571,0.36923076923078324,1.2923076923077064,18.0,1,-1,2026-07-10 10:21:00,0.20000000000004547,1026.5,1028.3,Fast continuation through the swept level
