direction,signal_index,entry_index,entry_time,exit_time,entry,exit,stop,target,stop_distance,gross_return,net_return,r_multiple,exit_reason,date,signal_time,year,month,quarter,signal_strength,strength_band,strength_adx_component,strength_volume_component,strength_ema_component,strength_vwap_component,strength_trigger_component
1,7283,7284,2021-10-22 10:00:00,2021-10-22 15:25:00,143.9,144.0,141.84860619589884,148.00278760820237,2.0513938041011803,0.0006949270326614965,-0.00030507296733850355,0.04874734426908801,eod,2021-10-22,2021-10-22 09:55:00,2021,2021-10,2021Q4,88.66,80+,1.0,1.0,1.0,0.6657,0.6337
-1,11131,11132,2022-01-06 11:55:00,2022-01-06 12:10:00,199.5,200.2650517458266,200.2650517458266,197.96989650834678,0.7650517458266124,-0.003834845843742496,-0.004834845843742496,-0.999999999999998,stop,2022-01-06,2022-01-06 11:50:00,2022,2022-01,2022Q1,41.41,40-50,0.0511,0.4365,0.1954,0.3791,1.0
1,12617,12618,2022-02-04 10:45:00,2022-02-04 11:05:00,185.35,187.63602809784268,184.20698595107865,187.63602809784268,1.143014048921338,0.012333574846737028,0.011333574846737027,2.0000000000000107,target,2022-02-04,2022-02-04 10:40:00,2022,2022-02,2022Q1,72.09,70-80,0.3572,1.0,0.8678,0.0512,1.0
1,15710,15711,2022-04-07 12:15:00,2022-04-07 13:00:00,207.6,210.59707508508308,206.10146245745844,210.59707508508308,1.498537542541543,0.014436777866488892,0.013436777866488891,1.9999999999999976,target,2022-04-07,2022-04-07 12:10:00,2022,2022-04,2022Q2,78.77,70-80,0.2806,1.0,0.6997,1.0,1.0
1,15790,15791,2022-04-08 12:40:00,2022-04-08 15:00:00,216.4,214.8174323049829,214.8174323049829,219.56513539003421,1.58256769501711,-0.007313159403960712,-0.008313159403960713,-0.9999999999999964,stop,2022-04-08,2022-04-08 12:35:00,2022,2022-04,2022Q2,61.9,60-70,0.2217,1.0,1.0,0.8921,0.0157
1,21106,21107,2022-07-21 11:55:00,2022-07-21 12:15:00,209.2,208.17417244708952,208.17417244708952,211.2516551058209,1.0258275529104608,-0.004903573388673421,-0.005903573388673421,-1.0000000000000098,stop,2022-07-21,2022-07-21 11:50:00,2022,2022-07,2022Q3,76.41,70-80,0.1994,1.0,0.7271,0.9111,1.0
1,21160,21161,2022-07-22 10:10:00,2022-07-22 12:50:00,222.85,228.9112877856345,219.81935610718273,228.9112877856345,3.030643892817259,0.027198957979064353,0.026198957979064352,1.9999999999999956,target,2022-07-22,2022-07-22 10:05:00,2022,2022-07,2022Q3,89.68,80+,0.95,1.0,1.0,0.2317,1.0
1,21806,21807,2022-08-03 14:00:00,2022-08-03 14:20:00,232.85,230.76815074334903,230.76815074334903,237.01369851330193,2.0818492566509628,-0.008940731185960837,-0.009940731185960838,-1.0000000000000029,stop,2022-08-03,2022-08-03 13:55:00,2022,2022-08,2022Q3,57.14,50-60,0.9867,0.1774,1.0,0.5928,0.2676
1,23786,23787,2022-09-14 10:15:00,2022-09-14 15:25:00,233.7,235.8,232.04613150651753,237.0077369869649,1.6538684934824521,0.008985879332477742,0.007985879332477741,1.2697502904709057,eod,2022-09-14,2022-09-14 10:10:00,2022,2022-09,2022Q3,55.2,50-60,0.0617,0.7999,0.4163,0.499,0.8983
1,25589,25590,2022-10-19 10:30:00,2022-10-19 10:45:00,265.9,263.7457150044523,263.7457150044523,270.2085699910954,2.154284995547701,-0.008101861585361747,-0.009101861585361748,-0.9999999999999988,stop,2022-10-19,2022-10-19 10:25:00,2022,2022-10,2022Q4,66.77,60-70,1.0,0.1845,1.0,0.1332,1.0
1,25703,25704,2022-10-20 13:45:00,2022-10-20 15:25:00,259.3,259.65,258.30705814988096,261.2858837002381,0.9929418501190475,0.001349787890474241,0.00034978789047424106,0.3524879125177402,eod,2022-10-20,2022-10-20 13:40:00,2022,2022-10,2022Q4,56.34,50-60,0.2322,1.0,0.2084,1.0,0.3741
1,26637,26638,2022-11-11 10:20:00,2022-11-11 10:35:00,258.95,261.28980119625356,257.7800994018732,261.28980119625356,1.1699005981267934,0.009035725801326722,0.00803572580132672,1.9999999999999898,target,2022-11-11,2022-11-11 10:15:00,2022,2022-11,2022Q4,30.65,<40,0.5194,0.0265,0.7189,0.1973,0.1587
1,29723,29724,2023-01-09 11:15:00,2023-01-09 14:40:00,282.0,286.3167957767172,279.8416021116414,286.3167957767172,2.158397888358599,0.015307786442259497,0.014307786442259496,1.9999999999999942,target,2023-01-09,2023-01-09 11:10:00,2023,2023-01,2023Q1,93.96,80+,1.0,1.0,1.0,0.4967,1.0
1,29783,29784,2023-01-10 10:00:00,2023-01-10 12:40:00,293.45,290.4818610804226,290.4818610804226,299.3862778391548,2.9681389195773957,-0.010114632542434387,-0.011114632542434388,-0.9999999999999915,stop,2023-01-10,2023-01-10 09:55:00,2023,2023-01,2023Q1,75.97,70-80,0.9317,0.3618,1.0,0.6119,1.0
1,29880,29881,2023-01-11 11:50:00,2023-01-11 12:05:00,296.5,294.8795074443187,294.8795074443187,299.74098511136265,1.6204925556813181,-0.005465404909549165,-0.006465404909549165,-1.0000000000000033,stop,2023-01-11,2023-01-11 11:45:00,2023,2023-01,2023Q1,91.11,80+,0.8839,1.0,0.6819,0.9495,1.0
1,30055,30056,2023-01-13 13:55:00,2023-01-13 15:05:00,305.9,308.8797680884146,304.41011595579266,308.8797680884146,1.4898840442073118,0.00974098753976671,0.00874098753976671,2.0000000000000044,target,2023-01-13,2023-01-13 13:50:00,2023,2023-01,2023Q1,54.48,50-60,0.0417,0.4476,0.5528,0.9231,1.0
-1,30104,30105,2023-01-16 11:45:00,2023-01-16 12:45:00,308.35,305.39644757111006,309.82677621444503,305.39644757111006,1.476776214444984,0.009578571197956798,0.008578571197956797,1.999999999999997,target,2023-01-16,2023-01-16 11:40:00,2023,2023-01,2023Q1,55.85,50-60,0.4839,0.3609,0.1724,1.0,1.0
1,30334,30335,2023-01-19 12:10:00,2023-01-19 12:15:00,313.55,312.23323278717453,312.23323278717453,316.1835344256509,1.3167672128254666,-0.004199544611148132,-0.005199544611148132,-1.0000000000000118,stop,2023-01-19,2023-01-19 12:05:00,2023,2023-01,2023Q1,44.74,40-50,0.0083,0.0742,0.582,1.0,1.0
1,30771,30772,2023-01-30 11:05:00,2023-01-30 11:25:00,303.85,301.69444326800374,301.69444326800374,308.1611134639926,2.155556731996298,-0.007094147546474527,-0.008094147546474528,-0.9999999999999938,stop,2023-01-30,2023-01-30 11:00:00,2023,2023-01,2023Q1,72.49,70-80,0.8839,1.0,0.9933,0.4534,0.0862
1,31249,31250,2023-02-07 13:25:00,2023-02-07 13:50:00,319.0,317.9559328626513,317.9559328626513,321.0881342746973,1.0440671373486732,-0.0032729377346354394,-0.004272937734635439,-1.0000000000000169,stop,2023-02-07,2023-02-07 13:20:00,2023,2023-02,2023Q1,65.24,60-70,1.0,0.0026,0.6203,1.0,1.0
1,31438,31439,2023-02-10 10:25:00,2023-02-10 11:20:00,323.75,321.65022730602647,321.65022730602647,327.9495453879471,2.0997726939735606,-0.006485784382929793,-0.0074857843829297934,-0.9999999999999876,stop,2023-02-10,2023-02-10 10:20:00,2023,2023-02,2023Q1,76.19,70-80,1.0,0.4681,1.0,0.2571,1.0
1,31508,31509,2023-02-13 10:00:00,2023-02-13 15:25:00,331.8,333.8,329.03915464224883,337.32169071550237,2.7608453577511667,0.006027727546714878,0.005027727546714878,0.7244158005391111,eod,2023-02-13,2023-02-13 09:55:00,2023,2023-02,2023Q1,99.51,80+,1.0,1.0,0.9729,1.0,1.0
1,35659,35660,2023-05-09 12:10:00,2023-05-09 12:35:00,315.25,317.2802100731912,314.23489496340443,317.2802100731912,1.0151050365955991,0.00644000023216873,0.00544000023216873,2.000000000000001,target,2023-05-09,2023-05-09 12:05:00,2023,2023-05,2023Q2,61.08,60-70,0.4639,1.0,0.5288,0.388,0.435
1,35791,35792,2023-05-11 10:40:00,2023-05-11 11:25:00,322.95,321.31295080583084,321.31295080583084,326.2240983883383,1.6370491941691465,-0.005069048441458945,-0.006069048441458945,-1.0000000000000029,stop,2023-05-11,2023-05-11 10:35:00,2023,2023-05,2023Q2,84.56,80+,1.0,1.0,0.5244,0.4263,1.0
1,35937,35938,2023-05-15 10:20:00,2023-05-15 14:15:00,339.4,337.26754687897164,337.26754687897164,343.6649062420566,2.132453121028309,-0.006283008606447704,-0.007283008606447704,-1.0000000000000118,stop,2023-05-15,2023-05-15 10:15:00,2023,2023-05,2023Q2,99.27,80+,1.0,1.0,1.0,0.9392,1.0
1,36018,36019,2023-05-16 10:50:00,2023-05-16 11:10:00,342.5,340.36633250366407,340.36633250366407,346.7673349926719,2.1336674963359488,-0.00622968612068886,-0.00722968612068886,-0.9999999999999919,stop,2023-05-16,2023-05-16 10:45:00,2023,2023-05,2023Q2,67.86,60-70,0.1756,1.0,0.2224,1.0,1.0
1,36318,36319,2023-05-22 10:50:00,2023-05-22 13:50:00,346.55,350.6935565745747,344.4782217127127,350.6935565745747,2.071778287287334,0.011956590894747432,0.010956590894747431,2.0000000000000098,target,2023-05-22,2023-05-22 10:45:00,2023,2023-05,2023Q2,62.01,60-70,1.0,0.0589,1.0,0.0535,0.986
1,36711,36712,2023-05-29 12:20:00,2023-05-29 13:30:00,388.1,385.3106343223306,385.3106343223306,393.6787313553388,2.789365677669405,-0.00718723441811242,-0.008187234418112421,-1.0000000000000064,stop,2023-05-29,2023-05-29 12:15:00,2023,2023-05,2023Q2,57.62,50-60,0.1578,1.0,0.021,0.4808,1.0
-1,36780,36781,2023-05-30 11:50:00,2023-05-30 13:40:00,377.9,379.4399572522233,379.4399572522233,374.82008549555337,1.539957252223291,-0.004075039037373163,-0.005075039037373163,-1.0000000000000078,stop,2023-05-30,2023-05-30 11:45:00,2023,2023-05,2023Q2,39.06,<40,0.09,1.0,0.2604,0.2947,0.0429
-1,39834,39835,2023-07-27 10:05:00,2023-07-27 12:45:00,394.0,396.51294065972695,396.51294065972695,388.97411868054604,2.512940659726972,-0.006378021979002391,-0.007378021979002391,-0.9999999999999916,stop,2023-07-27,2023-07-27 10:00:00,2023,2023-07,2023Q3,79.29,70-80,0.6406,1.0,0.6509,0.4568,1.0
1,40902,40903,2023-08-17 11:35:00,2023-08-17 11:50:00,417.1,420.21167530288983,415.5441623485551,420.21167530288983,1.5558376514449057,0.00746026205439887,0.0064602620543988696,1.9999999999999973,target,2023-08-17,2023-08-17 11:30:00,2023,2023-08,2023Q3,56.91,50-60,0.61,0.1866,0.685,0.4945,1.0
1,40990,40991,2023-08-18 12:40:00,2023-08-18 13:15:00,427.6,425.8086580890373,425.8086580890373,431.1826838219255,1.7913419109627235,-0.004189293524234583,-0.005189293524234583,-1.0000000000000027,stop,2023-08-18,2023-08-18 12:35:00,2023,2023-08,2023Q3,68.4,60-70,0.4306,0.569,0.7544,1.0,0.8706
1,41650,41651,2023-08-31 11:25:00,2023-08-31 12:20:00,422.8,427.1525221568553,420.62373892157234,427.1525221568553,2.176261078427644,0.01029451787335689,0.009294517873356889,1.9999999999999991,target,2023-08-31,2023-08-31 11:20:00,2023,2023-08,2023Q3,92.49,80+,1.0,0.9693,1.0,0.4456,1.0
1,41828,41829,2023-09-04 13:45:00,2023-09-04 13:50:00,438.85,437.73579195079225,437.73579195079225,441.0784160984156,1.1142080492077702,-0.0025389268524730335,-0.0035389268524730335,-1.0000000000000047,stop,2023-09-04,2023-09-04 13:40:00,2023,2023-09,2023Q3,64.29,60-70,0.5383,0.4046,0.6917,1.0,0.8334
1,42102,42103,2023-09-08 11:35:00,2023-09-08 12:15:00,456.7,455.3956190717128,455.3956190717128,459.3087618565744,1.3043809282871928,-0.002856100127626826,-0.003856100127626826,-0.9999999999999852,stop,2023-09-08,2023-09-08 11:30:00,2023,2023-09,2023Q3,48.11,40-50,0.0711,1.0,0.6672,0.0701,0.2848
-1,42494,42495,2023-09-15 13:00:00,2023-09-15 13:05:00,446.7,447.84281688915024,447.84281688915024,444.41436622169954,1.1428168891502328,-0.0025583543522504915,-0.0035583543522504915,-1.0000000000000182,stop,2023-09-15,2023-09-15 12:55:00,2023,2023-09,2023Q3,69.58,60-70,0.4011,1.0,0.0419,1.0,1.0
-1,43748,43749,2023-10-12 11:15:00,2023-10-12 11:35:00,396.55,398.81764878977384,398.81764878977384,392.01470242045235,2.267648789773818,-0.005718443550053687,-0.006718443550053687,-1.0000000000000053,stop,2023-10-12,2023-10-12 11:10:00,2023,2023-10,2023Q4,30.49,<40,0.0717,0.63,0.5295,0.1431,0.0012
-1,44115,44116,2023-10-19 10:35:00,2023-10-19 11:20:00,381.3,377.08842262336924,383.4057886883154,377.08842262336924,2.105788688315382,0.011045311766668675,0.010045311766668674,2.0000000000000036,target,2023-10-19,2023-10-19 10:30:00,2023,2023-10,2023Q4,76.93,70-80,1.0,0.7256,0.6669,0.2675,0.9701
1,45842,45843,2023-11-23 10:45:00,2023-11-23 11:15:00,481.9,475.2489453775489,475.2489453775489,495.20210924490215,6.651054622451076,-0.013801731941172513,-0.014801731941172513,-0.9999999999999971,stop,2023-11-23,2023-11-23 10:40:00,2023,2023-11,2023Q4,100.0,80+,1.0,1.0,1.0,1.0,1.0
-1,45995,45996,2023-11-28 11:00:00,2023-11-28 11:45:00,412.5,415.6635796580601,415.6635796580601,406.17284068387977,3.1635796580601134,-0.007669284019539591,-0.008669284019539591,-0.9999999999999916,stop,2023-11-28,2023-11-28 10:55:00,2023,2023-11,2023Q4,100.0,80+,1.0,1.0,1.0,1.0,1.0
1,46139,46140,2023-11-30 10:30:00,2023-11-30 11:55:00,445.2,442.4169623363097,442.4169623363097,450.7660753273805,2.7830376636902643,-0.006251207690229688,-0.007251207690229688,-1.0000000000000004,stop,2023-11-30,2023-11-30 10:25:00,2023,2023-11,2023Q4,65.91,60-70,0.8283,0.3532,0.6613,0.4911,1.0
1,46286,46287,2023-12-04 10:15:00,2023-12-04 15:10:00,466.05,470.93453383814443,463.6077330809278,470.93453383814443,2.4422669190722175,0.010480707731240102,0.009480707731240101,1.9999999999999942,target,2023-12-04,2023-12-04 10:10:00,2023,2023-12,2023Q4,51.25,50-60,0.6011,0.0151,0.846,0.1983,1.0
1,47191,47192,2023-12-20 10:40:00,2023-12-20 11:20:00,454.35,452.8836324044677,452.8836324044677,457.2827351910647,1.4663675955323434,-0.003227396490662171,-0.004227396490662171,-1.0000000000000024,stop,2023-12-20,2023-12-20 10:35:00,2023,2023-12,2023Q4,66.27,60-70,0.7567,1.0,0.041,0.0742,1.0
1,47937,47938,2024-01-04 10:20:00,2024-01-04 10:40:00,459.4,457.39302281308113,457.39302281308113,463.4139543738376,2.006977186918825,-0.004368692178752354,-0.005368692178752354,-1.0000000000000104,stop,2024-01-04,2024-01-04 10:15:00,2024,2024-01,2024Q1,62.62,60-70,0.2317,1.0,0.316,0.3194,1.0
1,48912,48913,2024-01-23 10:20:00,2024-01-23 10:30:00,467.55,464.11680198706813,464.11680198706813,474.4163960258638,3.433198012931892,-0.007342953722450862,-0.008342953722450863,-0.9999999999999971,stop,2024-01-23,2024-01-23 10:15:00,2024,2024-01,2024Q1,70.97,70-80,0.0539,1.0,0.654,0.8348,1.0
1,49076,49077,2024-01-25 11:30:00,2024-01-25 11:30:00,455.5,451.9295709313202,451.9295709313202,462.64085813735954,3.5704290686797804,-0.007838483136508922,-0.008838483136508923,-1.0000000000000056,stop,2024-01-25,2024-01-25 11:25:00,2024,2024-01,2024Q1,72.63,70-80,0.2739,1.0,0.367,1.0,1.0
1,49159,49160,2024-01-29 12:10:00,2024-01-29 13:10:00,461.1,459.0441467710613,459.0441467710613,465.2117064578774,2.0558532289386973,-0.004458584317802439,-0.005458584317802439,-1.0000000000000022,stop,2024-01-29,2024-01-29 12:05:00,2024,2024-01,2024Q1,49.91,40-50,0.0583,0.5468,0.2609,0.7187,1.0
-1,49511,49512,2024-02-05 10:15:00,2024-02-05 10:25:00,442.5,444.8768244478391,444.8768244478391,437.74635110432183,2.3768244478390956,-0.005371354684382101,-0.006371354684382101,-1.000000000000007,stop,2024-02-05,2024-02-05 10:10:00,2024,2024-02,2024Q1,67.55,60-70,1.0,0.4352,0.4639,0.4182,1.0
-1,50067,50068,2024-02-14 12:50:00,2024-02-14 13:00:00,425.3,426.7615014485457,426.7615014485457,422.3769971029087,1.461501448545648,-0.003436401242759679,-0.004436401242759679,-1.0000000000000189,stop,2024-02-14,2024-02-14 12:45:00,2024,2024-02,2024Q1,52.92,50-60,0.1067,1.0,0.0128,0.1956,1.0
1,50596,50597,2024-02-23 13:10:00,2024-02-23 13:30:00,430.75,428.95003107153326,428.95003107153326,434.34993785693354,1.799968928466766,-0.0041786858467016685,-0.0051786858467016686,-0.9999999999999855,stop,2024-02-23,2024-02-23 13:05:00,2024,2024-02,2024Q1,53.99,50-60,0.2567,1.0,0.3738,0.2752,0.5159
1,50893,50894,2024-02-29 12:55:00,2024-02-29 13:15:00,434.8,433.0094160649539,433.0094160649539,438.38116787009227,1.790583935046119,-0.004118178323473165,-0.005118178323473165,-1.0000000000000058,stop_same_bar,2024-02-29,2024-02-29 12:50:00,2024,2024-02,2024Q1,35.73,<40,0.2106,0.0582,0.1638,1.0,0.726
1,51338,51339,2024-03-11 12:30:00,2024-03-11 12:50:00,461.3,466.09057965396056,458.90471017301974,466.09057965396056,2.395289826980269,0.010384954810233049,0.009384954810233048,2.0000000000000044,target,2024-03-11,2024-03-11 12:25:00,2024,2024-03,2024Q1,38.21,<40,0.2406,0.6109,0.2569,0.8028,0.0775
-1,51480,51481,2024-03-13 11:50:00,2024-03-13 12:00:00,453.85,455.8347902553121,455.8347902553121,449.8804194893758,1.9847902553120944,-0.004373229602979034,-0.005373229602979034,-0.9999999999999915,stop,2024-03-13,2024-03-13 11:45:00,2024,2024-03,2024Q1,80.14,80+,0.895,1.0,0.0249,1.0,1.0
1,51612,51613,2024-03-15 10:20:00,2024-03-15 12:15:00,475.1,484.10080540494516,470.59959729752745,484.10080540494516,4.5004027024725755,0.018945075573447934,0.017945075573447933,1.9999999999999976,target,2024-03-15,2024-03-15 10:15:00,2024,2024-03,2024Q1,86.53,80+,0.9117,1.0,0.7654,0.3918,1.0
1,51855,51856,2024-03-20 11:50:00,2024-03-20 12:50:00,493.75,504.0116670709932,488.6191664645034,504.0116670709932,5.130833535496598,0.020783123181758345,0.019783123181758344,2.000000000000003,target,2024-03-20,2024-03-20 11:45:00,2024,2024-03,2024Q1,85.23,80+,0.9744,1.0,1.0,1.0,0.2896
1,51948,51949,2024-03-21 13:20:00,2024-03-21 13:20:00,528.75,525.8545070240974,525.8545070240974,534.5409859518053,2.8954929759026307,-0.005476109647097105,-0.006476109647097105,-0.999999999999984,stop,2024-03-21,2024-03-21 13:15:00,2024,2024-03,2024Q1,78.13,70-80,0.5217,0.8934,0.7935,0.6125,1.0
1,52147,52148,2024-03-27 11:10:00,2024-03-27 11:10:00,545.0,551.2631242150783,541.8684378924609,551.2631242150783,3.13156210753912,0.011491971036840853,0.010491971036840853,2.000000000000012,target,2024-03-27,2024-03-27 11:05:00,2024,2024-03,2024Q1,81.55,80+,0.785,0.9476,0.4569,0.7932,1.0
1,53078,53079,2024-04-16 13:45:00,2024-04-16 14:20:00,508.25,512.9718030998221,505.88909845008897,512.9718030998221,2.3609015499110453,0.009290315985877262,0.008290315985877261,1.9999999999999907,target,2024-04-16,2024-04-16 13:40:00,2024,2024-04,2024Q2,85.34,80+,0.6633,1.0,0.5973,1.0,1.0
1,53363,53364,2024-04-23 12:30:00,2024-04-23 13:15:00,541.0,539.2252242801964,539.2252242801964,544.5495514396073,1.7747757198036302,-0.00328054661701227,-0.00428054661701227,-1.0000000000000069,stop,2024-04-23,2024-04-23 12:25:00,2024,2024-04,2024Q2,43.29,40-50,0.1644,0.0939,0.3198,0.9407,1.0
1,53635,53636,2024-04-29 10:10:00,2024-04-29 14:35:00,560.15,556.5868615786535,556.5868615786535,567.2762768426929,3.563138421346462,-0.006361043330083915,-0.007361043330083915,-1.0000000000000049,stop,2024-04-29,2024-04-29 10:05:00,2024,2024-04,2024Q2,72.7,70-80,0.8711,0.507,0.6404,0.6512,1.0
-1,54039,54040,2024-05-07 12:35:00,2024-05-07 13:10:00,561.4,567.2409613434029,567.2409613434029,549.7180773131943,5.840961343402869,-0.010404277419670205,-0.011404277419670206,-1.000000000000007,stop,2024-05-07,2024-05-07 12:30:00,2024,2024-05,2024Q2,68.13,60-70,0.2278,0.844,0.4161,1.0,1.0
1,54310,54311,2024-05-13 10:10:00,2024-05-13 11:55:00,589.2,597.6136105662049,584.9931947168976,597.6136105662049,4.206805283102429,0.014279719223022402,0.013279719223022401,1.9999999999999987,target,2024-05-13,2024-05-13 10:05:00,2024,2024-05,2024Q2,40.74,40-50,0.1933,0.2208,0.3835,0.2832,1.0
1,54499,54500,2024-05-15 13:25:00,2024-05-15 13:50:00,644.55,640.4348617469548,640.4348617469548,652.7802765060903,4.1151382530451635,-0.006384513618873933,-0.007384513618873933,-1.000000000000006,stop,2024-05-15,2024-05-15 13:20:00,2024,2024-05,2024Q2,81.67,80+,0.7622,0.6835,1.0,1.0,0.7881
-1,54555,54556,2024-05-16 11:50:00,2024-05-16 13:05:00,630.0,623.5277872009672,633.2361063995164,623.5277872009672,3.2361063995163994,0.01027335364925841,0.009273353649258409,2.00000000000001,target,2024-05-16,2024-05-16 11:45:00,2024,2024-05,2024Q2,59.23,50-60,0.1217,1.0,0.5174,1.0,0.3619
1,54608,54609,2024-05-17 10:00:00,2024-05-17 15:25:00,657.0,653.9,648.8833210303183,673.2333579393634,8.116678969681695,-0.004718417047184231,-0.005718417047184231,-0.3819296058867772,eod,2024-05-17,2024-05-17 09:55:00,2024,2024-05,2024Q2,52.71,50-60,0.4261,0.1358,1.0,0.7645,0.6178
-1,54708,54709,2024-05-21 12:05:00,2024-05-21 12:35:00,642.7,645.5838051621854,645.5838051621854,636.9323896756293,2.8838051621853427,-0.004487015967302499,-0.005487015967302499,-1.0000000000000038,stop,2024-05-21,2024-05-21 12:00:00,2024,2024-05,2024Q2,67.43,60-70,1.0,0.2714,0.3241,1.0,1.0
1,55209,55210,2024-05-30 10:05:00,2024-05-30 11:20:00,651.0,662.4335786763064,645.2832106618467,662.4335786763064,5.716789338153207,0.01756310088526325,0.01656310088526325,1.9999999999999993,target,2024-05-30,2024-05-30 10:00:00,2024,2024-05,2024Q2,74.1,70-80,0.4378,0.9309,0.9026,0.1794,1.0
1,55361,55362,2024-06-03 10:15:00,2024-06-03 10:20:00,674.5,666.1036296723614,666.1036296723614,691.2927406552772,8.396370327638568,-0.012448288106209904,-0.013448288106209905,-1.0000000000000013,stop,2024-06-03,2024-06-03 10:10:00,2024,2024-06,2024Q2,88.91,80+,0.9122,1.0,0.84,0.4764,1.0
-1,55434,55435,2024-06-04 10:05:00,2024-06-04 11:00:00,651.35,631.2485007438788,661.4007496280607,631.2485007438788,10.050749628060629,0.030861286951901712,0.02986128695190171,1.9999999999999944,target,2024-06-04,2024-06-04 10:00:00,2024,2024-06,2024Q2,74.47,70-80,0.6011,0.6323,1.0,0.4618,1.0
-1,55512,55513,2024-06-05 10:20:00,2024-06-05 10:50:00,591.5,605.4879466371607,605.4879466371607,563.5241067256786,13.987946637160686,-0.023648261432224427,-0.024648261432224428,-1.0000000000000002,stop,2024-06-05,2024-06-05 10:15:00,2024,2024-06,2024Q2,70.06,70-80,0.27,0.6373,1.0,0.69,1.0
1,55584,55585,2024-06-06 10:05:00,2024-06-06 15:25:00,655.1,657.0,646.3750267679845,672.5499464640311,8.724973232015534,0.0029003205617461614,0.0019003205617461614,0.2177657110772663,eod,2024-06-06,2024-06-06 10:00:00,2024,2024-06,2024Q2,70.37,70-80,0.5144,0.3234,1.0,1.0,1.0
-1,56033,56034,2024-06-14 10:00:00,2024-06-14 11:35:00,667.0,670.3186412671126,670.3186412671126,660.3627174657746,3.3186412671126946,-0.004975474163587235,-0.005975474163587235,-0.9999999999999832,stop,2024-06-14,2024-06-14 09:55:00,2024,2024-06,2024Q2,38.99,<40,0.125,1.0,0.0964,0.0196,0.3137
1,56684,56685,2024-06-27 14:15:00,2024-06-27 14:25:00,698.8,695.5238416975992,695.5238416975992,705.3523166048014,3.276158302400754,-0.00468826316886195,-0.00568826316886195,-0.9999999999999973,stop,2024-06-27,2024-06-27 14:10:00,2024,2024-06,2024Q2,59.65,50-60,0.6233,0.1697,0.5103,1.0,1.0
1,56895,56896,2024-07-02 13:05:00,2024-07-02 14:30:00,721.15,724.3290120881069,719.5604939559465,724.3290120881069,1.5895060440534692,0.0044082536061942346,0.0034082536061942345,1.999999999999977,target,2024-07-02,2024-07-02 13:00:00,2024,2024-07,2024Q3,56.9,50-60,0.4006,0.715,0.1245,0.4858,1.0
1,57131,57132,2024-07-05 14:00:00,2024-07-05 15:25:00,769.3,770.1,763.742753493203,780.4144930135936,5.557246506796845,0.001039906408423441,3.9906408423441043e-05,0.14395618388020406,eod,2024-07-05,2024-07-05 13:55:00,2024,2024-07,2024Q3,41.98,40-50,0.4894,0.0114,1.0,1.0,0.0447
-1,57705,57706,2024-07-18 11:50:00,2024-07-18 15:25:00,690.5,688.85,693.8032316446306,683.8935367107388,3.303231644630642,0.0023895727733526106,0.0013895727733526106,0.4995108359058105,eod,2024-07-18,2024-07-18 11:45:00,2024,2024-07,2024Q3,84.47,80+,1.0,0.563,1.0,1.0,0.8354
1,58060,58061,2024-07-25 10:10:00,2024-07-25 11:15:00,720.15,735.8181048168066,712.3159475915967,735.8181048168066,7.8340524084033065,0.02175672403916762,0.020756724039167618,1.9999999999999971,target,2024-07-25,2024-07-25 10:05:00,2024,2024-07,2024Q3,100.0,80+,1.0,1.0,1.0,1.0,1.0
-1,58591,58592,2024-08-05 10:40:00,2024-08-05 12:55:00,698.95,686.5574797909609,705.1462601045197,686.5574797909609,6.196260104519588,0.017730195592015385,0.016730195592015384,1.9999999999999978,target,2024-08-05,2024-08-05 10:35:00,2024,2024-08,2024Q3,45.23,40-50,0.0533,0.2775,0.6884,0.3248,1.0
1,59607,59608,2024-08-23 14:05:00,2024-08-23 14:50:00,756.4,754.0616774974753,754.0616774974753,761.0766450050492,2.3383225025245924,-0.003091383530572034,-0.004091383530572034,-1.0000000000000235,stop,2024-08-23,2024-08-23 14:00:00,2024,2024-08,2024Q3,70.88,70-80,0.1694,1.0,0.3972,1.0,1.0
1,60615,60616,2024-09-12 10:35:00,2024-09-12 11:15:00,698.9,705.7375810928066,695.4812094535966,705.7375810928066,3.418790546403356,0.009783346820441574,0.008783346820441573,1.9999999999999845,target,2024-09-12,2024-09-12 10:30:00,2024,2024-09,2024Q3,81.84,80+,1.0,1.0,1.0,0.1575,0.5975
1,60695,60696,2024-09-13 11:00:00,2024-09-13 11:05:00,732.25,728.5509439925208,728.5509439925208,739.6481120149582,3.699056007479128,-0.005051629918032319,-0.006051629918032319,-1.000000000000008,stop,2024-09-13,2024-09-13 10:55:00,2024,2024-09,2024Q3,69.38,60-70,0.3094,1.0,0.3356,0.7112,1.0
1,60844,60845,2024-09-17 10:55:00,2024-09-17 11:00:00,726.0,732.5437850736371,722.7281074631815,732.5437850736371,3.271892536818527,0.009013478062861013,0.008013478062861012,2.0000000000000084,target,2024-09-17,2024-09-17 10:50:00,2024,2024-09,2024Q3,38.73,<40,0.0972,0.2398,0.3012,0.3714,1.0
1,60911,60912,2024-09-18 10:15:00,2024-09-18 11:10:00,739.85,735.9332039370249,735.9332039370249,747.6835921259501,3.916796062975066,-0.005294040769041164,-0.006294040769041164,-1.0000000000000073,stop,2024-09-18,2024-09-18 10:10:00,2024,2024-09,2024Q3,54.53,50-60,0.1733,0.771,0.3624,0.2169,1.0
1,61105,61106,2024-09-20 13:55:00,2024-09-20 14:30:00,734.0,737.6660134874933,732.1669932562534,737.6660134874933,1.8330067437466426,0.00499456878405069,0.00399456878405069,1.9999999999999938,target,2024-09-20,2024-09-20 13:50:00,2024,2024-09,2024Q3,53.38,50-60,0.5133,0.4774,0.0958,0.5829,1.0
1,61136,61137,2024-09-23 10:15:00,2024-09-23 11:20:00,753.8,763.5139048710274,748.9430475644863,763.5139048710274,4.856952435513714,0.012886581150208798,0.011886581150208797,2.000000000000008,target,2024-09-23,2024-09-23 10:10:00,2024,2024-09,2024Q3,95.64,80+,1.0,1.0,0.8322,0.8881,1.0
1,61210,61211,2024-09-24 10:10:00,2024-09-24 10:15:00,782.5,776.4742468839326,776.4742468839326,794.551506232135,6.025753116067493,-0.007700642959830639,-0.00870064295983064,-0.9999999999999927,stop,2024-09-24,2024-09-24 10:05:00,2024,2024-09,2024Q3,93.54,80+,0.8767,1.0,0.9923,0.6996,1.0
1,62079,62080,2024-10-10 13:50:00,2024-10-10 14:40:00,820.7,829.9667681153056,816.0666159423473,829.9667681153056,4.633384057652764,0.01129129781321514,0.010291297813215139,2.0000000000000115,target,2024-10-10,2024-10-10 13:45:00,2024,2024-10,2024Q4,35.41,<40,0.0028,0.4286,0.4978,0.5281,0.4026
-1,62259,62260,2024-10-15 10:05:00,2024-10-15 10:35:00,834.15,839.7768709736711,839.7768709736711,822.8962580526579,5.626870973671057,-0.006745634446647664,-0.007745634446647664,-1.0000000000000058,stop,2024-10-15,2024-10-15 10:00:00,2024,2024-10,2024Q4,51.52,50-60,0.1806,0.1031,0.7439,0.9398,1.0
1,62573,62574,2024-10-21 11:15:00,2024-10-21 11:55:00,844.55,838.6849251204184,838.6849251204184,856.2801497591632,5.865074879581622,-0.00694461533311419,-0.007944615333114191,-0.9999999999999937,stop,2024-10-21,2024-10-21 11:10:00,2024,2024-10,2024Q4,59.58,50-60,0.4333,0.2805,0.9188,0.5433,0.9569
1,64213,64214,2024-11-25 10:25:00,2024-11-25 12:40:00,749.75,758.6391843631905,745.3054078184048,758.6391843631905,4.444592181595238,0.011856197883548525,0.010856197883548524,1.999999999999995,target,2024-11-25,2024-11-25 10:20:00,2024,2024-11,2024Q4,78.05,70-80,1.0,0.3998,1.0,0.5717,1.0
1,64382,64383,2024-11-27 12:00:00,2024-11-27 13:05:00,754.25,761.3754551019174,750.6872724490413,761.3754551019174,3.5627275509586824,0.009447073386698479,0.008447073386698478,2.000000000000009,target,2024-11-27,2024-11-27 11:55:00,2024,2024-11,2024Q4,65.12,60-70,0.1861,0.8433,0.301,1.0,1.0
1,64962,64963,2024-12-09 10:20:00,2024-12-09 10:40:00,798.6,794.2911567633669,794.2911567633669,807.2176864732664,4.308843236633197,-0.005395496164078528,-0.006395496164078528,-0.9999999999999895,stop,2024-12-09,2024-12-09 10:15:00,2024,2024-12,2024Q4,62.94,60-70,1.0,0.0501,1.0,0.2861,0.9051
-1,65056,65057,2024-12-10 11:55:00,2024-12-10 12:00:00,780.5,782.9286960804246,782.9286960804246,775.6426078391507,2.4286960804246362,-0.003111718232446714,-0.004111718232446714,-0.9999999999999971,stop,2024-12-10,2024-12-10 11:50:00,2024,2024-12,2024Q4,61.76,60-70,0.8928,0.1014,0.4043,1.0,1.0
-1,65275,65276,2024-12-13 11:25:00,2024-12-13 12:00:00,764.05,767.5051153920559,767.5051153920559,757.139769215888,3.455115392055949,-0.004522106396251502,-0.005522106396251502,-1.0000000000000069,stop,2024-12-13,2024-12-13 11:20:00,2024,2024-12,2024Q4,70.3,70-80,0.3628,1.0,0.2949,0.7508,1.0
-1,65797,65798,2024-12-24 11:10:00,2024-12-24 13:30:00,718.0,712.359871794416,720.820064102792,712.359871794416,2.8200641027919753,0.007855331762651852,0.0068553317626518515,2.0000000000000195,target,2024-12-24,2024-12-24 11:05:00,2024,2024-12,2024Q4,44.64,40-50,0.2528,0.1621,0.2875,0.7808,1.0
1,65863,65864,2024-12-26 10:25:00,2024-12-26 12:45:00,724.8,732.9281641598325,720.7359179200837,732.9281641598325,4.06408207991624,0.01121435452515529,0.01021435452515529,2.0000000000000107,target,2024-12-26,2024-12-26 10:20:00,2024,2024-12,2024Q4,68.48,60-70,0.845,0.6461,0.2899,0.548,1.0
-1,66704,66705,2025-01-10 11:45:00,2025-01-10 13:30:00,665.45,658.5913276894227,668.8793361552888,658.5913276894227,3.429336155288705,0.010306818409463347,0.009306818409463347,1.999999999999994,target,2025-01-10,2025-01-10 11:40:00,2025,2025-01,2025Q1,51.16,50-60,0.3244,0.2398,0.3246,0.9551,1.0
-1,66766,66767,2025-01-13 10:40:00,2025-01-13 11:05:00,635.2,627.6559175303124,638.9720412348438,627.6559175303124,3.7720412348438073,0.011876704139936467,0.010876704139936466,2.000000000000002,target,2025-01-13,2025-01-13 10:35:00,2025,2025-01,2025Q1,72.35,70-80,1.0,0.2853,0.9955,0.5597,0.8862
1,66983,66984,2025-01-16 10:00:00,2025-01-16 11:00:00,624.55,632.3985894477786,620.6257052761107,632.3985894477786,3.924294723889313,0.012566791206114258,0.011566791206114257,2.0000000000000027,target,2025-01-16,2025-01-16 09:55:00,2025,2025-01,2025Q1,42.02,40-50,0.8244,0.089,0.2408,0.2377,0.7099
1,67135,67136,2025-01-20 10:10:00,2025-01-20 11:05:00,662.4,670.6771696770933,658.2614151614533,670.6771696770933,4.138584838546671,0.012495727169524962,0.01149572716952496,1.9999999999999893,target,2025-01-20,2025-01-20 10:05:00,2025,2025-01,2025Q1,97.35,80+,1.0,1.0,0.9759,0.8152,1.0
-1,67314,67315,2025-01-22 12:35:00,2025-01-22 12:45:00,624.25,628.739171534492,628.739171534492,615.271656931016,4.489171534492004,-0.007191304020011335,-0.008191304020011336,-1.0000000000000027,stop,2025-01-22,2025-01-22 12:30:00,2025,2025-01,2025Q1,82.48,80+,1.0,1.0,1.0,1.0,0.1241
-1,67512,67513,2025-01-27 10:20:00,2025-01-27 10:50:00,600.6,592.9837294266604,604.4081352866699,592.9837294266604,3.8081352866698297,0.012681103185713694,0.011681103185713693,1.999999999999997,target,2025-01-27,2025-01-27 10:15:00,2025,2025-01,2025Q1,60.3,60-70,0.3828,1.0,1.0,0.0022,0.2926
-1,67586,67587,2025-01-28 10:15:00,2025-01-28 10:50:00,556.35,539.1799598979042,564.9350200510479,539.1799598979042,8.585020051047918,0.030861939610130062,0.02986193961013006,2.0000000000000036,target,2025-01-28,2025-01-28 10:10:00,2025,2025-01,2025Q1,86.2,80+,0.4117,1.0,1.0,0.9286,1.0
1,67660,67661,2025-01-29 10:10:00,2025-01-29 15:25:00,613.8,618.0,603.6793349541746,634.0413300916508,10.120665045825412,0.006842619745845546,0.005842619745845546,0.41499249120318116,eod,2025-01-29,2025-01-29 10:05:00,2025,2025-01,2025Q1,100.0,80+,1.0,1.0,1.0,1.0,1.0
-1,68709,68710,2025-02-17 10:05:00,2025-02-17 10:30:00,553.45,559.2021931894303,559.2021931894303,541.9456136211395,5.752193189430271,-0.010393338493866144,-0.011393338493866145,-1.0000000000000002,stop,2025-02-17,2025-02-17 10:00:00,2025,2025-02,2025Q1,37.4,<40,0.3044,0.1288,0.0762,0.4774,1.0
1,68784,68785,2025-02-18 10:05:00,2025-02-18 10:15:00,583.65,579.0926824907946,579.0926824907946,592.7646350184107,4.55731750920537,-0.007808305507076896,-0.008808305507076897,-1.0000000000000075,stop,2025-02-18,2025-02-18 10:00:00,2025,2025-02,2025Q1,46.88,40-50,0.0228,0.1084,0.6302,1.0,1.0
1,69161,69162,2025-02-25 10:15:00,2025-02-25 10:40:00,611.2,607.1185348007782,607.1185348007782,619.3629303984436,4.081465199221792,-0.006677789920192745,-0.007677789920192745,-1.0000000000000115,stop,2025-02-25,2025-02-25 10:10:00,2025,2025-02,2025Q1,79.92,70-80,0.5706,0.6204,1.0,1.0,1.0
-1,69244,69245,2025-02-27 10:55:00,2025-02-27 11:15:00,582.35,575.1262049132124,585.9618975433939,575.1262049132124,3.6118975433938285,0.01240455926296491,0.011404559262964908,1.9999999999999891,target,2025-02-27,2025-02-27 10:50:00,2025,2025-02,2025Q1,53.84,50-60,0.3783,0.0227,0.7157,1.0,1.0
1,69427,69428,2025-03-03 13:40:00,2025-03-03 14:35:00,568.75,579.3133296966694,563.4683351516653,579.3133296966694,5.281664848334682,0.018572887378759395,0.017572887378759394,2.0000000000000013,target,2025-03-03,2025-03-03 13:35:00,2025,2025-03,2025Q1,56.59,50-60,0.065,0.7351,0.1431,1.0,1.0
1,69551,69552,2025-03-05 11:30:00,2025-03-05 15:25:00,611.2,612.15,607.9809797074233,617.6380405851534,3.2190202925766696,0.0015543193717275638,0.0005543193717275638,0.295120848473901,eod,2025-03-05,2025-03-05 11:25:00,2025,2025-03,2025Q1,64.09,60-70,0.5606,0.1685,1.0,0.7534,1.0
1,69611,69612,2025-03-06 10:15:00,2025-03-06 11:40:00,620.3,627.4933879252158,616.703306037392,627.4933879252158,3.5966939626078904,0.011596627317774999,0.010596627317774998,2.0000000000000058,target,2025-03-06,2025-03-06 10:10:00,2025,2025-03,2025Q1,60.99,60-70,0.1261,1.0,0.4722,0.1426,1.0
1,70226,70227,2025-03-19 11:30:00,2025-03-19 12:35:00,646.95,653.2412941189856,643.8043529405072,653.2412941189856,3.145647059492794,0.009724544584566841,0.00872454458456684,1.9999999999999871,target,2025-03-19,2025-03-19 11:25:00,2025,2025-03,2025Q1,54.58,50-60,0.8528,0.3028,1.0,0.4536,0.195
1,70508,70509,2025-03-25 10:00:00,2025-03-25 10:15:00,647.15,643.2915919562869,643.2915919562869,654.8668160874262,3.8584080437131094,-0.005962154127656771,-0.006962154127656771,-0.999999999999997,stop,2025-03-25,2025-03-25 09:55:00,2025,2025-03,2025Q1,57.2,50-60,0.5956,0.7014,0.2244,0.0346,1.0
-1,71110,71111,2025-04-07 10:10:00,2025-04-07 15:25:00,540.25,539.6,548.0740501544611,524.6018996910778,7.824050154461092,0.0012031466913465794,0.00020314669134657935,0.08307717705891268,eod,2025-04-07,2025-04-07 10:05:00,2025,2025-04,2025Q2,62.73,60-70,1.0,0.3737,1.0,0.1917,0.4985
1,71347,71348,2025-04-11 11:10:00,2025-04-11 11:30:00,558.3,564.737116228541,555.0814418857294,564.737116228541,3.2185581142705644,0.011529851743759867,0.010529851743759866,1.9999999999999822,target,2025-04-11,2025-04-11 11:05:00,2025,2025-04,2025Q2,41.96,40-50,0.0272,0.2987,0.4392,0.424,1.0
-1,71954,71955,2025-04-25 11:45:00,2025-04-25 11:55:00,619.85,622.9993471797952,622.9993471797952,613.5513056404095,3.149347179795243,-0.005080821456473705,-0.006080821456473705,-0.9999999999999863,stop,2025-04-25,2025-04-25 11:40:00,2025,2025-04,2025Q2,68.66,60-70,1.0,0.5316,0.9675,1.0,0.1179
1,72332,72333,2025-05-05 12:00:00,2025-05-05 12:35:00,635.45,632.6544607444799,632.6544607444799,641.0410785110403,2.7955392555201373,-0.004399306405728387,-0.005399306405728387,-0.9999999999999908,stop,2025-05-05,2025-05-05 11:55:00,2025,2025-05,2025Q2,55.31,50-60,0.3678,0.219,0.5048,1.0,1.0
1,72383,72384,2025-05-06 10:00:00,2025-05-06 11:20:00,643.85,640.0159065945174,640.0159065945174,651.5181868109651,3.8340934054825206,-0.005954948210736277,-0.006954948210736277,-1.0000000000000147,stop,2025-05-06,2025-05-06 09:55:00,2025,2025-05,2025Q2,54.58,50-60,1.0,0.0325,0.6281,0.0306,1.0
1,72555,72556,2025-05-08 11:50:00,2025-05-08 12:30:00,628.75,625.7778133009793,625.7778133009793,634.6943733980413,2.972186699020632,-0.0047271359030149895,-0.0057271359030149896,-1.0000000000000073,stop,2025-05-08,2025-05-08 11:45:00,2025,2025-05,2025Q2,59.79,50-60,0.5033,0.0507,0.8583,0.9872,1.0
1,72701,72702,2025-05-12 11:30:00,2025-05-12 14:00:00,636.2,642.2575247646117,633.1712376176943,642.2575247646117,3.0287623823058283,0.009521415851323045,0.008521415851323044,2.0000000000000093,target,2025-05-12,2025-05-12 11:25:00,2025,2025-05,2025Q2,59.56,50-60,0.6711,0.1234,1.0,0.2781,1.0
1,72991,72992,2025-05-16 10:40:00,2025-05-16 10:45:00,683.3,680.1108187412186,680.1108187412186,689.6783625175625,3.1891812587812884,-0.00466732219929944,-0.00566732219929944,-1.0000000000000135,stop,2025-05-16,2025-05-16 10:35:00,2025,2025-05,2025Q2,65.62,60-70,0.5878,0.5558,0.6299,0.482,1.0
-1,73148,73149,2025-05-20 11:15:00,2025-05-20 12:45:00,681.2,675.4757405594936,684.0621297202532,675.4757405594936,2.8621297202532183,0.008403199413544393,0.007403199413544393,2.0000000000000027,target,2025-05-20,2025-05-20 11:10:00,2025,2025-05,2025Q2,43.38,40-50,0.8422,0.0036,0.5252,0.4093,0.5191
-1,73769,73770,2025-05-30 13:00:00,2025-05-30 13:40:00,683.6,679.633925443009,685.5830372784956,679.633925443009,1.9830372784955073,0.005801747450250083,0.004801747450250083,1.99999999999998,target,2025-05-30,2025-05-30 12:55:00,2025,2025-05,2025Q2,69.69,60-70,1.0,0.3152,0.381,1.0,1.0
-1,73837,73838,2025-06-02 12:25:00,2025-06-02 12:30:00,676.35,678.2064084087814,678.2064084087814,672.6371831824373,1.8564084087813755,-0.0027447451892974595,-0.0037447451892974595,-0.9999999999999931,stop,2025-06-02,2025-06-02 12:20:00,2025,2025-06,2025Q2,76.63,70-80,0.6372,0.8502,0.3782,1.0,1.0
1,73886,73887,2025-06-03 10:15:00,2025-06-03 12:05:00,686.25,683.3712793839596,683.3712793839596,692.0074412320806,2.8787206160403125,-0.004194856999694574,-0.005194856999694574,-1.0000000000000195,stop,2025-06-03,2025-06-03 10:10:00,2025,2025-06,2025Q2,63.7,60-70,0.5894,0.7914,0.2595,0.3254,1.0
1,74890,74891,2025-06-20 12:40:00,2025-06-20 13:05:00,685.0,689.7112520681407,682.6443739659296,689.7112520681407,2.3556260340703465,0.006877740245460728,0.005877740245460728,1.9999999999999827,target,2025-06-20,2025-06-20 12:35:00,2025,2025-06,2025Q2,55.94,50-60,1.0,0.1097,0.5804,0.9827,0.4316
-1,75477,75478,2025-07-02 11:35:00,2025-07-02 11:45:00,673.0,669.0760127014355,674.9619936492822,669.0760127014355,1.961993649282253,0.005830590339620301,0.004830590339620301,1.999999999999996,target,2025-07-02,2025-07-02 11:30:00,2025,2025-07,2025Q3,51.54,50-60,0.9789,0.0733,0.2326,0.3141,1.0
1,75687,75688,2025-07-07 10:20:00,2025-07-07 10:50:00,678.4,675.4725324144557,675.4725324144557,684.2549351710885,2.927467585544252,-0.00431525292680468,-0.00531525292680468,-1.000000000000004,stop,2025-07-07,2025-07-07 10:15:00,2025,2025-07,2025Q3,56.36,50-60,0.0778,0.8043,0.074,0.8994,1.0
-1,75770,75771,2025-07-08 11:00:00,2025-07-08 14:25:00,670.0,672.588706141063,672.588706141063,664.8225877178741,2.588706141062989,-0.0038637405090491406,-0.004863740509049141,-0.9999999999999931,stop,2025-07-08,2025-07-08 10:55:00,2025,2025-07,2025Q3,72.5,70-80,0.9522,0.6501,0.3534,0.582,1.0
-1,76370,76371,2025-07-18 11:00:00,2025-07-18 15:00:00,675.45,668.6455013122913,678.8522493438544,668.6455013122913,3.4022493438543564,0.01007402278141789,0.00907402278141789,1.9999999999999967,target,2025-07-18,2025-07-18 10:55:00,2025,2025-07,2025Q3,67.95,60-70,0.5794,1.0,0.6791,1.0,0.1491
-1,76692,76693,2025-07-24 12:50:00,2025-07-24 14:15:00,668.45,663.9236034896254,670.7131982551873,663.9236034896254,2.263198255187318,0.006771481053743145,0.005771481053743145,2.0000000000000013,target,2025-07-24,2025-07-24 12:45:00,2025,2025-07,2025Q3,54.16,50-60,0.8422,0.3204,0.3884,0.8849,0.4525
-1,76831,76832,2025-07-28 11:55:00,2025-07-28 12:25:00,658.25,660.8431741127462,660.8431741127462,653.0636517745077,2.5931741127461954,-0.0039394973228199515,-0.0049394973228199515,-0.9999999999999899,stop,2025-07-28,2025-07-28 11:50:00,2025,2025-07,2025Q3,37.88,<40,0.0411,0.0829,0.3038,1.0,0.8594
1,77259,77260,2025-08-05 10:05:00,2025-08-05 11:35:00,671.55,677.5290274466907,668.5604862766545,677.5290274466907,2.989513723345409,0.008903324319396555,0.007903324319396554,1.9999999999999918,target,2025-08-05,2025-08-05 10:00:00,2025,2025-08,2025Q3,52.64,50-60,1.0,0.1909,0.6972,0.2335,0.497
1,77740,77741,2025-08-13 12:40:00,2025-08-13 15:25:00,669.8,670.15,666.8191587202472,675.7616825595055,2.9808412797527906,0.0005225440429978967,-0.0004774559570021033,0.11741651673216535,eod,2025-08-13,2025-08-13 12:35:00,2025,2025-08,2025Q3,74.49,70-80,0.5111,1.0,0.434,0.6196,1.0
1,78462,78463,2025-08-29 10:20:00,2025-08-29 10:45:00,678.8,687.0994448231226,674.6502775884386,687.0994448231226,4.149722411561325,0.012226642344022709,0.011226642344022708,1.9999999999999876,target,2025-08-29,2025-08-29 10:15:00,2025,2025-08,2025Q3,76.37,70-80,0.5539,1.0,0.4574,0.6624,1.0
1,78535,78536,2025-09-01 10:10:00,2025-09-01 15:25:00,717.5,718.25,712.4408010707373,727.6183978585256,5.059198929262757,0.001045296167247356,4.5296167247355947e-05,0.14824481315845242,eod,2025-09-01,2025-09-01 10:05:00,2025,2025-09,2025Q3,99.02,80+,1.0,1.0,1.0,0.9179,1.0
1,78613,78614,2025-09-02 10:25:00,2025-09-02 10:30:00,726.9,732.7879752928467,723.9560123535766,732.7879752928467,2.9439876464233663,0.008100117337799917,0.007100117337799917,1.9999999999999905,target,2025-09-02,2025-09-02 10:20:00,2025,2025-09,2025Q3,57.22,50-60,0.7889,0.2249,0.5568,0.3848,0.9462
1,79058,79059,2025-09-10 10:00:00,2025-09-10 10:05:00,750.6,756.2333315283591,747.7833342358205,756.2333315283591,2.8166657641795414,0.007505104620782133,0.0065051046207821326,2.0000000000000138,target,2025-09-10,2025-09-10 09:55:00,2025,2025-09,2025Q3,56.91,50-60,1.0,0.0585,0.4465,0.4366,1.0
1,80583,80584,2025-10-09 12:05:00,2025-10-09 15:10:00,757.5,762.8891658425897,754.8054170787052,762.8891658425897,2.694582921294838,0.007114410353253664,0.006114410353253664,2.0000000000000107,target,2025-10-09,2025-10-09 12:00:00,2025,2025-10,2025Q4,41.8,40-50,0.27,0.1275,0.5324,0.6795,0.7275
-1,80643,80644,2025-10-10 10:50:00,2025-10-10 10:55:00,753.5,749.1065074979563,755.6967462510219,749.1065074979563,2.1967462510218696,0.005830779697470145,0.004830779697470145,1.9999999999999947,target,2025-10-10,2025-10-10 10:45:00,2025,2025-10,2025Q4,55.67,50-60,0.0228,1.0,0.2176,0.271,1.0
-1,81113,81114,2025-10-20 12:30:00,2025-10-20 12:30:00,736.85,740.7716538821119,740.7716538821119,729.0066922357762,3.9216538821118867,-0.005322187530856892,-0.006322187530856892,-0.9999999999999919,stop,2025-10-20,2025-10-20 12:25:00,2025,2025-10,2025Q4,65.64,60-70,1.0,0.2979,0.6627,0.9012,0.6279
1,81485,81486,2025-10-29 12:15:00,2025-10-29 12:25:00,730.95,728.5661221568677,728.5661221568677,735.7177556862648,2.383877843132391,-0.00326134187445426,-0.00426134187445426,-0.9999999999999961,stop,2025-10-29,2025-10-29 12:10:00,2025,2025-10,2025Q4,62.96,60-70,0.3217,0.8644,0.2888,0.5405,1.0
1,81711,81712,2025-11-03 12:20:00,2025-11-03 13:05:00,740.3,745.2739227942845,737.8130386028577,745.2739227942845,2.486961397142283,0.006718793454389527,0.005718793454389527,2.0000000000000098,target,2025-11-03,2025-11-03 12:15:00,2025,2025-11,2025Q4,65.55,60-70,0.2172,0.8264,0.3129,1.0,1.0
-1,82451,82452,2025-11-18 11:30:00,2025-11-18 11:35:00,742.65,744.3793793666734,744.3793793666734,739.191241266653,1.7293793666734592,-0.002328660023797946,-0.003328660023797946,-1.0000000000000062,stop,2025-11-18,2025-11-18 11:25:00,2025,2025-11,2025Q4,42.39,40-50,0.33,0.5755,0.1436,0.1526,0.7302
-1,82530,82531,2025-11-19 11:50:00,2025-11-19 12:50:00,723.4,720.0883773378246,725.0558113310877,720.0883773378246,1.6558113310877314,0.0045778582557027825,0.0035778582557027825,1.9999999999999678,target,2025-11-19,2025-11-19 11:45:00,2025,2025-11,2025Q4,59.85,50-60,1.0,0.0003,0.4485,0.8144,1.0
-1,82674,82675,2025-11-21 11:20:00,2025-11-21 13:15:00,715.55,710.5553485686193,718.0473257156902,710.5553485686193,2.497325715690329,0.00698015712582023,0.00598015712582023,2.000000000000018,target,2025-11-21,2025-11-21 11:15:00,2025,2025-11,2025Q4,72.49,70-80,0.4089,1.0,0.3091,0.8275,1.0
-1,82752,82753,2025-11-24 11:35:00,2025-11-24 13:40:00,694.6,687.8463379299665,697.9768310350169,687.8463379299665,3.3768310350167816,0.009723095407477067,0.008723095407477066,1.999999999999998,target,2025-11-24,2025-11-24 11:30:00,2025,2025-11,2025Q4,86.7,80+,1.0,1.0,0.5543,0.5605,1.0
-1,84791,84792,2026-01-01 12:45:00,2026-01-01 12:45:00,638.45,639.8730856158003,639.8730856158003,635.6038287683995,1.423085615800272,-0.002228969560341909,-0.003228969560341909,-0.9999999999999722,stop,2026-01-01,2026-01-01 12:40:00,2026,2026-01,2026Q1,86.92,80+,1.0,1.0,0.2736,1.0,1.0
-1,85164,85165,2026-01-08 12:35:00,2026-01-08 14:45:00,644.25,636.0891296377898,648.330435181105,636.0891296377898,4.080435181105085,0.012667241540101126,0.011667241540101125,2.0000000000000013,target,2026-01-08,2026-01-08 12:30:00,2026,2026-01,2026Q1,57.73,50-60,0.2239,1.0,0.336,1.0,0.3377
-1,85216,85217,2026-01-09 10:40:00,2026-01-09 15:25:00,605.6,596.2,615.3935838701933,586.0128322596133,9.793583870193325,0.015521796565389656,0.014521796565389655,0.9598120692680014,eod,2026-01-09,2026-01-09 10:35:00,2026,2026-01,2026Q1,83.64,80+,0.7983,1.0,1.0,0.1873,0.8913
-1,85319,85320,2026-01-12 13:00:00,2026-01-12 13:05:00,579.9,583.56419153904,583.56419153904,572.5716169219198,3.6641915390400497,-0.006318661043352325,-0.007318661043352325,-1.000000000000007,stop,2026-01-12,2026-01-12 12:55:00,2026,2026-01,2026Q1,64.06,60-70,0.0883,1.0,0.1177,1.0,1.0
1,85585,85586,2026-01-19 10:10:00,2026-01-19 11:30:00,597.75,591.8988050166453,591.8988050166453,609.4523899667095,5.851194983354712,-0.009788699261153888,-0.010788699261153889,-1.000000000000003,stop,2026-01-19,2026-01-19 10:05:00,2026,2026-01,2026Q1,80.69,80+,1.0,1.0,1.0,0.0524,0.6031
-1,85744,85745,2026-01-21 10:55:00,2026-01-21 11:00:00,559.45,562.8194179739272,562.8194179739272,552.7111640521457,3.3694179739271704,-0.006022732994775515,-0.007022732994775515,-1.0,stop,2026-01-21,2026-01-21 10:50:00,2026,2026-01,2026Q1,47.79,40-50,0.8206,0.3074,0.6971,0.4397,0.1654
-1,85904,85905,2026-01-23 11:45:00,2026-01-23 13:15:00,559.25,554.9207753133625,561.4146123433188,554.9207753133625,2.164612343318771,0.007741125948390715,0.006741125948390715,1.9999999999999947,target,2026-01-23,2026-01-23 11:40:00,2026,2026-01,2026Q1,74.47,70-80,0.6906,0.6793,0.5248,0.995,0.9438
1,86033,86034,2026-01-28 10:00:00,2026-01-28 11:50:00,557.9,571.4085165159393,551.1457417420304,571.4085165159393,6.75425825796962,0.024213150234700276,0.023213150234700275,2.0000000000000053,target,2026-01-28,2026-01-28 09:55:00,2026,2026-01,2026Q1,73.21,70-80,0.2417,1.0,0.4384,1.0,1.0
1,86145,86146,2026-01-29 13:05:00,2026-01-29 13:45:00,583.95,590.4966907036512,580.6766546481745,590.4966907036512,3.2733453518256024,0.011211046671206759,0.010211046671206758,1.999999999999988,target,2026-01-29,2026-01-29 13:00:00,2026,2026-01,2026Q1,81.55,80+,0.6361,1.0,0.5401,0.8196,1.0
-1,86285,86286,2026-02-01 12:15:00,2026-02-01 12:25:00,593.65,578.6269455961032,601.1615272019484,578.6269455961032,7.511527201948419,0.025306248469463166,0.024306248469463165,1.9999999999999978,target,2026-02-01,2026-02-01 12:10:00,2026,2026-02,2026Q1,82.58,80+,1.0,1.0,0.0324,1.0,1.0
1,86418,86419,2026-02-03 10:50:00,2026-02-03 15:25:00,661.15,659.9,654.454257379488,674.5414852410238,6.695742620511927,-0.0018906450881041037,-0.0028906450881041037,-0.18668578988844564,eod,2026-02-03,2026-02-03 10:45:00,2026,2026-02,2026Q1,68.4,60-70,1.0,0.2702,1.0,0.0691,1.0
-1,87851,87852,2026-03-02 11:30:00,2026-03-02 12:25:00,711.6,705.7580540636404,714.5209729681799,705.7580540636404,2.9209729681798158,0.00820959237824559,0.007209592378245589,1.999999999999987,target,2026-03-02,2026-03-02 11:25:00,2026,2026-03,2026Q1,58.88,50-60,0.8267,0.3556,0.3378,0.3884,1.0
-1,87932,87933,2026-03-04 12:00:00,2026-03-04 14:00:00,682.8,676.6987968443882,685.8506015778058,676.6987968443882,3.0506015778058626,0.008935564082618308,0.007935564082618307,2.00000000000001,target,2026-03-04,2026-03-04 11:55:00,2026,2026-03,2026Q1,70.41,70-80,0.47,1.0,0.743,1.0,0.3348
1,88208,88209,2026-03-10 10:00:00,2026-03-10 11:30:00,712.95,721.7805852102574,708.5347073948714,721.7805852102574,4.415292605128708,0.012385981078977926,0.011385981078977925,1.9999999999999891,target,2026-03-10,2026-03-10 09:55:00,2026,2026-03,2026Q1,68.67,60-70,1.0,0.8344,0.7253,0.0828,0.4627
-1,88446,88447,2026-03-13 11:05:00,2026-03-13 12:50:00,721.3,711.8402619053859,726.029869047307,711.8402619053859,4.729869047307025,0.013114845549166865,0.012114845549166864,2.0000000000000036,target,2026-03-13,2026-03-13 11:00:00,2026,2026-03,2026Q1,38.22,<40,0.0011,0.0023,0.499,1.0,0.8573
1,90128,90129,2026-04-20 13:45:00,2026-04-20 14:05:00,800.1,797.1422977013837,797.1422977013837,806.0154045972326,2.957702298616316,-0.0036966657900466826,-0.004696665790046683,-1.0000000000000178,stop,2026-04-20,2026-04-20 13:40:00,2026,2026-04,2026Q2,71.94,70-80,0.3794,0.5553,0.8914,1.0,1.0
1,90196,90197,2026-04-21 13:10:00,2026-04-21 14:30:00,813.0,809.9015214229981,809.9015214229981,819.1969571540038,3.098478577001897,-0.003811166761379936,-0.004811166761379936,-0.9999999999999868,stop,2026-04-21,2026-04-21 13:05:00,2026,2026-04,2026Q2,54.49,50-60,0.2078,1.0,0.4678,0.5779,0.328
1,90268,90269,2026-04-22 12:55:00,2026-04-22 15:25:00,826.75,825.7,823.3466100975818,833.5567798048365,3.4033899024182457,-0.0012700332627758604,-0.0022700332627758604,-0.30851592973637465,eod,2026-04-22,2026-04-22 12:50:00,2026,2026-04,2026Q2,52.28,50-60,0.5067,0.1011,0.7031,1.0,0.6822
1,91136,91137,2026-05-11 10:15:00,2026-05-11 10:40:00,870.25,864.1621355990583,864.1621355990583,882.4257288018835,6.087864400941708,-0.006995535077209736,-0.007995535077209737,-1.0000000000000029,stop,2026-05-11,2026-05-11 10:10:00,2026,2026-05,2026Q2,36.35,<40,0.6522,0.0151,0.1639,0.1649,0.8327
1,91401,91402,2026-05-14 13:35:00,2026-05-14 13:55:00,840.6,846.4199346589882,837.690032670506,846.4199346589882,2.9099673294940445,0.006923548250045375,0.005923548250045375,2.0000000000000147,target,2026-05-14,2026-05-14 13:30:00,2026,2026-05,2026Q2,30.17,<40,0.0317,0.136,0.043,0.4074,1.0
-1,91535,91536,2026-05-18 12:15:00,2026-05-18 12:25:00,808.65,812.0207451834393,812.0207451834393,801.9085096331214,3.3707451834393005,-0.004168361075173932,-0.005168361075173932,-1.0000000000000115,stop,2026-05-18,2026-05-18 12:10:00,2026,2026-05,2026Q2,50.09,50-60,1.0,0.243,0.5436,0.7091,0.1497
1,91699,91700,2026-05-20 13:25:00,2026-05-20 14:25:00,842.5,849.384469556768,839.057765221616,849.384469556768,3.44223477838399,0.008171477218715584,0.007171477218715584,1.9999999999999922,target,2026-05-20,2026-05-20 13:20:00,2026,2026-05,2026Q2,65.65,60-70,1.0,0.0477,0.8073,1.0,0.7891
-1,92355,92356,2026-06-03 11:50:00,2026-06-03 12:35:00,895.4,899.1214313817305,899.1214313817305,887.9571372365388,3.7214313817305897,-0.0041561663856717335,-0.0051561663856717335,-0.9999999999999903,stop,2026-06-03,2026-06-03 11:45:00,2026,2026-06,2026Q2,79.26,70-80,0.8667,0.8199,0.2907,1.0,1.0
1,92432,92433,2026-06-04 12:00:00,2026-06-04 12:20:00,941.95,950.7127900415093,937.5686049792454,950.7127900415093,4.381395020754611,0.009302818665013257,0.008302818665013256,1.9999999999999996,target,2026-06-04,2026-06-04 11:55:00,2026,2026-06,2026Q2,69.8,60-70,1.0,0.0603,1.0,1.0,0.8054
1,92750,92751,2026-06-10 13:30:00,2026-06-10 13:40:00,921.65,918.0666699008597,918.0666699008597,928.8166601982806,3.5833300991403068,-0.0038879510650901006,-0.004887951065090101,-1.0000000000000016,stop,2026-06-10,2026-06-10 13:25:00,2026,2026-06,2026Q2,76.19,70-80,0.3556,1.0,0.4651,1.0,1.0
1,92961,92962,2026-06-15 12:20:00,2026-06-15 14:00:00,937.0,942.0042393096315,934.4978803451843,942.0042393096315,2.502119654815753,0.005340703638881061,0.004340703638881061,2.000000000000015,target,2026-06-15,2026-06-15 12:15:00,2026,2026-06,2026Q2,69.98,60-70,1.0,0.0592,0.7956,1.0,1.0
-1,93477,93478,2026-06-24 11:35:00,2026-06-24 12:00:00,928.65,933.2755410753406,933.2755410753406,919.3989178493188,4.625541075340586,-0.00498093046394299,-0.00598093046394299,-1.0000000000000044,stop,2026-06-24,2026-06-24 11:30:00,2026,2026-06,2026Q2,45.33,40-50,0.6567,0.3668,0.5049,0.2909,0.4015
1,93617,93618,2026-06-29 10:45:00,2026-06-29 11:10:00,949.3,944.8624570472876,944.8624570472876,958.1750859054246,4.437542952712281,-0.004674542244508917,-0.005674542244508917,-1.0000000000000056,stop,2026-06-29,2026-06-29 10:40:00,2026,2026-06,2026Q2,54.06,50-60,0.3378,0.4118,0.2613,0.8667,1.0
-1,93917,93918,2026-07-03 10:45:00,2026-07-03 12:40:00,905.0,887.3568576997759,913.821571150112,887.3568576997759,8.821571150112076,0.01949518486212609,0.01849518486212609,1.999999999999994,target,2026-07-03,2026-07-03 10:40:00,2026,2026-07,2026Q3,87.19,80+,0.4689,1.0,1.0,0.9059,1.0
1,94516,94517,2026-07-15 10:40:00,2026-07-15 11:40:00,923.05,930.2422499844866,919.4538750077567,930.2422499844866,3.5961249922433343,0.007791831411610106,0.006791831411610106,2.000000000000007,target,2026-07-15,2026-07-15 10:35:00,2026,2026-07,2026Q3,72.01,70-80,0.81,0.7276,0.5389,0.3428,1.0
-1,95192,95193,2026-07-28 10:45:00,2026-07-28 13:30:00,840.0,845.3436663520155,845.3436663520155,829.3126672959689,5.34366635201552,-0.006361507561923219,-0.007361507561923219,-0.9999999999999917,stop,2026-07-28,2026-07-28 10:40:00,2026,2026-07,2026Q3,77.91,70-80,1.0,0.3172,1.0,0.7526,1.0
1,95424,95425,2026-07-31 11:20:00,2026-07-31 11:20:00,873.55,869.5960298045495,869.5960298045495,881.4579403909007,3.9539701954504074,-0.004526323845744917,-0.005526323845744917,-1.0000000000000078,stop,2026-07-31,2026-07-31 11:15:00,2026,2026-07,2026Q3,93.47,80+,1.0,1.0,1.0,0.4556,1.0
